7e08f26ebf0f330b1793201016aad9735757c32608325dff31cc843f6ccc84ff	.dockerignore
f6f79ee26cbaaee0642840078e771a282ed56f4eaa9ff53b780b2fedc5380006	.env.example
873ee64bb8adbd1ff7a5f96f00950a2e2a0f6022853053bb1887d3ecaf725c13	.github/workflows/ci.yml
f6e4b8dba87674eedf6944185c5e11a0a5742d9f10763db2a0bdfbc3f8b27b0d	.gitignore
195eb2f0dc4bebcf7ccc847ee9744099479701e0cae22465a7d78e75b1262801	.npmrc
236875bb66732495dfedac59fc6e48d6d1bc5343701264e9856fb2d2200b8542	README.md
46a5da18dc76014e4fe35700474f9ec278a8c01c342e087df80d29a885912dc2	V3/ADR-GATEWAY-BASELINE.md
c094c542c3146289107469eaffe6a01ee1043c2afcef20c511266c9bd71dbe6f	V3/ADR-RUNTIME-ASSURANCE-FOUNDATION.md
7f266b1928d9212d18df20f9883920f7e93d254281309f3b63dfe29752d5d348	V3/Evidence/Final-Audit/20260801-remediation/01-candidate-lock.sha256
c6e8eab0a2998220f5267e6e81839277ec4b974e4f4575af7a59375b78cba728	V3/Evidence/Final-Audit/20260801-remediation/02-functional-security-recovery-review.md
7359788b8deda65be6d1f88d3e696e9195193ddb2b98c3d13ba3f1d69a5bb34a	V3/Evidence/Final-Audit/20260801-remediation/03-code-quality-review.md
99e2f78d790b30b5fb673f6f954e80b8b89f1747bd87fd1fe11f30adcd2cdbb9	V3/Evidence/Final-Audit/20260801-remediation/04-evidence-index.md
9fca4ffccd256fcb2bf8edf8f9312c2b6ebc5a775727c422bec5290cf0384336	V3/Evidence/Final-Audit/20260803-pool015028-code-quality-audit-v1.4.md
1cd8157b0fc943f146ae683802d2094d5b638225b52ccb83d37619967dfc7be8	V3/Evidence/Final-Audit/20260803-pool015028-code-quality-candidate-lock.sha256
35e4a5ae9c17860db4c19837f0f0ea7dedc13c7f53d19f8e946d39d688f36447	V3/Evidence/Final-Audit/20260803-pool015028-deployment-evidence.md
fc68cf592c8afddd00979694c758cf00c42c8b3094703557b56fc37a0e470e3e	V3/Evidence/Final-Audit/20260803-pool015028-deployment-manifest.json
a49ca355cd567ae0bb83b571c99730c519db607c4fbe09afe67d7606bf4ffacf	V3/Evidence/Final-Audit/20260803-pool027-hotfix-candidate-lock.sha256
b8655ac047f6c42321bb6034366a10eb5051c51e8fbf68b4bfe6b9e7cab6c8dc	V3/Evidence/Final-Audit/20260803-pool027-hotfix-code-quality-audit-v1.4.md
6cd4b835b7d5c33d78de001ffd3b09cb6562633f79d4fcd16359d53079828e85	V3/Evidence/Final-Audit/20260803-pool027-hotfix-deployment-evidence.md
117c63381c05ecbd532ff589fe4b33de5b927c7d4a1885686b719a5dbb5b861d	V3/Evidence/Final-Audit/20260803-pool027028-business-acceptance.md
bcd4b008ac88766e5c1275b3d77ee561a4dc18dd31265e3c7f4115d5a9fda0fe	V3/Evidence/Final-Audit/20260806-pool033-followup-code-quality-audit-v1.4.md
0b1ec125f876a8dcd4b9953ca4641de0dc04fcca2104efc5a5cb8759596766a8	V3/Evidence/Final-Audit/POOL-039-043-integration-backend-review-20260810.md
91846884e9750321a824aa232d10a4ebe3ef899d7c0cdf2f16b8d07b984cc35d	V3/Evidence/Final-Audit/POOL-039-043-integration-candidate.sha256
374aca151e1e443254a54ffc32fddbbef41b50c750c66a2a4350e70d4381594c	V3/Evidence/Final-Audit/POOL-039-043-integration-fullstack-review-20260810.md
2602d1b03714e78cbc02c97732ecc0918ca1f1c210c41a463bf33f01e56cd529	V3/Evidence/Final-Audit/POOL-043-backend-review-20260809.md
598ecc62244fbe44c51bfaba2c04b536dd56ad9a1e4c43adf920a3fa312a7b24	V3/Evidence/Final-Audit/POOL-043-candidate.sha256
0594df656bfaed3e393987f60afabde793dcd836f6f23d7cfc0102c9b3c3a8c3	V3/Evidence/Final-Audit/POOL-043-web-review-20260809.md
a0f4fdacff8fa1be9301c7d59feef65ea14b1c9293476b462369df3dc92f8d91	V3/Evidence/M1/20260727-1230-m1-audit/README.md
f8e5037d422095b1fa7f4dd5c3546a159a3f1bebfa885fc59b51cdc51a7767fa	V3/Evidence/M1/W01/20260727-1100-baseline/README.md
f4015ceb9b41371eedd7b405d9b2c9caa5f394916b295d34738caec8c23ff108	V3/Evidence/M2/20260727-1430-m2-audit/README.md
e231986f6318225c819f7513c9c95860770dd4fc4776061efd2a6e1e83210bba	V3/Evidence/M3/W09/20260727-1345-w09-audit/README.md
f27fcbb4a66654de77693b6260ce1a90cbdcccf56eb197a24d88f676de43bd70	V3/Evidence/M3/W10/20260727-1423-w10-audit/README.md
4d02e3d54e1fa74cd0f334ae0f19f8b90eb8a998ea5eed4ea85cab94f55485ba	V3/Evidence/M3/W11/20260727-1700-w11-audit/README.md
957ad4d65a8fd31115f0f1d129d3c2e843cdecd5320544788d7aec2b93f6404d	V3/Evidence/M3/W12/20260727-1753-w12-audit/README.md
240b9697e5eec2b0772a7f7ebee87af009c9610a9f287f0b84227c9d04bcffa1	V3/Evidence/M4/W13/20260727-1816-w13-audit/README.md
5ff9cd27726be07aa1f23633d1341f4d77f39baffd09a7b9726220fd90212903	V3/Evidence/M4/W14/20260727-1832-w14-audit/README.md
3481da0cd6a2c8b8f61f0d7c87ab964bae13c6c82b4d0ccc2a9f5021fd13617f	V3/Evidence/M4/W15/20260727-1844-w15-audit/README.md
baf0b4e9cc7a552dee51d2484bbd5a3d5fc429cce6cec7a252d41b2f489d6002	V3/Evidence/M4/W16/20260727-1927-w16-audit/README.md
99235c064ecae65f85ec7e1babe0561a6a4839f12481278207518c5f3ee58520	V3/Evidence/M4/W17/20260727-1935-w17-m4-audit/README.md
cf0b04d4c57c091a2df02ab65c070e844dd10111a5b859710f67825e02389976	V3/Evidence/M4/audit/candidate-lock.json
7ef0c6f3e7865434f0f2cb9c1d95ec5f3de970cd59fcc01ed10a9db0f240d364	V3/Evidence/M5/W19/W19-Evidence-20260728.md
482970a341e143169bea45ead61f1a5cc8983ea773ba23633d47b5e6daa9b21b	V3/Evidence/M5/W20/W20-Evidence-20260728.md
d8f00714153a05070b600621ed5d7d88b26cde6ec50b99f53c2c683a46aa0de6	V3/Evidence/M6/W21-W23-Evidence-20260728.md
92d4c0ce9248d54e7bb9b58560c42a9eda8efdddfb5ea671ec3ca5443eeb6478	V3/Evidence/M7/20260809-pool039/00-index.md
aacc9180e56971427ade4b958be0c90bf452e1effad53decb155182e2c03fbdc	V3/Evidence/M7/20260809-pool039/01-start-manifest.md
570ae0ac4793a2c40a0797b7b7e4e34f14edb682ea04909ac73b95ff1a01b9a4	V3/Evidence/M7/20260809-pool039/02-end-manifest.md
23141ee38fb147536c380ef3e9a25d8d9e4857fa104a4fde3e045990c9aa8e49	V3/Evidence/M7/20260809-pool039/03-test-results.md
7896a3ceb840e9dd2dbff50feb51b574e67a4e1d87ea86f2d72836b6e59d2c5d	V3/Evidence/M7/20260809-pool039/04-review-a.md
c0afa1f72ef8a625262d2b5eae17ebe7f2c8dd75ddc0e53f34dc455721d709c5	V3/Evidence/M7/20260809-pool039/05-review-b.md
7c44fc36bc5b6de4be07092bdf133e165f2c2c9bfb1b564b902eb991db405f58	V3/Evidence/M7/20260809-pool039/stryker-pool039-gateway.json
6afae2b031c5192754f1279a14bb5c308fab3323b0f4a7645048113c314739b8	V3/Evidence/M7/20260809-pool039/stryker-pool039-locks.json
f5730c0b7ad28d8b820349674e31f1e87f72892623655235a0de1a987880ce43	V3/Evidence/M7/20260809-pool039/stryker-pool039-repositories.json
bffab7a7fa4c2a655877dfdc69d4afcb77b6ee2069c8ce31ada6afbd667aad19	V3/Evidence/POOL-013-20260731.md
d1324414f93dd43cb4d85e9536f021ead8f9bc52d80042883eac299ba8c02514	V3/Evidence/POOL-014-20260801.md
7990653d7db815ab128c4421b8492e74d5d4f8e2da6ffe83850fe92a5a3ad151	V3/Evidence/POOL-015-017-20260802.md
0391fef3360b17d01880bdc2d1acd47eaf947c8a7a9ff2e4a7212491c9c43315	V3/Evidence/POOL-018-024-026-027-20260803.md
ac0c7e6667333ee937c9511d0de3f391e7544c1072124c1fb1ed48582f5b7afb	V3/Evidence/POOL-025-20260803.md
adefec316ccc210cc14affe5a0cf0ee4fa27c1d6916767ffda872029f5b4c1e8	V3/Evidence/POOL-028-20260803.md
16a476eee4e334af6a2664c22350ed429c1cd0e6241cb7d970f5691f67a480cb	V3/Evidence/POOL-029-030-integration-20260804.md
9ef80a80eab1547eaf23e04713c28f3f352bc0bc650675f5552a48d2dd13d84b	V3/Evidence/POOL-029-20260804.md
db2c5e02fa06a4dec5977eca95b3d197c3396f2804dbae614ec6de7f7a9dc568	V3/Evidence/POOL-029-candidate-20260804.sha256
914f264d0fdf02e88f12a0c3d3649f35c521291e9699d4f6c5aa659306da8cef	V3/Evidence/POOL-030-20260804.md
378f4714fd41fa94b040289bf0401bb9fce9ba1a79d7693c5fb071f469914758	V3/Evidence/POOL-030-candidate-20260804.sha256
4b517f76ef0f3369189e43c5391cbfd0a6fe01ce43529c617cbfa612cc44a82a	V3/Evidence/POOL-039-043-integration-20260810.md
a24e6ea0e18f83ccf81093b9c72e3ac4694a51fce5d01af971e25dd5f2484ba6	V3/Evidence/POOL-040-041-20260808.md
4067168eb41ea1b71d47588e449b1bf6cfba6c75f21554519a3de3cf9f7a9956	V3/Evidence/POOL-040-041-20260808.sha256
9fe7234408e1a49fe580910e93cf63f5102cdd9d10d885120a809afc6af1cf97	V3/Evidence/POOL-042-20260810.md
d9566fbae460984705d9c0b49cdc3331c39876ab361004688de343437d7ab279	V3/Evidence/POOL-043-20260809.md
f4155d1f32a50be37826afe99b284d6ec8ec5e0691d3b896ebfa69d526269a22	V3/Evidence/POOL-business-acceptance-20260803.md
fc7a3130865e7cee82650e462c8227a4ca0b4b962f959d6bfa18699b330b9d7d	V3/Evidence/Production-Release/20260801-final-release/01-release-candidate.md
54e40ed80567a6627d66f7fb13477e49354004a6e6ba675bb4daa1d632be6300	V3/Evidence/Production-Release/20260801-final-release/02-preflight-access.md
1a72d81c0f43d348b9903733bceb378ec10facfd4f928835fa8492f953e6eded	V3/Evidence/Production-Release/20260801-final-release/03-production-release.md
5839d783b91d07918ac54cac0d6183c630d4dd70e57167aa7c11adba34d775b0	V3/Evidence/Production-Release/20260801-final-release/run-release.sh
34ceb7451c189bad875882635196a9fc35afd02ae95356f70f1ac14da3d8cd10	V3/Evidence/Production-Release/20260804-pool029030/run-release.sh
8a4496496818ab880b63007441afcbb127424feba620f866953e78d979268261	V3/Evidence/Production-Release/20260806-pool033-fix/cleanup-authorization.sh
5ff0b46458808d0db0b2c20d93087768c6663bea2010fbe920f1a66d167c8734	V3/Evidence/Production-Release/20260806-pool033-fix/configure-deepseek-flash-pro.sql
157a8c37e45060f1eef018457ae89b076aa644122cc3c08c4d0ffe08a590797e	V3/Evidence/Production-Release/20260806-pool033-fix/configure-kimi-k3.sql
f79746b08aa8109f3e7d0deffabf8ca87920616465a496ae2ff9400b0da04915	V3/Evidence/Production-Release/20260806-pool033-fix/configure-zhipu-glm.sql
f1945f6e939c1c3893d03bd59167b367b8a638e0a44e57d167914629120ee390	V3/Evidence/Production-Release/20260806-pool033-fix/run-release-fix.sh
33cfa7712fb676c86f5c35a8b7e2cd0349146e0c8c268eb6c594eefa345e80b1	V3/Evidence/Production-Release/20260806-pool033/run-release.sh
4653826a9ce3f638e7388da2a07c9e4cc734d680935d7173c60a8abb886009b7	V3/Evidence/Production-Release/20260807-hotfix413-followup/run-release.sh
58e401d58bf9e8b3009a3c0164acddf72d7a1727290b115a0ef417114165c4ad	V3/Evidence/Production-Release/20260807-hotfix413/run-release.sh
57dbd3d60e55ee38e0844bef6585cd21a5502342ae105fafcf89f990ecbd6310	V3/Evidence/Production-Release/20260808-pool036-ext/run-release.sh
e51fbc04fa16b9e6cac305f67edb6153915668c34bd657a71590814eb911e827	V3/Evidence/Production-Release/20260808-pool036/run-release.sh
dec5b9e227b396014fd661d5bd2de6522f00c3d26a6e17c27c793b31815af349	V3/Evidence/Production-Release/20260808-pool037/run-release.sh
dff56d1107795b67075fd1c1fbdfb6d260bdabff242a3bae6cd93dc54905900c	V3/Evidence/Production-Release/20260808-pool038/run-release.sh
c95f252ac04ee06dfd502844aab3dda0ccc3380ad6d97ad2d81ffb579e482f54	V3/Evidence/Production-Release/20260808-pool040041/run-release.sh
54620cc2b91e1c543b4dba0ed752564319c907df08b0ce47f98a2dac07823204	V3/Evidence/Production-Release/20260810-pool039043-integration/deployment-business-acceptance.md
b61e7f89803fa603320aa1722162f66e1920a5a0a41cc9b159f557c881c02d2e	V3/Evidence/Production-Release/20260810-pool039043-integration/run-release.sh
4d2b0e8f1306b456d5b7d434cc33e3d6839d13fcd647e52a24a6d40c451603d7	V3/Evidence/Production-Release/20260810-pool042/deployment-business-acceptance.md
be8a306c78dc0c7d14fd778a043b752dfd94cff6c01af32cbfcaa6ac083917c4	V3/Evidence/Production-Release/20260811-pool045046-hotfix/deployment-business-acceptance.md
ab3f0fc037f8ff886b98de68b8a45edb0a2a43270fa3ca119dfbbd20b7e8635c	V3/Evidence/Production-Release/20260811-pool045046-hotfix/run-release.sh
d4390568d6a43882b4a25415d2bd5febfff97821d1d8f3b613a08724e60c01a8	V3/Evidence/Runtime-Assurance/RA-W01/20260801-004604-local-baseline-and-schema/01-main-source-baseline.sha256
e7da1680ebcee3835076694ce93ecefc4648c2cf84aa3e1c14d6aa53fc957852	V3/Evidence/Runtime-Assurance/RA-W01/20260801-004604-local-baseline-and-schema/02-main-migration-baseline.sha256
510c83a5e45d744cde0a842f0f4a9a30df0c430b778dcbe69bb74aeff5aa6fe5	V3/Evidence/Runtime-Assurance/RA-W01/20260801-004604-local-baseline-and-schema/03-main-working-tree-status.txt
0cb1550ebb968fdea34a88db639dd0a5a439b188908397400f2a44b98cb96840	V3/Evidence/Runtime-Assurance/RA-W01/20260801-004604-local-baseline-and-schema/04-source-candidate.sha256
dce1dd250443a4627f1310497faa571c2d5afc7fe98f1e2ec5997e203f950e37	V3/Evidence/Runtime-Assurance/RA-W01/20260801-004604-local-baseline-and-schema/05-current-migrations.sha256
a82346893da15e5f1e7416f4be9e552ee7504111c84a671177fa18feafe04d19	V3/Evidence/Runtime-Assurance/RA-W01/20260801-004604-local-baseline-and-schema/06-current-source.sha256
6565a8d5c0a59a044ada34a7f0fbfd56f87d6969a79a454706bccabbbd64bede	V3/Evidence/Runtime-Assurance/RA-W01/20260801-004604-local-baseline-and-schema/07-final-working-tree-status.txt
c8ca15251282ad9aa60ae6f69b1c7331b94f478dc84c068bfbbf038dc6fb6fc0	V3/Evidence/Runtime-Assurance/RA-W01/20260801-004604-local-baseline-and-schema/08-schema-fingerprint.txt
4c924672642ea5dbcd2b86319504495eb8b50b03b2cfded24e59e6fc34e3bc07	V3/Evidence/Runtime-Assurance/RA-W01/20260801-004604-local-baseline-and-schema/09-test-results.md
ffb9fdac78e2be89d9a65fbd4615e6511d728059720df4869ce75b10c4fd9f28	V3/Evidence/Runtime-Assurance/RA-W01/20260801-004604-local-baseline-and-schema/10-secret-scan.txt
4e003a814fc41512592828a15cdf99bb83560804ed940edb80d8bd371ec15a36	V3/Evidence/Runtime-Assurance/RA-W01/20260801-004604-local-baseline-and-schema/README.md
c1883614a71af96c15ef9ccd1d623492f6b755c97529e1601b7bf4858be47f32	V3/Evidence/Runtime-Assurance/RA-W02/20260801-084928-people-and-owner/README.md
3b0c436fa6033dbc5addd730974d4c830d3299cbf0617b5dc05b1650b9b0b7c4	V3/Evidence/Runtime-Assurance/RA-W03/20260801-084928-rule-domain/README.md
b62d6842d13282bbf68d3f8f4a1a097778735a87ed6a0dc4a4d94e0b1069fbcd	V3/Evidence/Runtime-Assurance/RA-W04/20260801-084928-gateway-vertical/README.md
4723ffe8efb9358ed98e6420f8294ac4bd658d91bad13d8e88a0068dd9d69258	V3/Evidence/Runtime-Assurance/RA-W05A/20260801-084928-persistent-scheduler/README.md
14fd24ba8f22bd1ec00916e3308b1e4727dcbde6fd9f01918422621c07166cf3	V3/Evidence/Runtime-Assurance/RA-W05B/20260801-084928-event-jobs/README.md
7a331106f4e1efa410cf64283d43e00a4f010b2460d5b26f5391335b9b6b053e	V3/Evidence/Runtime-Assurance/RA-W06/20260801-084928-wecom-direct/README.md
cfda54447f0ddd711459fe710648e47c6cd4c1716ccb878bcdbbcd50d7ee9384	V3/Evidence/Runtime-Assurance/RA-W06/20260801-141000-signal-dictionary-review-fix/README.md
130b243197aaf5797f211912148e95c3c0d30b02d9915f292d06ebbc3fa6c9f7	V3/Evidence/Runtime-Assurance/RA-W07/20260801-084928-web-module/README.md
e9e6bd5f8274315bfbb79ae461e6965b053e87d4da9a5461c43535ab6ab8d44c	V3/Evidence/Runtime-Assurance/RA-W07/20260801-084928-web-module/runtime-assurance-alerts.png
c08604d69b2822367da4f1a9c880c4bca1ea5c303ffd820782b29411a9943e2c	V3/Evidence/Runtime-Assurance/RA-W08/20260801-084928-local-release-candidate/README.md
34b3e24be0a48194a36af63bfc0029f76257c992470799fb6408107520bd65ab	V3/Evidence/Runtime-Assurance/RA-W08/20260801-084928-local-release-candidate/test-results.md
8b6cc993db7f0a3c3d1cc509d29a35dd515640bc3727bc420e456acf55b6aad9	V3/Handoff/M3-W09-to-W10-20260727.md
d58bccbe3ac22e1103a42557deb503421f11fe979790b1be8bd120b7556d2712	V3/Handoff/M3-W10-to-W11-20260727.md
ae693da1ea9b06a4763bc6df01a2c6488218ae7b17988b36468763d2df651309	V3/Handoff/M3-W11-to-W12-20260727.md
e652162612e65334f9173ca295a2b195b988b96c2972bb181f67f366b34c44e9	V3/Handoff/M3-W12-to-W13-20260727.md
db4b5b58f832e3e58b70d0e406d96fe464e24a772213b53769a2e9394b1d9bef	V3/Handoff/M4-W15-to-W16-20260727.md
c990c98d4707a7164d3a6ebd1ff7cf5b137ff1664267294b3cc06ced02aee749	V3/Handoff/M4-W17-to-M5-W18-20260727.md
a26a18f5221d788f1c22b61dbd6a6fe3d939c9c376641710c93ce33c30c7c938	V3/Planning-Change-Log.md
8c8f0c3fee31ad1655f06639cfa3aea24298776368a37f5fe1f49b7e77803c89	V3/PoC/bench-100.mjs
dc63224eb27f102da11d3aa1848a0cfa31a13e5d37dce9af550b426ef7a86ece	V3/PoC/gateway-spike.mjs
13d2d5b2a5d78467a0cb1a9c16888ff466b90eb2b50a88b318b152c3ea188876	V3/PoC/gateway-spike.test.mjs
f826b7303b610a34021e572ead3d6f5175d0f9f683763b1820c4b438638070aa	V3/PoC/persistent-gateway/.env.example
35e56cfde926cea4df3718b4e888c813efae81f65236ca051eea13567f8ad6f6	V3/PoC/persistent-gateway/.gitignore
f2bc23a992b9a990ffa50d860296729362ebaec5048fa05326bb7e66685ef0e5	V3/PoC/persistent-gateway/docker-compose.yml
c78c5b32063ab065ceda8754f40731c0f87925a9a3abe5b0811e58deb7ac2e68	V3/PoC/persistent-gateway/package.json
8081735b2edfa199132185f37bef09909541fa6d94a585315f85980ebb58c1b2	V3/PoC/persistent-gateway/pnpm-lock.yaml
c0652eb25cda3ba37c634df9cb58496d296f36a7cd8590f987881c9515b0b45f	V3/PoC/persistent-gateway/schema.sql
a7e62da5106017cdc6cc890348bdcd0ef9bccec458b969419d1719af3afd8e15	V3/PoC/persistent-gateway/src/app.mjs
98554693991d7dd2369e4e95644cc7521abdb893d33cb6ce39b33d624a7eb072	V3/PoC/persistent-gateway/src/observability.mjs
b085998560eef4bc6226cb02b529ada0c63447248775af5442d751548d56557e	V3/PoC/persistent-gateway/src/persistence.mjs
78285400227726d75ec88d04c2f7507a53ea6cd404187c677311bbe6de1cb18e	V3/PoC/persistent-gateway/src/provider-secrets.mjs
6ae79fe90c8e71ce59f43e3733eac4206ba5094478bf2092d93f03e0316141da	V3/PoC/persistent-gateway/src/server.mjs
26608169eed097ddad4abed07fafc3acc376e8f054d859918612e1d1ac32c24e	V3/PoC/persistent-gateway/test/integration.test.mjs
7e4f56003ff27099c88202d4037746aaac2a1992007164048ededbe73ba76164	V3/PoC/run-poc03.mjs
4855de2d974cc210f703c8f93cdbe2bc6c77d80d955e3d3b8aeea006a7bca97b	V3/tools/candidate_lock.py
1d0fdb8c2306fe3af65b54c2739e6d2cec030846c770f464cabed561907e84b0	V3/tools/kimi_usage_snapshot.mjs
c9bfbb4cfe8f5ab6c33bad923a5bfd7fee11abe3d09bc518f216f5e30efbfb44	V3/tools/render-stage01-progress.rb
364aefd9fa1b9ee0a5f4a918639b9d048c797ca038f4399be8ee253f81bd95d5	V3/tools/render-stage02-progress.rb
a138bc61ff6ab81ef74fa545704ccaf6f65d0143247cee596f1b52dd969d540f	V4/Evidence/AUGUST-OVERVIEW-20260907/README.md
0a195e33527d5885a23794fa4368cd8bf783beb3ca83017d32c6d9c6c81b904b	V4/Evidence/AUGUST-OVERVIEW-20260907/build.log
bf8be54071a33d34deebc9f5dac96aa032287a327719d737f107439b3e66472c	V4/Evidence/AUGUST-OVERVIEW-20260907/candidate.json
8dde4c44dd5a4d333ed8ed32c5280128ef107ef133040fd7b001bd431d22dfcf	V4/Evidence/AUGUST-OVERVIEW-20260907/database-final.log
f7138aaa8dd600de171a2619e9f65a5237a3f79973b578c788e5eebb9603b5e6	V4/Evidence/AUGUST-OVERVIEW-20260907/web.log
119aca38be66f346a9f19ad8f7dc855376ab8010aa06212e2c4288128c9a8712	V4/Evidence/COMBINED-RELEASE-20260907/README.md
408c5a224be7d5d6489f14ba16344d840c08e6ec79e697627be6760d18d5427a	V4/Evidence/COMBINED-RELEASE-20260907/adapters.log
e0134fcc56d8ee3024df66d187e45884946ce645bd1bfad9b37812fbd2416f5c	V4/Evidence/COMBINED-RELEASE-20260907/build.log
c6efe5489f97298526e26b35f17ace2b6e5c9a6bfe805a8ff0c59f711a691ed9	V4/Evidence/COMBINED-RELEASE-20260907/control-api.log
628f86a7b302dd06ed94007469ea800ab52fdf018e0c4995fa307b8d0acbd58c	V4/Evidence/COMBINED-RELEASE-20260907/database.log
704dfaaf681971d127a06122b9de1ab588cf221dc42ba4fee4cf3952e3462de4	V4/Evidence/COMBINED-RELEASE-20260907/gateway.log
882983fe31d3a0c6e535e0b13da65eee0540be4247c85a577ab5b7e41ed02b4d	V4/Evidence/COMBINED-RELEASE-20260907/integration-results.json
3907ce2eeeaab2a255879ff378a25ea530c3ba22c23a24ae8f3368ceede4ee2a	V4/Evidence/COMBINED-RELEASE-20260907/merge-check.json
4e593fe732a6e405dc336911657664ccac30481580ea02a994df205aaa845091	V4/Evidence/COMBINED-RELEASE-20260907/mismatched-source-check.json
6b89c80d513fc004b80a7d6d05bb9042df075b6912e02c6c3ca7be4b367606bc	V4/Evidence/COMBINED-RELEASE-20260907/production-receipt.json
40fc86fc1016d19bb0ad3624c2a9d9af32464c3e149c5de833994c6cb8a4a237	V4/Evidence/COMBINED-RELEASE-20260907/raw-logs.json.gz
f2939fea1f365ab30608823eb4a46b3fd25daa7dc4e627eea070ab1b3a5f1853	V4/Evidence/COMBINED-RELEASE-20260907/release-check.json
433c7052c7cdc7cda94ea83f8c566ddc4e7a09a9e889c7de3d544af2d945bed7	V4/Evidence/COMBINED-RELEASE-20260907/release-paths.txt
e9f5fc2275f7efad50a8f89dcb152c17955175cc5ec49d0e625e91e4111e311e	V4/Evidence/COMBINED-RELEASE-20260907/test-summary.json
f8fe5ac3b8e4a9cedf9a57134f241aa8208d20df1fdb96b4a9249ef2f94b611e	V4/Evidence/COMBINED-RELEASE-20260907/typecheck.json
e9516142672075431d4732cc1bba227e15a7fe36c307da7e62925bda8524ee40	V4/Evidence/COMBINED-RELEASE-20260907/web.log
71b5284a78e4bb314cbe4694a0594248fd627743fb850dba9b2bcb5b4c545d5f	V4/Evidence/CREDENTIAL-CHAT-RECOVERY-20260910/I1-api-after.log
8e325d736cba7278e80cd9d132986962fcf67b4c8030992e84cc0ab8b21e0edc	V4/Evidence/CREDENTIAL-CHAT-RECOVERY-20260910/I1-api-before.log
3524094555e861f44b317a128b6b4c5d881186f8a22638b11d84d493203e1f92	V4/Evidence/CREDENTIAL-CHAT-RECOVERY-20260910/I1-candidate-lock.json
509786083a16982d5fbc48d2e761cb4d2dd4dd9f2fd70139e7989ba1843ffc1b	V4/Evidence/CREDENTIAL-CHAT-RECOVERY-20260910/I1-review.md
c9e2643bfb23c81304e9dd209158bb1971fd5d9d78dc5cd4e97532f88af803ed	V4/Evidence/CREDENTIAL-CHAT-RECOVERY-20260910/I1-web-after.log
1186e1193ae7abc679efa9638f8acf02363df9029f43c712c59b43d27da6fcdb	V4/Evidence/CREDENTIAL-CHAT-RECOVERY-20260910/I1-web-before.log
c3d2273ea590f38600150466c1e0dc7faa27e396dd9bd72a11ee22e7d7a5618a	V4/Evidence/CREDENTIAL-CHAT-RECOVERY-20260910/README.md
986f82796e7c2ea6fe5748ffff7bbe9d1d8f0265ff55f6afb339bd739d203094	V4/Evidence/EXCEPTION-CENTER-FAULTS-20260908/THREE-FIXES-20260909.md
3ab91759fae2fe44bd5e0d503ce5c32c9a639659798a5210948722de30b4b9c6	V4/Evidence/EXCEPTION-CENTER-RELEASE-20260909/README.md
76fd5e0712da5ef27df4807ed26197f11bba501ebadcd6e50a76272fa4ecf88d	V4/Evidence/EXCEPTION-CENTER-RELEASE-20260909/script-rehearsal.json
94eeff3f22196f87b34ec22e31db32a983a4d55896c67050d42858e64552370b	V4/Evidence/FINANCE-ENTRY-20260907/README.md
95786bdb3c2759673b68609dc42c00a5798c258ed63d83dffa9488e91f1d04f8	V4/Evidence/FINANCE-ENTRY-20260907/api-final.log
71ad7dd673777db4c3854f59f1e0a696ed5b64c332455ef3cc199f97e13c8f01	V4/Evidence/FINANCE-ENTRY-20260907/build.log
61fde55d88d356fa2e10c35512ceb1268572ed5ec02d740b9e821186c31192a6	V4/Evidence/FINANCE-ENTRY-20260907/candidate.json
8a14e9e3ca4cbba5b7d242a567781d69535aa1456fd6fa16fbc37a9710142c64	V4/Evidence/FINANCE-ENTRY-20260907/database.log
7c98032e2d5f2133abd0492f2f6b488db0d72359368adf8f33281c435fe36612	V4/Evidence/FINANCE-ENTRY-20260907/web.log
8deb82d9811b8146f137bb512054655424eb83e1edfc6dd4904367c8911e865e	V4/Evidence/FINANCE-ENTRY-RELEASE-20260907/README.md
db05831feb4a582172829b0bc65ea53d3e7b24573c2f48fc6e4421a5dc2eca52	V4/Evidence/FINANCE-ENTRY-RELEASE-20260907/production-receipt.json
3314a882c47afb6564f24f487e9b7cf5fecfb315d9cfe5264546b04579477ca6	V4/Evidence/HOME-STANDARD-20260910/C1/baseline.md
b9da608eaac8d9cd39b0cfd2a3b98d76bca197cc8520a71c808b039af6c54389	V4/Evidence/HOME-STANDARD-20260910/C1/candidate-new-files.sha256
0d1897cac230b5cb082d253ecf1dd72c2c761252b16875cbfa8e68f5aee6adc0	V4/Evidence/HOME-STANDARD-20260910/C1/candidate-tracked.patch
9450265444c49bd24051791f5e925d1a4b5fbeb1a91c5591955d7573db8147e7	V4/Evidence/HOME-STANDARD-20260910/C1/contract.md
62d662bdd4fd6fe71d5ee559f807dd935a7338aa338163a5b3956b1314de0827	V4/Evidence/HOME-STANDARD-20260910/C1/handoff.md
b71f81f211c470780a2a30f5d1b5e8de6ae645e2c6082eabad5367296a38b9c9	V4/Evidence/HOME-STANDARD-20260910/C1/screenshots/home-dark-1024.png
8b9f6ce6189289cdc164538450ec051454e88e11b3cd337df6fc6db2afe579ae	V4/Evidence/HOME-STANDARD-20260910/C1/screenshots/home-dark-1440.png
9c559ad6fe0ef35a479ada773a5ff2459da1d0db7960cb9effbdd88fc4a2901b	V4/Evidence/HOME-STANDARD-20260910/C1/screenshots/home-light-1024.png
e90ca601b9f94dcec1f0d67aa2575a94ba1d72d683c4d86d66bc0ede255bd214	V4/Evidence/HOME-STANDARD-20260910/C1/screenshots/home-light-1440.png
5869d9514f9f2ed1e65cbe5b1d5c1d5e02818f9dc0ed8bcc3a5660631d08ebea	V4/Evidence/HOME-STANDARD-20260910/C1/screenshots/jump1-resources-usage-overview.png
c6ddd877a60e5a182e02ae87c72f31b06ca401dc79bda66f313381d491109262	V4/Evidence/HOME-STANDARD-20260910/C1/screenshots/jump2-operating-bill-overview.png
81df74eb63b49a6b6765fd8db290884248f5714f164735e1f58e4fc91f1a12ad	V4/Evidence/HOME-STANDARD-20260910/C1/screenshots/jump3-usage-overview.png
05692229e531fa16115919f66115fbf4705ac4bf0104ed38e5b218a71babd516	V4/Evidence/HOME-STANDARD-20260910/C1/screenshots/jump4-operating-bill-projects.png
c6ca7a7a4da2fccfca3c8420b2d6d56d3bd5e48108fba98dc99395a9bd435245	V4/Evidence/HOME-STANDARD-20260910/C1/screenshots/jump5-resources-supply-health.png
895c438e99ef80f51d8673570aa8c74d2650cfc03ccd7b60623dd720bcd723bc	V4/Evidence/HOME-STANDARD-20260910/C1/validation.md
715f60d9b6170a5cd82f3ac3178e694d7462b5b4266b70214fc14e5c7b0a4aeb	V4/Evidence/HOME-STANDARD-20260910/C2/candidate-new-files.sha256
c1f9bd3ad326f909a05e31fa87a465d1ac9d6cae0d7ee800da199d02a523b5a2	V4/Evidence/HOME-STANDARD-20260910/C2/candidate-tracked.patch
d5c1286b59124f4d652501e5fb4bb507c979b245837f1e470965affa9ffade5f	V4/Evidence/HOME-STANDARD-20260910/C2/handoff.md
8e57bb4043f151ccca2bce90332075109fcb34d3f79b4b1802309ade0b8fdcdb	V4/Evidence/HOME-STANDARD-20260910/C2/screenshots/home-dark-1024.png
2fcc5359ce47eb1b9714c152880fdb10d1d1b3204cebdd8a8163031057e413b9	V4/Evidence/HOME-STANDARD-20260910/C2/screenshots/home-dark-1440.png
84942707aa01a3eccbfc590e2a7c4dd2a6fa8462fc6c5d19757d3d2f076b1369	V4/Evidence/HOME-STANDARD-20260910/C2/screenshots/home-light-1024.png
9fdaafc9d4735d5c912d52f9586aa7b1344fb0cbcbb3e9653c7573bb5fc3801a	V4/Evidence/HOME-STANDARD-20260910/C2/screenshots/home-light-1440.png
a5c31192d2b592222ae6afa9e3cde578cc5856f615cd68ced252b277b437aa06	V4/Evidence/HOME-STANDARD-20260910/C2/validation.md
90dc1b20a7027d1e861af18805160cb8c813d80b4608b78b3cc33aaf15d4dca8	V4/Evidence/HOME-STANDARD-20260910/C3/candidate-new-files.sha256
97bc6b57bb435bf5229a01fe376d075b696d4c273441cd69ecce52d17ccd5dff	V4/Evidence/HOME-STANDARD-20260910/C3/candidate-tracked.patch
68d5dedb8b04398d937c1f5bd043ff25ba1c5db60002a7517576c00c63b6fc4c	V4/Evidence/HOME-STANDARD-20260910/C3/handoff.md
c592b4788207a475afbf2041d0dc44bdb678da95d7f7d115c411b34dad0c746e	V4/Evidence/HOME-STANDARD-20260910/C3/validation.md
1aa61b002f2bc93f33c482ee7582568bc1f6700af067004a83842aa2cc1aaf00	V4/Evidence/HOME-STANDARD-20260910/C4/candidate-new-files.sha256
f9549068868d88fe7260774a6d7f119ffebca1f800e18e6d1eaf39f486e3855d	V4/Evidence/HOME-STANDARD-20260910/C4/candidate-tracked.patch
ca269ec00667f908e384feaee89b05ebaa7b30012b755eb295d151ce3be1c051	V4/Evidence/HOME-STANDARD-20260910/C4/handoff.md
6148a7a13ac2e19e4c56dc6ee87abbfa0ad6f6ea5a7dd4c9c9975c7cee6b996f	V4/Evidence/HOME-STANDARD-20260910/C4/mutation/stryker.home-model.config.json
00d0b80450d1d3e0ada3ba7de01828bd4f37a9c4eca3def3c91bbfe6e2916903	V4/Evidence/HOME-STANDARD-20260910/C4/mutation/vitest.home-model-mutation.config.ts
2d5865204f68ae0ec16beeaf25ead8c2dbf2a38d33010b0a97c878fada3295fa	V4/Evidence/HOME-STANDARD-20260910/C5/candidate-new-files.sha256
f9549068868d88fe7260774a6d7f119ffebca1f800e18e6d1eaf39f486e3855d	V4/Evidence/HOME-STANDARD-20260910/C5/candidate-tracked.patch
dcd3d55c14205288004128532b7940b043c2b9b784c882298d5986d9099df0c1	V4/Evidence/HOME-STANDARD-20260910/C5/handoff.md
22a64b163bc4bff964bc1ad02754b4a7a282fdd14b1764600cef0dec1efb3dec	V4/Evidence/HOME-STANDARD-20260910/C5/mutation/stryker.home-model.config.json
4d0e5dd848cadc234295abffbb39d2b3c710eae156ccc0645b6dbac0fff3c273	V4/Evidence/HOME-STANDARD-20260910/C5/mutation/vitest.home-model-mutation.config.ts
c7dafcfc8b7866b3513afce12e8ce0dcf0a9ab9b500abe477c8f2562278ff95c	V4/Evidence/HOME-STANDARD-20260910/C5/validation.md
6ca27432c9dc5456a0c2f7865d76cd61bbc6f74e5a47c481a322da8d50fbd049	V4/Evidence/HOME-STANDARD-20260910/R01/Dashboard.audit-r01.test.tsx.txt
4675716c1f8d5dc353cb33229843c5aa9ee73a39c54fdd51b0bf7becc3b20a8d	V4/Evidence/HOME-STANDARD-20260910/R01/browser-repro.cjs
e3bcf3a8d037beafda70397568a571649dda884e5878f599ca7d7b3b5f7833c8	V4/Evidence/HOME-STANDARD-20260910/R01/browser-results.json
720cb3795589da49d367c8e726dedb446c68105e2506e9c3eacc1128fc62e4ea	V4/Evidence/HOME-STANDARD-20260910/R01/dark-1440.png
f8608a187f2487b600f8f54f117004c3fd2611f6c665ad7f1c55e6e70d1476c8	V4/Evidence/HOME-STANDARD-20260910/R01/multicurrency-1440.png
f350188da1953cb5937ef072a6481afbcc8a328c770382733d9b318b03b454fb	V4/Evidence/HOME-STANDARD-20260910/R01/provider-stale-repro.cjs
90984e5465b996eb9ce51342ef35a8d0b753081d5f248be5dcdd3bb5163fdbe6	V4/Evidence/HOME-STANDARD-20260910/R01/provider-stale-repro.json
0787d12a33cd44256760294b9845ac391ce58c799899a732da5587071b863ace	V4/Evidence/HOME-STANDARD-20260910/R01/review.md
e41510f4322625d25b5735c46182baf1f290e9305a7e03668027c4d8405c7cf8	V4/Evidence/HOME-STANDARD-20260910/R02/browser-repro.cjs
344d297ac43200a6d55fa69bae74a76fd8b66d84c6945deed78e66308d95419f	V4/Evidence/HOME-STANDARD-20260910/R02/browser-results.json
ace12a822fb2c535d963866b30608019778fcca90700eb4e368ae4b4ece8574b	V4/Evidence/HOME-STANDARD-20260910/R02/candidate-check.json
f75ed749fcf6efcc3ad0ee6a24bbc21f48c8abf813a99eae6df1830d32a9ded2	V4/Evidence/HOME-STANDARD-20260910/R02/dark-1024.png
ce6efc7d18c95d861d5cf27b324cfac321f0201aefa9267c1af9349135670061	V4/Evidence/HOME-STANDARD-20260910/R02/dark-1440.png
cc534cde867c4da49278899ab79b9eca21ea8716bdc32c89a707f0a17d4eb03c	V4/Evidence/HOME-STANDARD-20260910/R02/multicurrency-1440.png
28dca9759a8c5e83c40361e4cbd55564fa1b6589ebe23b78a6b82a2d2bd640e4	V4/Evidence/HOME-STANDARD-20260910/R02/review.md
4c8bd3add33b0ef470d8524d937ff5f7b82fe920a6489559a0eb9485051404ed	V4/Evidence/HOME-STANDARD-20260910/R03/candidate.json
ff04c62712a692f17c03cfc719e3ddadfb2116a87a60de031e1a5a9174ab06b1	V4/Evidence/HOME-STANDARD-20260910/R03/review.md
61d4ab2c3b87a5b41367edff251547e9d09e4e5b883b28e6e58e398f17865567	V4/Evidence/HOME-STANDARD-20260910/R04/candidate.json
1f7752003e5f83aaa3acb903c3d0436958a454d16b19c61a16c1684860c0a805	V4/Evidence/HOME-STANDARD-20260910/R04/review.md
4a3f00959c08fd8e451cb07b56dc9f66ca97dc9077b6587b8c83ad26eae0c716	V4/Evidence/HOME-STANDARD-20260910/R04/survivor-repro.cjs
9b29bacd305f98bc3add239b4b1478396f7ad84a1262bf292f5525eca2e0aae6	V4/Evidence/HOME-STANDARD-20260910/R04/survivor-repro.json
61d4ab2c3b87a5b41367edff251547e9d09e4e5b883b28e6e58e398f17865567	V4/Evidence/HOME-STANDARD-20260910/R05/candidate.json
0ad4ffc94e5259310918c51148adcda3751e51da0cf9dc225377ee934fdb0742	V4/Evidence/HOME-STANDARD-20260910/R05/review.md
cc28f0e9d1c5c50c38d9ebf8dc3e193c399dd37d9771f8c60b0c2befa5c66171	V4/Evidence/HOME-STANDARD-20260910/V14-C2/candidate-lock-check.txt
f37ac3ec15ba6f95170b67d894f94de27630f949efcb7e1d87dfa9b5f159cbdc	V4/Evidence/HOME-STANDARD-20260910/V14-C2/coverage-db/coverage-final.json
60dba066250ad5268862b5acd88a4ae4b0335154982c3a1981c2657d45f3d005	V4/Evidence/HOME-STANDARD-20260910/V14-C2/coverage-web/coverage-final.json
ed9b6003ef6d0573d43fccef6a52c5967e7c45b57e7c51fce74c2dc42bd5058b	V4/Evidence/HOME-STANDARD-20260910/V14-C2/mutation/reports-home-c2.json
a14546fccc1281cc0f90751ded020710b2c653b514cff8a801a39ede9359173c	V4/Evidence/HOME-STANDARD-20260910/V14-C2/mutation/stryker.home-c2.config.json
31eb0f4cf519e363e737f7840a90a9fcaf416f259ca44a19ad9364cebaaf0301	V4/Evidence/HOME-STANDARD-20260910/V14-C2/mutation/vitest.home-c2-mutation.config.ts
7605d8127a7a820becb68981b1de4c91281e3298204f95fe71d17ff0e1536071	V4/Evidence/HOME-STANDARD-20260910/V14-C2/report.md
fa1bba2ca47080e756623f1e36be7bb8608917e80a070c088922932c920718e3	V4/Evidence/HOME-STANDARD-20260910/V14-C4/report.md
24e7bf53ac89369d01a293d378e57b1763a68d5dd0ea3488219c4d4389100441	V4/Evidence/HOME-STANDARD-20260910/V14-C5/report.md
8b0737de7d10acce698398a5978049d2bb9c56173c807ff3d15cd805c59e7e87	V4/Evidence/HOME-STANDARD-RELEASE-20260910/integration.md
5f5619eee4b5ba047b4271fd7a26665e85ce701f2f6f64eb20cd88ba67276a06	V4/Evidence/M20-0/W20-01/20260812-2218-baseline-verification/01-git-runtime-baseline.md
c07f5cf0c3975952e8d24093747d2c7037d5b085a9fbd3baeb9883c352df54ed	V4/Evidence/M20-0/W20-01/20260812-2218-baseline-verification/02-migration-test-inventory.md
a7d68d3082f2bc67b3318b797179311efaae7b03462467ee6de80701c70b3ce3	V4/Evidence/M20-0/W20-01/20260812-2218-baseline-verification/03-v1-regression-checklist.md
8f75362dc178308aba9809905d30dd39993c56f26fae1cddfb5b693306a9310b	V4/Evidence/M20-0/W20-01/20260812-2218-baseline-verification/05-test-execution.md
2ed81d92c07d1ba5370b3c67cd591c06f72f68d6a8cf60b2071bee0bbdccf693	V4/Evidence/M20-0/W20-01/20260812-2218-baseline-verification/E-W20-01.md
069b8e16cbd7b5e7bb5a887e1a8f45cfc74880cfed90aa5c24a80214d5de15d7	V4/Evidence/M20-0/W20-01/20260812-2218-baseline-verification/PC-20260812-04-proposal.md
d987a0417baa29940da4d24fb5d190f728df10505abbaa76071ca850d260d63a	V4/Evidence/M20-0/W20-01/20260812-2218-baseline-verification/candidate-files.sha256
85363d72505041889f662f8537d1fd039d2ecc68a093560b475149b43e62c23c	V4/Evidence/M20-0/W20-01/20260812-2218-baseline-verification/candidate-lock.json
00c15ace11f253be7ca52a2ffd9d1bff2c2d2131c35c72be6df0282703df02d7	V4/Evidence/M20-0/W20-01/20260812-2218-baseline-verification/fixture-contract.yaml
4a892b33e6444664c2df7504e535785916d81f650ce50f53886c913e67a8c060	V4/Evidence/M20-0/W20-01/20260812-2218-baseline-verification/state-delta.yaml
a5986e1bb7feac504a66f13ffae481a20dbe6a59d925a54082141e1ed7596243	V4/Evidence/M20-0/W20-01/20260812-2255-final-bounded-vitest/bounded-test-result.json
453f7c728d5632a6912b6f66c54d4ac9d6a3c7bcccdb3d4c168b987104381f5e	V4/Evidence/M20-0/W20-01/20260812-2255-final-bounded-vitest/end-time.txt
9a271f2a916b0b6ee6cecb2426f0b3206ef074578be55d9bc94f6f3fe3ab86aa	V4/Evidence/M20-0/W20-01/20260812-2255-final-bounded-vitest/exit-code.txt
6ae3bf1200fa2346a6b1323a5ac030868de25984a96f2a9a5e97b76b84bc41b3	V4/Evidence/M20-0/W20-01/20260812-2255-final-bounded-vitest/git-status-after.txt
6ae3bf1200fa2346a6b1323a5ac030868de25984a96f2a9a5e97b76b84bc41b3	V4/Evidence/M20-0/W20-01/20260812-2255-final-bounded-vitest/git-status-before.txt
e6db46087d58337822fd688835861d9bf7059a65e4c27f8c8a19726f72697b35	V4/Evidence/M20-0/W20-01/20260812-2255-final-bounded-vitest/start-time.txt
e3b0c44298fc1c149afbf4c8996fb92427ae41e4649b934ca495991b7852b855	V4/Evidence/M20-0/W20-01/20260812-2255-final-bounded-vitest/testcontainers-after.txt
e3b0c44298fc1c149afbf4c8996fb92427ae41e4649b934ca495991b7852b855	V4/Evidence/M20-0/W20-01/20260812-2255-final-bounded-vitest/testcontainers-before.txt
08ddebd4d5dfcaad4daf842540d70d58175b431a102673763680b24c71c52455	V4/Evidence/M20-0/W20-01/20260812-2318-final-e2e/playwright-report-rerun/index.html
91d1c43004802cd49950d78eb11c8fa7d05da8ffffe219a8b13b2f561bc00903	V4/Evidence/M20-0/W20-01/20260812-2318-final-e2e/test-results-rerun/.last-run.json
e7467ec699ed0087b2ac951e78ea47656458ab53d43ad39401af9933e2d2fdf7	V4/Evidence/M20-1/W20-02/20260813-0336-directory-import/E-W20-02.md
67972b6e94aee565acdf899c8a944ad87a105406e1d5dfd6a1cce8bcf0f6e79e	V4/Evidence/M20-1/W20-03/20260813-0336-principal-linkage/E-W20-03.md
98ffb787bd284e2cc65a6a56d705bfb33c27d3c7ae1a29d17d676729395479d8	V4/Evidence/M20-2/W20-04/20260813-0336-usage-aggregate/E-W20-04.md
02b36c681fb387bd83ffe508219b0b763ef92077a96e15bc17ef87ba1cf8a8a5	V4/Evidence/M20-2/W20-05/20260813-0336-usage-integration/E-W20-05.md
44984230d1e60ba1dbb4f1c569c3064e00f001af54a6324afc14da53fd319217	V4/Evidence/M20-3/W20-06/20260813-0341-department-budget/E-W20-06.md
179d979ce54878ef9dd0ad2f9b71548c0eca4b7d2e315fd92f8ab422d94a2d33	V4/Evidence/M20-3/W20-07/20260813-0341-cost-attribution/E-W20-07.md
b6f164bbb2926a90694ab07265d1e68a88b4179d74aa5f11d84a61f17f2b6124	V4/Evidence/M20-4/W20-08/20260813-0341-resource-utilization/E-W20-08.md
7ce0d8f7558b7249496562c4c8365035670520f2313f2123aa40bce0d9540cd4	V4/Evidence/M20-4/W20-09/20260813-0341-procurement-review/E-W20-09.md
11c656c16f7ff100f85099d137ffb91fc7c6c2e41c6c6c0b009ef066c4ffaf6c	V4/Evidence/M20-5/W20-10/20260813-0337-final-candidate-verification/E-W20-10.md
67b56163c048bf7e7f54db321201134b644b310a9bf6cfd539114e26ef353480	V4/Evidence/M20-5/W20-10/20260813-0337-final-candidate-verification/candidate-lock.draft.json
c88be6dff2aca5dfcdb3ff74a9cf5ba080d0c70f684531432154197cc689016d	V4/Evidence/M20-5/W20-11/20260819-v1.4-final-audit/README.md
09a62d58ea533513a54ed3f262f18d0dc12f928c046a3a2f1d4607600c2f6d1c	V4/Evidence/M20-5/W20-11/20260819-v1.4-final-audit/candidate-lock.json
8e377507790d6bf3a86936bec5b0d011ef6575599015ab8c237e8f14ce4554f3	V4/Evidence/M20-5/W20-12/20260819-v2.2-test-fixes/README.md
33422cb566fe1f2502ab1de9b89e3db029d62946ea901f7ca6e62eaa1f7e4726	V4/Evidence/M20-5/W20-13/20260820-v2.1-test-fixes-r2/README.md
86a149de9b9dce04c971c605e40ba977973eff9f61fcd68f3988df8cfd547d77	V4/Evidence/M20-5/W20-14/20260821-pool048/README.md
2c2447a334a0cffe8e34862c0645f31f792d1c5c1833c27a7dd833e31bf5980b	V4/Evidence/Model-Discovery/20260825-baseline.md
2a33f3d96383c46481e9d7d1793acf8aa47f8fc20420a82bae9a783d7c95e2cf	V4/Evidence/Model-Discovery/20260825-live-official-discovery.md
f615c686a0aeed799de41c4ddf55b35d65b8d155670964f93d90b097507965f3	V4/Evidence/Model-Discovery/20260825-real-glm53-gateway-ledger.md
8b40a190212bc8fd20129a38b17e1779fe154d7d4ffd953201141d7897a74a4f	V4/Evidence/Model-Discovery/20260825-real-glm53-validation.md
408fabc32289b74bc269b86cabef9d5eb4b2555a80ce654f38650e495581a971	V4/Evidence/Model-Discovery/20260825-validation-preparation.md
8bce4199929300cec35839bc4e57f3317b4581b13ff11b3e4d40e9e025684d9f	V4/Evidence/Model-Discovery/run-real-glm53-gateway-ledger.ts
3ceba477793eba7437574d87f13a4eca9fa5d6aa3b137e2b02ac911d5960e7ac	V4/Evidence/Model-Discovery/run-real-glm53-validation.ts
e64527196c6826117da8b33c6aabafc14e71be00fd8ab5d5c346cc09d33fa0ae	V4/Evidence/OPERATING-BILL-20260906/FINAL-IMPLEMENTATION.md
6ba4589e6162b0bb6e83079bbb273cbde43beb5877c8f20ba2667b68621a1467	V4/Evidence/OPERATING-BILL-20260906/PARTIAL-USAGE-FIX.md
05982c9a8806fd1042e715e16e5fc1dcfb3f952ba6d0b5505eb7136abdd30163	V4/Evidence/OPERATING-BILL-20260906/README.md
8425882c55a1905b47bbbfd1c893b1c0f23ed8ec83c0efff104d69ce2f5f405a	V4/Evidence/OPERATING-BILL-20260906/RELEASE-PREP.md
ce3b977a925d9e26e3b5c164ef671292bbf8bd0215c5d3d893039033185b8f2d	V4/Evidence/OPERATING-BILL-20260906/THREE-FIXES-I1/FINAL-REVIEW.md
40aa350ada49a453f8a67c0817bf55fd12e293bb1e986a540231d6ad88cab1dd	V4/Evidence/OPERATING-BILL-20260906/THREE-FIXES-I1/candidate-r2.json
47a61531e504d3c63804209ae002d0273b487b6f7c63d9df438c74aa4e7932c1	V4/Evidence/OPERATING-BILL-20260906/THREE-FIXES-I1/candidate.json
34bc8abf70bde3afdd6971442c3fbdd568ea97032470603a4246d9633fea63f9	V4/Evidence/OPERATING-BILL-20260906/THREE-FIXES-I1/contract.md
21771605a166ba18ed149ce5d9c9227d221754fbd95f85a4253d68bb77f67130	V4/Evidence/OPERATING-BILL-20260906/THREE-FIXES-I1/fix-checks.json
c2f41655257de9b96643c238240e631929f089b960d1eabcaf8a4b6b392d6468	V4/Evidence/OPERATING-BILL-20260906/THREE-FIXES-I1/mechanical.json
f5c1a3adc5bbfb7fc7f8e6b6c9fa382d57a58db3cb6ed7bc916d91b0873e6158	V4/Evidence/OPERATING-BILL-20260906/THREE-FIXES-I1/round-1.md
dd63b5316020da0f247d956bf1f577aec7d3ae3b845894a434698e25fb53950f	V4/Evidence/OPERATING-BILL-20260906/THREE-FIXES-I1/state.json
39f45288cca6e7b7d4f89f100aeefd71ec398d24e2cc0bc1aae41740270756bf	V4/Evidence/OPERATING-BILL-20260906/THREE-FIXES-I1/three-fixes-race-review.mts
ad4635c5f9743a7649e6c4cab9fb862aae6c20d65ad71ca123a942c426ae3d5e	V4/Evidence/OPERATING-BILL-20260906/THREE-FIXES-READY.md
602e598adf29dd8deabab9736f16158388fe8f7b055141354cc42249efb6e87b	V4/Evidence/OPERATING-BILL-20260906/V14/FINAL-REVIEW.md
e3b0c44298fc1c149afbf4c8996fb92427ae41e4649b934ca495991b7852b855	V4/Evidence/OPERATING-BILL-20260906/V14/apps-control-api-typecheck.log
e3b0c44298fc1c149afbf4c8996fb92427ae41e4649b934ca495991b7852b855	V4/Evidence/OPERATING-BILL-20260906/V14/apps-gateway-typecheck.log
e3b0c44298fc1c149afbf4c8996fb92427ae41e4649b934ca495991b7852b855	V4/Evidence/OPERATING-BILL-20260906/V14/apps-web-typecheck.log
1fe541b50c9f251274aace071e20d3c88b4271ad0fc395269e8d63301ad2a488	V4/Evidence/OPERATING-BILL-20260906/V14/architecture.log
acf934c962a3f222d50431607b1378f8fcddf2eecd606cccdc4fdf9762f0a78d	V4/Evidence/OPERATING-BILL-20260906/V14/backend-changed-line-coverage-r2.json
57bee3da3fbba266d2ac48e139e07a8c448f21425c5d5482f0798485d0ceb55d	V4/Evidence/OPERATING-BILL-20260906/V14/backend-coverage-command.json
c1889f8b57311ceb0d178494b405b540bcc608ce687839a1e26a6b128ce8025a	V4/Evidence/OPERATING-BILL-20260906/V14/backend-coverage-r2.log
328a4dbe3b9eb7545284bb7c115920265777615144b4b4914827cce542a31c08	V4/Evidence/OPERATING-BILL-20260906/V14/backend-coverage.config.mjs
221cb7f06c2b328ec009f20efcb105215eabdd376cb63f0546164b7ea9a67319	V4/Evidence/OPERATING-BILL-20260906/V14/backend-coverage.log
8b28f980d761e99d22feb60d6f2c39c505236e97acaddb7aea1b98b139787dbb	V4/Evidence/OPERATING-BILL-20260906/V14/backend-coverage/coverage-final.json
ef876f2b010155a9f83a3962af260a6c7b7f0297f70c95035e29bac44a1c2b33	V4/Evidence/OPERATING-BILL-20260906/V14/backend-coverage/coverage-summary.json
8fc5857d047f28f9b2bdbc9471c2a793809c861302aeebab7043a84e84494262	V4/Evidence/OPERATING-BILL-20260906/V14/candidate-r1.diff
6a93b86fd6e69c7809c0b45ca8d04954b2fdf8d046919dc01e833082caca0613	V4/Evidence/OPERATING-BILL-20260906/V14/candidate-r1.json
f6ba073a90bf9bf51b0bd8e0713dbfec88e35a30e855550ace091d8aa5fcd19b	V4/Evidence/OPERATING-BILL-20260906/V14/candidate-r2.json
cc34cb1839270411cd1e95a7b47368caf0484fdba2b49da4fafcb390f32eea33	V4/Evidence/OPERATING-BILL-20260906/V14/contract.md
56504f0667dc99c8896aed0f4aaf63f71f90e4d87be3c43d74afef92637336a5	V4/Evidence/OPERATING-BILL-20260906/V14/db-coverage-command.json
b0467517c1b794616120c5e567ad0861dba1e8057c3fd0f363a5f601fab93d62	V4/Evidence/OPERATING-BILL-20260906/V14/db-coverage.log
926d88527d208b17acd08c087dfaf1a242b3a70a3adafcda5299bb92c3e9b8ee	V4/Evidence/OPERATING-BILL-20260906/V14/db-coverage/coverage-summary.json
2e18c63031fd178fcce2e69b31d9501943947c9676088c8dfabeab6cb36f08fe	V4/Evidence/OPERATING-BILL-20260906/V14/duplication-command.json
4c43fd3a1cc04c525e034e93ebeabf7bf1155e8ddc40efe5b62002d904f8c764	V4/Evidence/OPERATING-BILL-20260906/V14/duplication.log
bb3c1a41e94da4379c21caf099f11be318d56bb0f38d0e5ba769617d329a9122	V4/Evidence/OPERATING-BILL-20260906/V14/evidence-status-r1.json
746dd793cd41d50f6946e819f0c674c193e192de109ab7c6f84bf9c1916d557b	V4/Evidence/OPERATING-BILL-20260906/V14/input-evidence.json
e3b0c44298fc1c149afbf4c8996fb92427ae41e4649b934ca495991b7852b855	V4/Evidence/OPERATING-BILL-20260906/V14/lint.log
f9f3b2ef82028e2acddde5b3342f78bec4ac6d322e420e3fc1063e3761a4cffd	V4/Evidence/OPERATING-BILL-20260906/V14/mechanical-gates.json
818caf5023fccd5f867cbd51a415eaf25c0a18e7fd8285481719e56947fc5858	V4/Evidence/OPERATING-BILL-20260906/V14/mechanical-r2.json
e3b0c44298fc1c149afbf4c8996fb92427ae41e4649b934ca495991b7852b855	V4/Evidence/OPERATING-BILL-20260906/V14/packages-database-typecheck.log
e74c82420f809c4039cb4a3b04ab5a646919632676b336ee6cc2f849338954e2	V4/Evidence/OPERATING-BILL-20260906/V14/r2-changed-paths.json
e3b0c44298fc1c149afbf4c8996fb92427ae41e4649b934ca495991b7852b855	V4/Evidence/OPERATING-BILL-20260906/V14/r2-lint.log
3a8dec837e6437d931174a289e88d0309d7b34bbb4de320dfd86f17a1bd7a58e	V4/Evidence/OPERATING-BILL-20260906/V14/r2-size.log
e3b0c44298fc1c149afbf4c8996fb92427ae41e4649b934ca495991b7852b855	V4/Evidence/OPERATING-BILL-20260906/V14/r2-typecheck.log
b135c4a7021f639378e43df8b456d7e2ffa9800621c5e588cbb421c1752b7051	V4/Evidence/OPERATING-BILL-20260906/V14/regression-green.log
f9e6ef69596167a79d628eb84aa87efd1263fea5279190947b1b1672f1043e3d	V4/Evidence/OPERATING-BILL-20260906/V14/regression-red.log
129698b6b32d6b2109be42083ef5384ee059384c73a67a8cc25b34ec71ce1079	V4/Evidence/OPERATING-BILL-20260906/V14/remediation-r2.md
14b06cab6b9817a36568ab63fedacfb051d1254d71207d9a0254d647f17fd07a	V4/Evidence/OPERATING-BILL-20260906/V14/round-1-review.md
f74980feb5d66d4d6f7793fda98e19fd695f43d5fbded1a188521efd14dd8e8c	V4/Evidence/OPERATING-BILL-20260906/V14/round-2-functional-review.md
3a8dec837e6437d931174a289e88d0309d7b34bbb4de320dfd86f17a1bd7a58e	V4/Evidence/OPERATING-BILL-20260906/V14/size.log
1bb7169701eb732b308a22363b985b7d40bdb5183021bbb341a1f70d95146fb2	V4/Evidence/OPERATING-BILL-20260906/V14/state.json
daebd7c0b1424193ac7cdd5882fe4807a7cc715afae6832fcc9adf818f821769	V4/Evidence/OPERATING-BILL-20260906/V14/typecheck.json
832966889eb2d2632c165d39dff56a4cd1ea7adcd202c6a33f0a82da84df7a1a	V4/Evidence/OPERATING-BILL-20260906/V14/web-changed-line-coverage.json
9e612999227867b74490a51e534e5eff0d8ab9f564916dcde605e6784a4eb0f3	V4/Evidence/OPERATING-BILL-20260906/V14/web-coverage-command.json
6de6152c985de06791ab5d33ffdba1f5965b854f72f54868cb8014b497840442	V4/Evidence/OPERATING-BILL-20260906/V14/web-coverage-expanded-command.json
3c807a27b916f264f859da73b1e56fcf65a72c8ed8125df71a6477cde753c04e	V4/Evidence/OPERATING-BILL-20260906/V14/web-coverage-expanded.log
245131ee16476f56d898a930b829d58c899f1ff7a657570e430f087533c3f8a7	V4/Evidence/OPERATING-BILL-20260906/V14/web-coverage-expanded/coverage-final.json
e57582b27a0ae218ad0d8d87c14ab26a6dad3b15aebea0ac26bbd825dec13844	V4/Evidence/OPERATING-BILL-20260906/V14/web-coverage-expanded/coverage-summary.json
244355a8209dd0f85d8fe9e4c63e03540999810fea915cabde53521d17c3a562	V4/Evidence/OPERATING-BILL-20260906/V14/web-coverage.log
e70b57c1eddeb4430d361658f06cd003c27e2783bffd2427a075fd89678f2a39	V4/Evidence/OPERATING-BILL-20260906/V14/web-coverage/coverage-summary.json
854552f5718d8e5ff3d08338b693436018f0508e6e8baaec79ed870d5c58966e	V4/Evidence/OPERATING-BILL-20260906/V2.md
7a718f66a75b9b9f3ab9e574ba777980014952a47d6fabccb9c4a42d0dbde455	V4/Evidence/OPERATING-BILL-20260906/V3.md
d7110886fe117d4b3aeb1e0dc79dfe04bdbc3f293359fe37c761fd405ec14cef	V4/Evidence/OPERATING-BILL-20260906/V4.md
b166845c9892b10c098fa85754ffc51b427e97e27b0b3047273e4aca2b1f63d3	V4/Evidence/OPERATING-BILL-20260906/ZERO-SUBSCRIPTION-FIX.md
cf2a99b89d4698fb0b858bafd3c73d048c021d823316b9089b58b9d4155dde8d	V4/Evidence/OPERATING-BILL-20260906/account-db-tests-v2-final.log
8f0fa75122524ad8113b02e5ad656ca91d94a13a8a2b08d66b6b62efe46f5e48	V4/Evidence/OPERATING-BILL-20260906/account-db-tests-v2.log
044da612d9d1891b42d4578605e055e58900fadccaca9370d6b8dd107ef4d157	V4/Evidence/OPERATING-BILL-20260906/account-web-tests-v2.log
2b068c1b03badf8e7372a4db37f73e16d5daa0333488e303796b0a6ea154becc	V4/Evidence/OPERATING-BILL-20260906/browser-run-final.log
2b068c1b03badf8e7372a4db37f73e16d5daa0333488e303796b0a6ea154becc	V4/Evidence/OPERATING-BILL-20260906/browser-run.log
b79cc7b58cb9d7167c60bbf1571e6e458d67908886e5b14088fb68106a3d1b51	V4/Evidence/OPERATING-BILL-20260906/browser/departments.png
c6b6e9d9efccd132238133004d4bf1c17562569dd043c68554f465eca66b059b	V4/Evidence/OPERATING-BILL-20260906/browser/overview.png
2ec81bcee79eb564748ab11b2d8823a6666928440f93d85dab435924e812c877	V4/Evidence/OPERATING-BILL-20260906/browser/plans.png
9fe2e7018f333c5a59e822ff4d3950d30153a7fd813fcf169d904478dbf1b246	V4/Evidence/OPERATING-BILL-20260906/browser/procurement.png
4c88c909c0a0fdbf9010b65e260158ac802d2fb3c7a4cdfcd43ad5e4e6bc440b	V4/Evidence/OPERATING-BILL-20260906/browser/receipt.json
be52775be4f01a1796809ef110c3ca883597e0f6b29ed31072c58caa17534f0a	V4/Evidence/OPERATING-BILL-20260906/build-final.log
b22cd24284ebf6192ea50b9d17669e462982055fa07c42abc1a765e5087b6297	V4/Evidence/OPERATING-BILL-20260906/implementation-db-tests-final.log
d33bd4f36ecc1af26f6308aef84dc620b9fc45f4ddddfb7e662f6fc825adb570	V4/Evidence/OPERATING-BILL-20260906/implementation-db-tests.log
00512818c6d76768ef9ddf367915579eeebcd5fe5ebe3e1fec8ed96bb6655b18	V4/Evidence/OPERATING-BILL-20260906/implementation-http-tests-final.log
488b435caeddeb0c05324e01be29fa285daf5bf17b588496e59c909e4dd69563	V4/Evidence/OPERATING-BILL-20260906/implementation-http-tests.log
f3458c3e0be8000af5283a84023cabc1d4febeb0719ed59e70d289f70f527a3e	V4/Evidence/OPERATING-BILL-20260906/implementation-lint.log
27d3fd985f0d048c6ed2f759c79828b45f06ce162541883c9bf16849aebb0cd9	V4/Evidence/OPERATING-BILL-20260906/implementation-web-tests-final.log
48677b8865cd549409d7d92b106901293e3a7ac304746f30d274a0095d8ca14e	V4/Evidence/OPERATING-BILL-20260906/implementation-web-tests.log
e3b0c44298fc1c149afbf4c8996fb92427ae41e4649b934ca495991b7852b855	V4/Evidence/OPERATING-BILL-20260906/lint-final.log
90e350227e5246d84b8a3355be12a85afa7a8e612dac0eae1876e1916245d68a	V4/Evidence/OPERATING-BILL-20260906/prototype-dark-v3.png
3082e75c76ff09552d2f04a70c33470f9f76a1394649c647169337fdb3ee80dd	V4/Evidence/OPERATING-BILL-20260906/prototype-dark.png
8142391a504a4fc864ce6083f3d749c60a70f16665add40e868c79e8f692029d	V4/Evidence/OPERATING-BILL-20260906/prototype-plans-v3.png
8142391a504a4fc864ce6083f3d749c60a70f16665add40e868c79e8f692029d	V4/Evidence/OPERATING-BILL-20260906/prototype-plans.png
59194f6f6d68ff79bb1d44a40d1451990434463ca2f272e483dae3e0790df652	V4/Evidence/OPERATING-BILL-20260906/prototype-preview.html
6e78673afe624ee4071492572e46987cb361a17da62bfbb6a992955f7a30e096	V4/Evidence/OPERATING-BILL-20260906/prototype-purchases-v3.png
ff17036aa4c586780a1f42b000b90cf7b819a48955228ad1974e0055dfc484a7	V4/Evidence/OPERATING-BILL-20260906/prototype-purchases.png
69312d647103bc7d308b655a7ef68799fde9a63565b29fb89ec927583356f531	V4/Evidence/OPERATING-BILL-20260906/prototype-trends-v3.png
652d8f17294d2293e0161dc2ace226f1548d41a8ec907bbf85513262b7af7434	V4/Evidence/OPERATING-BILL-20260906/prototype-trends-v4.png
53bc1a1900c152f1e4a90f6a438257fd2d1fc4b5a22b6cac86f6d60f472bda2c	V4/Evidence/OPERATING-BILL-20260906/prototype-trends.png
2db34125fd81f3624f72759f36dddf1bf6d990114152cc28b1d12f2b40c5cb49	V4/Evidence/OPERATING-BILL-20260906/prototype-validation-v3.json
290aa0ba47cbbbd7e4f44192923b645a2a3c085f79a57b42013ea8a62b2cdb41	V4/Evidence/OPERATING-BILL-20260906/prototype-validation-v4.json
10c90809e79206a72c6e5b59d27e58deb05d1dc4d5557f2fc24d0faf4569114a	V4/Evidence/OPERATING-BILL-20260906/prototype-validation.json
4951522b5a23297161ddf527c77444417fcf539153cd4570ff0bc38c7550f55f	V4/Evidence/OPERATING-BILL-20260906/quality-v2.json
a1f281128d72e241b16b469bee39b26775571f352666c761df117689a5eeff55	V4/Evidence/OPERATING-BILL-20260906/quality.json
e3b0c44298fc1c149afbf4c8996fb92427ae41e4649b934ca495991b7852b855	V4/Evidence/OPERATING-BILL-20260906/typecheck-final.log
e3b0c44298fc1c149afbf4c8996fb92427ae41e4649b934ca495991b7852b855	V4/Evidence/OPERATING-BILL-20260906/typecheck-lint-v2.log
0f3dc17a37808a0bb6d227054f24181ebfe94d33d3de7fd8d5be1820baecc0a2	V4/Evidence/OPERATING-BILL-20260906/web-build-v2.log
fa7406414c0972a16cc5b95ed795fc93757cd6ac53fc38113f22f8cc9eccaf5b	V4/Evidence/OPERATING-BILL-20260906/web-build.log
d83faeb5467f18f24b7ac5fc56eb95225637022e3b9156a2ef890c2bbd1835ce	V4/Evidence/OPERATING-BILL-20260906/web-tests-v2.log
136eeb23fb8ad4d33a3a2882012695000c8f0f0ba6fbe69ed69d683a0e006ec5	V4/Evidence/OPERATING-BILL-20260906/web-tests.log
60db3c9cdaa6894722a7d62f70fa909e771796c9c8abaef1e53599bd62b21032	V4/Evidence/OPERATING-COST-20260907/README.md
f1a287fd7ed4c77d441e8fe6f66ac8f70ad263fdd9b2695e55ecbd9c842a5ba0	V4/Evidence/OPERATING-COST-20260907/api-final.log
4c7ab89a15f269c033fe94a16cd22cd0d8eaebe6f1a8d47d8e948752b5a83dae	V4/Evidence/OPERATING-COST-20260907/build-final.log
49dedda9beba1f8bfac61af2ddb18b5d82a076ef347e532a888ad92938875a1a	V4/Evidence/OPERATING-COST-20260907/candidate.json
9bcea584eef993c24ae5a9270b82cdda8256986a7de4cb0ecb915d9b13d68b33	V4/Evidence/OPERATING-COST-20260907/database-final.log
b09f29dce95e2e257df0454f050570f4bf1af82cef333869bd4bcaa498b7880b	V4/Evidence/OPERATING-COST-20260907/live-observations.json
5cb2d0daff800be4a56d11de91d35e57f7b8c446059b6feb2e723c7907890527	V4/Evidence/OPERATING-COST-20260907/web-final.log
353faa454564d68fedfa9141b29ce75d786b80dfa78f3273449fb5574810a6fb	V4/Evidence/OPERATING-FEEDBACK-20260907/README.md
aad4468f4a1c9c6b19bb135e8d4736b4b6646e81f3ca1f4398f1bb6fa50f8f5b	V4/Evidence/OPERATING-FEEDBACK-20260907/STATUS.md
93dca0c66c7cb4f1718adcd4ff3dbf31eb535e73b69d84c25906a007e7229b4e	V4/Evidence/OPERATING-FEEDBACK-20260907/build-verified.log
131f964087ed776dcdb417c8d3678f6050833d48cf7260340f26dae48e696976	V4/Evidence/OPERATING-FEEDBACK-20260907/candidate-final.json
e554068353c49cf5df2a2d0f39ef467776d049b7fae24c0ea313c178d1bbe206	V4/Evidence/OPERATING-FEEDBACK-20260907/candidate.json
edae2ba95ddf344a79edd6fc4282cbf1ee5be4f4438328c6d78d7af9e055c95c	V4/Evidence/OPERATING-FEEDBACK-20260907/control-api-verified.log
5b865267402ed5029ad50ac8f84fbd583aa2c330d1c208c07981bbf5ea0ba2bf	V4/Evidence/OPERATING-FEEDBACK-20260907/database-verified.log
b251d7daba87d4860f250d7d176d8b4127c790be8933b64362c14eaafd66ee67	V4/Evidence/OPERATING-FEEDBACK-20260907/live-observations.json
ba6028dd49ce02f7b158d9047203c9e29ad4d069956cf2124afc0d727b09c16b	V4/Evidence/OPERATING-FEEDBACK-20260907/static-final.json
1282afd4ab08279d295e07d11237f2ed859ad76014df5681b227ce23dbe7e75d	V4/Evidence/OPERATING-FEEDBACK-20260907/static-verified.json
b72b942fcb7876f7bac389b7895a0d2930887ab605b38f3765b8bf87b2b45788	V4/Evidence/OPERATING-FEEDBACK-20260907/typecheck-final.json
b72b942fcb7876f7bac389b7895a0d2930887ab605b38f3765b8bf87b2b45788	V4/Evidence/OPERATING-FEEDBACK-20260907/typecheck.json
f3c379df57ab0db4ff732db4afa7f820beb98e9dbf9efeb057e00cc707b79929	V4/Evidence/OPERATING-FEEDBACK-20260907/validation.json
2b4681166963c479395ce493daf5f6a0ea92e6c18298637349165640915131a9	V4/Evidence/OPERATING-FEEDBACK-20260907/web-verified.log
04a62926171bc3668de0da937ae2cab20a7ad2d3851014413b2da048e5156e91	V4/Evidence/OPERATING-FEEDBACK-RELEASE-20260907/README.md
9e826211d5370bcbb37caf95dd384a9406bc8be306c4574c3b8bf2d0942ea3e8	V4/Evidence/OPERATING-FEEDBACK-RELEASE-20260907/production-receipt.json
2b555aac0698076445fc8290bda7493ee263cb7c4c3e866ec13b9bce5c1e38df	V4/Evidence/OPERATING-FEEDBACK-RELEASE-20260907/provider-adapters-merged.log
626e06c3ccb36c6a9d74569768ef9c157af9d28a888ae1c7101496972cf5ee75	V4/Evidence/POOL-STATUS-RECONCILIATION-20260907/README.md
2195114cd9921bbdf01d42c128a077877aa43f24369bc32406e2218aff1f0833	V4/Evidence/POOL-STATUS-RECONCILIATION-20260907/verification.json
5514e101ccdccd87eb4167de7b33aa9e6e33a007daa89ba075d944256bed3cef	V4/Evidence/POOL053-054-20260907/README.md
c3ca48b4c31623b3cd6f14860e875d831a007b902f56f3bca54e97051c2ff30d	V4/Evidence/POOL053-054-20260907/V14/baseline-adapters.log
477966a346430a8455afc28ed53074d5430c86f1dce9e4700c8c878a9b1a80ff	V4/Evidence/POOL053-054-20260907/V14/baseline-adapters/coverage-final.json
4bc478f10c7c0720e2331d6744a0e20fedbb15f1eaef8ea953e7adf8ab574df3	V4/Evidence/POOL053-054-20260907/V14/baseline-adapters/coverage-summary.json
b373b9ee5fc2c4797ff4ade7e7802e07fddf5fb41b2b37beaaabddb9d6bddc2d	V4/Evidence/POOL053-054-20260907/V14/baseline-web.log
5da9b530ec0afb7cc8c3dbbbc22c2cf064ade625b4421679d7402c58c66b3335	V4/Evidence/POOL053-054-20260907/V14/baseline-web/coverage-final.json
36560dbdd03f47805da96c3e918f39e8f8b31836d3c0b4d6cfacab4a3b422638	V4/Evidence/POOL053-054-20260907/V14/baseline-web/coverage-summary.json
b3a38e7c1f357e9f13eaba9d1fe164fce44af2cdc5553ed1470fc3a71f85c4b2	V4/Evidence/POOL053-054-20260907/V14/coverage-adapters-r2.log
38f660b293d458493d6eb2a4a0b728916fee77bb773fe1a6bb4fdd3bab00c0af	V4/Evidence/POOL053-054-20260907/V14/coverage-adapters-r2/coverage-final.json
2739a613bf835339406312fd1029760f93f32db2d7a19779c8ab73c0a08adfc7	V4/Evidence/POOL053-054-20260907/V14/coverage-adapters-r2/coverage-summary.json
2a0e17f20b7845a6f19c1fb9e29218b7c21542e266b70de937ade934e8f5514f	V4/Evidence/POOL053-054-20260907/V14/coverage-adapters.log
554891789287a7a19a3ac21cfcd097539f3ec6cc8fdb5cabb3b2dcb662db4dc8	V4/Evidence/POOL053-054-20260907/V14/coverage-adapters/coverage-final.json
4a325fea32b65ea58c3b2abc6ea6ab74ba88b5666ca7582f278b64ffbf5ca304	V4/Evidence/POOL053-054-20260907/V14/coverage-adapters/coverage-summary.json
9373f84b6f1f6ed721bd2161e4ce85cb6ce6d24d6f841558be03ffd1945f662a	V4/Evidence/POOL053-054-20260907/V14/coverage-web.log
677869681d9a1b8ca1e277d0f077fdc6d03a12bb92de8cacbb0440df6e073dcd	V4/Evidence/POOL053-054-20260907/V14/coverage-web/coverage-final.json
fec59665e18753e575eb70087f62b73c56ac99516a53d163edac6266697aefa3	V4/Evidence/POOL053-054-20260907/V14/coverage-web/coverage-summary.json
ac75bb7c7ad4569f7aee192f245129e6c649e4518bd59a88559b86a386d0b6a9	V4/Evidence/POOL053-054-20260907/V14/duplication.log
3d911ed952cf770f1044428d52ed5b297279cecc28946459b614a4594b6c49b8	V4/Evidence/POOL053-054-20260907/V14/final-adapters.log
7697b0ff093a560aa45d363ba21ce81754309eb284ee0c96a4d901d5a5e4c49a	V4/Evidence/POOL053-054-20260907/V14/final-contracts.log
e7954ff07f5ed1ac9130f2bdba10b2b07611e8e23df809643a0fddd0fe3b3209	V4/Evidence/POOL053-054-20260907/V14/final-gateway.log
d8c237ebc235b4d24324c2154f6a2ff104eb9bf8400ab8134ce9fa2e7bef3a25	V4/Evidence/POOL053-054-20260907/V14/final-lock-verification.json
57ce5b9adcfaf0b380e7aa2ccc64af18ec541e1341799bd72a8fc4ab26cd018a	V4/Evidence/POOL053-054-20260907/V14/final-lock.json
d2a87b16f9bb0d77807dae3dbc2bd05c357946f7146e2a327623a465095ac27f	V4/Evidence/POOL053-054-20260907/V14/final-web.log
0889a849312e82a19e130dd8441026e43217f4c42442a0aabc9dd531e1d5dc0b	V4/Evidence/POOL053-054-20260907/V14/gateway-r2.log
7894ea5bf158e918c5074bf420be125b89bbc5eda663b259223ac364af54df7b	V4/Evidence/POOL053-054-20260907/V14/green-boundaries.log
1234bfcc7fa344685ce1a62316f08459798e8272fa796092faf434ffce96e46a	V4/Evidence/POOL053-054-20260907/V14/initial-diff.patch.gz
d52e53bb8e81ed8ccb1a4ef73567ceb3fa68dac4040bce91d9833bf3501a1042	V4/Evidence/POOL053-054-20260907/V14/initial-lock.json
3c696c094e2a1323fa00cf0974a861af0cd6824b1672248c1d12791a70a61e4e	V4/Evidence/POOL053-054-20260907/V14/lint-final.log
3c696c094e2a1323fa00cf0974a861af0cd6824b1672248c1d12791a70a61e4e	V4/Evidence/POOL053-054-20260907/V14/lint-r2.log
ad390a96df0776ba0435a7b04cfe96235dafd819caabe74c1334fd68c95e4f17	V4/Evidence/POOL053-054-20260907/V14/mutation-final.json
4ee69573076921816567df9c9ee97581244b67ffde62895ce3f245dbafaccb9e	V4/Evidence/POOL053-054-20260907/V14/mutation-final.log
f0e7e07b906d97019e80939095be8239930767559d96b43a8c61383351a31b6d	V4/Evidence/POOL053-054-20260907/V14/mutation-r2.json
936870415b4e7371d1439a0d16e10c6341648c67b5ce9b0e63294c76a329fd05	V4/Evidence/POOL053-054-20260907/V14/mutation-r2.log
1b9a2a76c50468b6fb011bb8269fa477d220af8484783036419a3e23a707ce6f	V4/Evidence/POOL053-054-20260907/V14/mutation.json
0e7ad2c7bc3f56dca957ef1bee1164dc1cf8279d364a38cede336c12737631dc	V4/Evidence/POOL053-054-20260907/V14/mutation.log
421b26446bc38b4614a3608f8dfbf57bdebb3e299054ac7014a8b057bd2aa3ae	V4/Evidence/POOL053-054-20260907/V14/ratchet-comparison.json
403b8aa396f1ba3b56d56845cb2797165844592deb9729492efe29fdf785f8c3	V4/Evidence/POOL053-054-20260907/V14/red-tests.log
4e2199b39ec1bc40189422a47c93c860f812eb03fed3f94464f651870fde953c	V4/Evidence/POOL053-054-20260907/V14/review-summary.json
8839cee1a8f16813d6cd255d4defe9580a2e6b06aed79de6955b8883185d9d2c	V4/Evidence/POOL053-054-20260907/V14/round1-findings.md
46e9f9cbb5a03149c79c716e332cebf18766e058097ceecb1edfab0100c8b54a	V4/Evidence/POOL053-054-20260907/V14/static-final.json
52d441c5171ec8e51b384f87e22a8b774fcbfe75a91926294da24b591af105fc	V4/Evidence/POOL053-054-20260907/V14/stryker-final.json
536a7e9352c3317e3392a5d59f71cd398ca5da53d2dd8edbe6c66f12ced88e4d	V4/Evidence/POOL053-054-20260907/V14/stryker-r2.json
71847ef1c42d4c968f0010d14161155370462f7f3ed80662885154d9730938bd	V4/Evidence/POOL053-054-20260907/V14/stryker.json
d6e5278f07eff38f33e6ebed1bda3f08132d82b3f1623215ada3a3b956256316	V4/Evidence/POOL053-054-20260907/V14/survivor-dispositions.json
b29edf7e936cf4468551c6ba11c2b2d10b655213a349c6d689c0756a3cb3a116	V4/Evidence/POOL053-054-20260907/V14/typecheck-r2.json
5b38f2814619a02a4e96c03f17658dd9fa4658a4f066666c8cee191fd228d9c9	V4/Evidence/POOL053-054-20260907/V14/vitest.mutation.config.mjs
83d5311f183696f22fe0d4842fe0b58c5a54611b6784222401a02628894d3238	V4/Evidence/POOL053-054-20260907/V14/vitest.mutation.r2.config.mjs
6905f646bb1c2bcef3200af9094caee49070f57bd6568e5634e4ab42e0e26f05	V4/Evidence/POOL053-054-20260907/adapters-tests.log
487ff8fd433fe3fa9247cbe039a22fb6f74850cdc7c015e506b79df07f5c81a7	V4/Evidence/POOL053-054-20260907/browser-requests.jsonl
1b238b50d57f502da07f5f83ffaad76324145ccc8b17ff53fc69c9e9bd1ced66	V4/Evidence/POOL053-054-20260907/contracts-tests.log
de867fd3f88ac24a711b3696adc5d4b09639884f93a8d33c6d9601dcb9f3aac4	V4/Evidence/POOL053-054-20260907/gateway-tests.log
dc352bbcb5f6808300ecb9dee6669d3e895cdcf6e2482d38dc2c1fb8fddda59a	V4/Evidence/POOL053-054-20260907/preview.mjs
3e04e167a60de2c13478ec5c48cd4901bee08e35013bedaea7d6f802f022fa90	V4/Evidence/POOL053-054-20260907/raw-logs.json.gz
603166f3747b9a8cdcdf5f084bfb96624da3f07d5d88b5eff6a6aacc04979e36	V4/Evidence/POOL053-054-20260907/static-checks.json
b29edf7e936cf4468551c6ba11c2b2d10b655213a349c6d689c0756a3cb3a116	V4/Evidence/POOL053-054-20260907/typecheck.json
98b5c478296a0b498823c297a0f23f944d7fbac07d8e07b0a84aa2d067d3b42e	V4/Evidence/POOL053-054-20260907/validation.json
de0da420c5c5f2c2e6dfe2d3e62599cd61ad3cc798a99e7623290f46648ba3e2	V4/Evidence/POOL053-054-20260907/web-tests.log
d2f608d3ede776787cb169f39384b202f1bfd28b54c4f69d75b84cc66f6ec456	V4/Evidence/PROVIDER-FINANCE-INITIALIZATION-20260921/page-evidence/README.md
6ad7d8dcae19928b30b0247dbb31f8c61dcfa2ad8398f7a796033d8e8c1a3305	V4/Evidence/PROVIDER-FINANCE-INITIALIZATION-20260921/page-evidence/capture.mjs
1fa0d67a8aa6cf560e19848e535df48aad2e15edca52de6c54aa6e93e58edd17	V4/Evidence/PROVIDER-FINANCE-INITIALIZATION-20260921/page-evidence/mock-server.mjs
d1d3589eb8d47d9a0a87c21042acbe5061989bfd39206d486d6c7667d636f2b4	V4/Evidence/PROVIDER-FINANCE-INITIALIZATION-20260921/page-evidence/scenario.json
b615d9b395a43cbb19c93a94073544749525245bc256b6fd6ed5ec914bdbd361	V4/Evidence/PROVIDER-FINANCE-INITIALIZATION-20260921/page-evidence/ws-client.mjs
7622fad5e8c775b2aef22d3b688667c670a3edd4ff264d7b8e33da8e20ce1aec	V4/Evidence/PROVIDER-FINANCE-INITIALIZATION-20260921/workbuddy-memory-boundary/2026-09-21.md
6dd88b1d1acc1b6a7045c399294b066877fdc2e3b50424032ed961afaa74316d	V4/Evidence/PROVIDER-FINANCE-INITIALIZATION-20260921/workbuddy-memory-boundary/2026-09-22.md
a6fa0ceee844f37b7d92822b5b51d17fdb7312ab79252173dfd617a96f4c0cb2	V4/Evidence/PROVIDER-FINANCE-INITIALIZATION-20260921/workbuddy-memory-boundary/MEMORY.md
09e71d57ed0f7403b67707aa4913418b91a4c27a09f5a46345f2d44579a7cd0d	V4/Evidence/PROVIDER-FINANCE-INITIALIZATION-20260921/wp06-logs/6.1-40p01-mutation-control.log
4d79a7c79b224360dfaf13be70e8fbd6c198fcb7469ba61d38c313d47c732f7d	V4/Evidence/PROVIDER-FINANCE-INITIALIZATION-20260921/wp06-logs/6.1-apply-file-sha256.txt
feb6cf7ed2eb8130b39edb3423ff95798510642940e75edb25924a18aa279026	V4/Evidence/PROVIDER-FINANCE-INITIALIZATION-20260921/wp06-logs/6.1-database-provider-finance-activation-apply.log
4e2aade3e24a4168991cd139c66b8d202d05da112dabeb9a2b4d43e9c9d39153	V4/Evidence/PROVIDER-FINANCE-INITIALIZATION-20260921/wp06-logs/6.1-database-provider-finance-remaining.log
dfe3dd3b02c947063c2dcc0fc25f8b0ce83d8827b48e09bf509fe7beb7234157	V4/Evidence/PROVIDER-FINANCE-INITIALIZATION-20260921/wp06-logs/6.1-domain-full-unit.log
67aa84037f76148a15542dc656d26990a130320e21344e0efc131b5df0f1ebd4	V4/Evidence/PROVIDER-FINANCE-INITIALIZATION-20260921/wp06-logs/6.1-probe-40p01.mjs
5f1c6303c1268d9dc60e0c90138c569855e8017aed8eb50f0a2cb827d0b884f7	V4/Evidence/PROVIDER-FINANCE-INITIALIZATION-20260921/wp06-logs/6.1-probe-raw-sqlstate.log
5d8f729d70be3131c278433fcec18be6fc23b9d613b7ee035680f9b4003687f5	V4/Evidence/PROVIDER-FINANCE-INITIALIZATION-20260921/wp06-logs/6.1-targeted.json
b5813f5d4c4e472ba33bf5cf9b9f8882f86f7df668623d58012b691debc33567	V4/Evidence/PROVIDER-FINANCE-INITIALIZATION-20260921/wp06-logs/6.1-typecheck-lint.log
2f7b55c690d69f8ed6d5597821bef0845250b559b59c1f8f83ff1d00752e7920	V4/Evidence/PROVIDER-FINANCE-INITIALIZATION-20260921/wp06-logs/6.2-control-api-full.log
ee9174becb36e68f1843cc5d31c432fa63153503128905304b8f06d7184ffec9	V4/Evidence/PROVIDER-FINANCE-INITIALIZATION-20260921/wp06-logs/6.2-database-integration-full.json
7bb41501e0016e4665975b5b9219107f14ae3b84368f7db8302150f5e7bdadc7	V4/Evidence/PROVIDER-FINANCE-INITIALIZATION-20260921/wp06-logs/6.2-database-integration-full.log
326829c6a7604ee404eaf68063112a7c434381f37389f3be8294fe64f27965ad	V4/Evidence/PROVIDER-FINANCE-INITIALIZATION-20260921/wp06-logs/6.2-gateway-full.json
c5a3aaaf8b055a7e42550194eeb31984bd8561bda60c3f17b1d2afcbdc1a9c11	V4/Evidence/PROVIDER-FINANCE-INITIALIZATION-20260921/wp06-logs/6.2-gateway-full.log
48ae04c20ad1db93ecbae871ee5457f70277d9360ecba7cb9c15e22abc9d7c73	V4/Evidence/PROVIDER-FINANCE-INITIALIZATION-20260921/wp06-logs/6.2-web-full.json
af53718406faf1469dca4956580bb29be55c898cf20b61b4a471d9c920bc171d	V4/Evidence/PROVIDER-FINANCE-INITIALIZATION-20260921/wp06-logs/6.2-web-full.log
8007433b3bfd5cc0fe1621d16e11d08738369944976e89cdc3def02f96b06756	V4/Evidence/PROVIDER-FINANCE-INITIALIZATION-20260921/wp06-logs/6.2-worker-full.json
c4f4b7455902896628c4fce6703b5f4dc8e62b0adffc47f5c6d75f9f9bc5b29b	V4/Evidence/PROVIDER-FINANCE-INITIALIZATION-20260921/wp06-logs/6.2-worker-full.log
ffae21d77f00f820702e275576f73ae7b86f6ebeb864b72752964ee66b7dc5df	V4/Evidence/PROVIDER-FINANCE-INITIALIZATION-20260921/wp07-logs/7.1-acceptance-file-sha256.txt
21a92b64fd6fb6bc5d85fd5989bd930097c57869c076d85128886a33206e302e	V4/Evidence/PROVIDER-FINANCE-INITIALIZATION-20260921/wp07-logs/7.1-acceptance-suite-final.json
4f36af901b8e742d23d4b21c8225e5e4cddc99259ea13878ab07f312c474948b	V4/Evidence/PROVIDER-FINANCE-INITIALIZATION-20260921/wp07-logs/7.1-acceptance-suite-final.log
0400b7db41860fd7ed65f447ac00404443a26f571fb9f8ec866452a74e2460dd	V4/Evidence/PROVIDER-FINANCE-INITIALIZATION-20260921/wp07-logs/7.10-static-gates-typecheck-lint.log
deda3fd02455c886e85c99fd29cc8470f097f49fff921a4214c67d8e4260e22f	V4/Evidence/PROVIDER-FINANCE-INITIALIZATION-20260921/wp07-logs/7.10b-web-finance-components.log
35d68d1b313d8fe21855e43e7290d734c4382bc671eb74de41f181d98a29ad3b	V4/Evidence/PROVIDER-FINANCE-INITIALIZATION-20260921/wp07-logs/7.1b-acceptance-file-sha256-v2.txt
ac17835de24d48f727e6fcd3cafb35e2ee0c91162d9f6ca652711491fa246a8f	V4/Evidence/PROVIDER-FINANCE-INITIALIZATION-20260921/wp07-logs/7.1b-acceptance-suite-v2-D1-fixed.json
2445942a22de88a3981e6ab7c6e9347f27a986bf23f794b22f0292af3a7a7185	V4/Evidence/PROVIDER-FINANCE-INITIALIZATION-20260921/wp07-logs/7.1b-acceptance-suite-v2-D1-fixed.log
00b1ba252f058ea2a07deca2f1b8b73774f20fbada7a21557bc1d28a0fd65800	V4/Evidence/PROVIDER-FINANCE-INITIALIZATION-20260921/wp07-logs/7.2-7.3-gateway-worker-quiescence-suites.log
d8253195b38e1fc3957da46408fa26702757776f6f66a866a51d7ad5d68931ba	V4/Evidence/PROVIDER-FINANCE-INITIALIZATION-20260921/wp07-logs/7.4a-control-api-typecheck-lint-initial.log
0b937dbcab91528447cd68e5cfcd487c1ec75d0dd9b649ba5e013879f0c529cd	V4/Evidence/PROVIDER-FINANCE-INITIALIZATION-20260921/wp07-logs/7.4b-control-api-lint-rerun.log
887cda7e560468a6625e87ea153d42ddeb9731981dc65c6f3df16e4300a3dbb3	V4/Evidence/PROVIDER-FINANCE-INITIALIZATION-20260921/wp07-logs/7.4c-control-api-typecheck-lint-final.log
0e6d76361e5be60677d2e36badf5ff213b5983274cfde2fb57e27a2f571e55aa	V4/Evidence/PROVIDER-FINANCE-INITIALIZATION-20260921/wp07-logs/7.5-abcheck-full-src-FALSE-RED.log
778e4c01e35fd3664e62c34406906fa0622f0922c111d700afbc65bfb72c6cf5	V4/Evidence/PROVIDER-FINANCE-INITIALIZATION-20260921/wp07-logs/7.5-abcheck-wp04-committed-suite-FALSE-RED.log
2a8eab9186aa4aad247e35766dfb98c66adcb15dbb4e3d47a8968e80e2c6da9c	V4/Evidence/PROVIDER-FINANCE-INITIALIZATION-20260921/wp07-logs/7.5-integration-tsc-single-file-FALSE-RED.log
cca2a3a9c3f91eee12e5144feac4dd3005726adda0b83a8cc2628a52ae7cc41f	V4/Evidence/PROVIDER-FINANCE-INITIALIZATION-20260921/wp07-logs/7.6-database-activation-apply-14cases.log
3e2849db0e8672696d041e319c49b79b6e468d174ee0397f2d4642f020fb2bb2	V4/Evidence/PROVIDER-FINANCE-INITIALIZATION-20260921/wp07-logs/7.7-database-finance-group1.log
600122128f79ae42aef94e99f72f6b0f92b20355f9428feccf628630cbed6e40	V4/Evidence/PROVIDER-FINANCE-INITIALIZATION-20260921/wp07-logs/7.8-database-finance-group2.log
8b4039717c16dd4464613fe4c7aa8a4a46bb0eb7659c36a11df7610ddb70c727	V4/Evidence/PROVIDER-FINANCE-INITIALIZATION-20260921/wp07-logs/7.8b-standard-home-A-B-baseline-same-failset.log
93b687cee0fa2b75556aa98c64093ab0cc9facbb88a041d62e5dd6166aa0cd22	V4/Evidence/PROVIDER-FINANCE-INITIALIZATION-20260921/wp07-logs/7.9-control-api-finance-regression.log
48d6a33558a44caca463db62af3c896629ee120f9164821d923512398606ea54	V4/Evidence/PROVIDER-MANAGEMENT-RELEASE-20260917/README.md
a593d1684fcf36a086df9f06f61fa4152927dcd05e5096e6761c9ef3a3e76fe4	V4/Evidence/PROVIDER-REVIEW-20260905/resource-utilization.png
b0f268f296bdd76903a0dc3c7e1e268b9e212dcd655c1a42cc92132f10c0b48b	V4/Evidence/PROVIDER-REVIEW-20260905/usage-overview.png
a5117d7bf4e3a005a42f8a017fddf63d7821678278f137544fdc05999a1c6e88	V4/Evidence/QUOTA-PRICING-20260905/policy-archive.png
0c5f78522ca47a98f22124b3d73e7eee700f2065bd3b7ba367226c2ca0b88274	V4/Evidence/QUOTA-PRICING-20260905/pricing-form.png
0416b8fb1dd5dee9413187ac2f995bfb9d393cdd704811f0885b0fca4d394d28	V4/Evidence/RUNTIME-ADMIN-20260907/V14-FIX/candidate-lock.json
2dcd47e08e3b83eb5e5af2409a535decaed9d0eaa575b846d719089664f95f8d	V4/Evidence/RUNTIME-ADMIN-20260907/V14-FIX2/candidate-lock.json
978984eeabcde6305ee2f6bd1d37e75c8b84e8fe89188fea38b65f2100d25c10	V4/Evidence/RUNTIME-ADMIN-20260907/V14-I0/candidate-lock-final2.json
df59d84d97f3e8877e729cff82a5dac262eb928315fc77af54330138ed1df652	V4/Evidence/RUNTIME-ADMIN-20260907/V14-I1-R2/budget.md
cc013b43ce539265aabd1dcaed8c9f30484cc1c3816770e4f8f9c0fb23c27f74	V4/Evidence/RUNTIME-ADMIN-20260907/V14-I1-R2/contract.md
740e9205532b65c22fad354bef8e452440a86c732bba54b4d5b4c5dc2784aaf9	V4/Evidence/RUNTIME-ADMIN-20260907/V14-I1-R3/budget.md
4d4f1548762096cc1f760b79402f6883acac8be31ede0b10ce0c88667b731d4e	V4/Evidence/RUNTIME-ADMIN-20260907/V14-I1-R3/contract.md
875ae237dbf1c0f40279c50c45ca3deee3d83f4909600bae48dffbf8ed10d80a	V4/Evidence/RUNTIME-ADMIN-20260907/V14-I1-R3/exact-mutation-results.json
ef69b9b604c85d536b0e83fed845ab557c352086fa7986728eeb134fb1f7b1ce	V4/Evidence/RUNTIME-ADMIN-20260907/V14-I1/budget.md
972c2e555497a17563bca7e3b18d8b23ffd4ce6a301b87f601a6b2c90affca82	V4/Evidence/RUNTIME-ADMIN-20260907/V14-I1/contract.md
3d7b0ce874862aa6ed37476a07ba54ac62fb1af9209ec89a3ea70236c8060a22	V4/Evidence/RUNTIME-ADMIN-20260907/V14-I1/state.yaml
56f0be81445f4f3c43dad7e74ed4da30cb445291c2f53f36b8fd1d56ccee7248	V4/Evidence/RUNTIME-ADMIN-20260907/V14-INTEGRATION-20260908/baseline-fixes/calendar.log
2112a734cf88a058007f0170a2b37aadb8894dfd68d6e556668a509becaa9474	V4/Evidence/RUNTIME-ADMIN-20260907/V14-INTEGRATION-20260908/baseline-fixes/concurrency.log
9c96120032d3e3526124ae57d481ee1197b87d4218b30f14a585eba4173b7c35	V4/Evidence/RUNTIME-ADMIN-20260907/V14-INTEGRATION-20260908/baseline-fixes/finance.log
b5e49354623bbe8d64269e3dde191dad09494ddc696c1f9ccc961be4536ff165	V4/Evidence/RUNTIME-ADMIN-20260907/V14-INTEGRATION-20260908/baseline-fixes/full-test.log
1c997515e417158edc3b5f4c4177b52d38d86675cd9f0b728d0f39b4baa0cf95	V4/Evidence/RUNTIME-ADMIN-20260907/V14-INTEGRATION-20260908/baseline-fixes/verification.md
455ad9b01ce90faea8eb33f58fdf1945c1cb4abd90705337cd10ca0afbe0e275	V4/Evidence/RUNTIME-ADMIN-20260907/V14-INTEGRATION-20260908/candidate-lock.draft.json
55ad32f78644cc901ec58b29ee69885458d667e518a7e55d65c640bb6f846d55	V4/Evidence/RUNTIME-ADMIN-20260907/V14-INTEGRATION-20260908/independent-review.md
1724a8780713a17fea343904bbf1e3bcd3060c7609221e311e60f33861b3b6bd	V4/Evidence/RUNTIME-ADMIN-20260907/V14-INTEGRATION-20260908/integration-review.md
4b53db64fe0b90e984376d746e9f46b578db81634a6f3712bd326bfce27462f0	V4/Evidence/RUNTIME-ADMIN-RELEASE-20260908/README.md
7ad78d28385fd214ba8cff28c93681cfa5432705484fb1e52d6f33876bc94ff7	V4/Evidence/RUNTIME-ADMIN-RELEASE-20260908/architecture.log
5ef047166bf22a1f0788547fb705df876d6f45c7c0b378b5b63e181786fc7582	V4/Evidence/RUNTIME-ADMIN-RELEASE-20260908/build.log
6daaafef9676882713880cf011e8de2e892f4ee2702150c45f9881300d13b302	V4/Evidence/RUNTIME-ADMIN-RELEASE-20260908/database-final.log
095e39e835dee334c0e5b26ae6203918abaa07acafa93778912750e41547385b	V4/Evidence/RUNTIME-ADMIN-RELEASE-20260908/duplication.log
a61148197363e4bf53a0f55a11aeb7604a86047ef9ea4804a53c5556e8160ad2	V4/Evidence/RUNTIME-ADMIN-RELEASE-20260908/full-test.log
e39ffe25f2381522f5ea4cc781f63cefe3089254d852bb301de5c06f8c27d7f5	V4/Evidence/RUNTIME-ADMIN-RELEASE-20260908/independent-release-review.md
2e9e9590d637637c8ecfe4844f596f7ef193214324b682fad069e3ae4277129e	V4/Evidence/RUNTIME-ADMIN-RELEASE-20260908/lint.log
fa51730297d1d3b968fa285dd42dcebc479a88265ae3b2bb8168bd454cac4b66	V4/Evidence/RUNTIME-ADMIN-RELEASE-20260908/pg-rehearsal.log
012a1c9c401048b6c41d828b794950aee6ffdbffdd3bed85dfaae11f0fde8612	V4/Evidence/RUNTIME-ADMIN-RELEASE-20260908/repaired-regressions.log
c0dad2b66c3fa8b0e3defd1e065a2d0dae467f2ee4dc3eb35b6c98c70186a75e	V4/Evidence/RUNTIME-ADMIN-RELEASE-20260908/script-rehearsal-final.json
8448e10b7e8a3f39ab5f8d0735a5220d76fe4ca3695cb720bea6b831d02c01af	V4/Evidence/RUNTIME-ADMIN-RELEASE-20260908/script-rehearsal.json
e956514313c5026847f99835752193124c269d6db73325e1e400d3baf281030f	V4/Evidence/RUNTIME-ADMIN-RELEASE-20260908/size.log
229622074e12b18bc8357ab609910bd8834840381d160091779ca87fc44b085c	V4/Evidence/RUNTIME-ADMIN-RELEASE-20260908/typecheck.log
362a27072d614fff1f7e6be70231ee633791f49c543fe5ffd362ed29ff37d455	V4/Evidence/RUNTIME-ADMIN-RELEASE-20260908/verification.json
585e46f776e461d1f542f9a8aa14609039d11d5eee2645caaa54e99b67d4ef36	V4/Evidence/RUNTIME-ADMIN-RELEASE-20260908/web-final-r2.log
70ad772dfe78703eb82875c2e3ae80ed1987ecf71b9886f3e9ff6f40b2460ca7	V4/Evidence/RUNTIME-ADMIN-RELEASE-20260908/web-final.log
14fb6f369b9a769ff55ac11e404f4478f338ba80dceea28bb39f7a6e7c10512b	V4/Evidence/SUBSCRIPTION-AUTO-RENEWAL-20260907/README.md
feeacdc3f1543af7a2a590fe93ea5f584277b7644e00480da11adc852a4b607d	V4/Evidence/SUBSCRIPTION-AUTO-RENEWAL-20260907/build-final.log
9229a1a30b501cb983e3a78c46f5eb9668e10f20cdf3e1af037ed2990628a5b9	V4/Evidence/SUBSCRIPTION-AUTO-RENEWAL-20260907/candidate-final.json
7aef96dcd422becd62846e91c9a10e1ea9e2af17fed5d8a07c1c15884263416c	V4/Evidence/SUBSCRIPTION-AUTO-RENEWAL-20260907/control-api-final.log
ab7716a8a47b776df504c981bbe6e6f1072fa7af3eb7ec1cecfe67ab232483e6	V4/Evidence/SUBSCRIPTION-AUTO-RENEWAL-20260907/database-final.log
a577d1dd757eb0ffa020a8e6d9173f6b87345c709f3b2186b00d4cc4535eb3be	V4/Evidence/SUBSCRIPTION-AUTO-RENEWAL-20260907/typecheck.json
fb6847c580e306359be954375e516a46114f4b643f8ff3ad7b89e877433cb2d0	V4/Evidence/SUBSCRIPTION-AUTO-RENEWAL-20260907/validation.json
ae39557620ce25c38dd4dd0f265b6a4d5a133596b671293707c3643c64726967	V4/Evidence/SUBSCRIPTION-AUTO-RENEWAL-20260907/web-entry-final.log
7873c0531f252c7b43b82e3ab9d990df3c3a5ef938db920c8e443f1ee470b73f	V4/Evidence/SUBSCRIPTION-AUTO-RENEWAL-20260907/web-final.log
e27793863a019207d99261a1066813efee7ae4f986518b9af878895b72850958	V4/Evidence/SUBSCRIPTION-AUTO-RENEWAL-20260907/worker-r2.log
f7fa1763fb05c6d0d79b60bd5fe6dc896b1ddca9525b2be19e4f0d971a858054	V4/Evidence/SYSTEM-SETTINGS-V1-20260909/I1-review.md
cd7af762eb02f616410af4f3627a4277b02feb45500201b42581f92e30651e97	V4/Evidence/SYSTEM-SETTINGS-V2-20260909/I1-RECHECK/F01-browser.json
46f81cb450c14c26cf2d164bd740d07ee05b423aeedeb2c264186bdecf615020	V4/Evidence/SYSTEM-SETTINGS-V2-20260909/I1-RECHECK/F01-browser.log
ddebd018652c66e69eabe2509255ed9600ef7ec73dd94d45d889005241c1b116	V4/Evidence/SYSTEM-SETTINGS-V2-20260909/I1-RECHECK/F01-login-after-revoke.png
90b2f0c3c43a9e77fb5d20931c6a9e3874320f93d86588e7b513e20b338d73e9	V4/Evidence/SYSTEM-SETTINGS-V2-20260909/I1-RECHECK/api-regression.log
caecc7374919270734243b5671bc1c351df43ad4fcfba8c76ac000cebf1b7c3d	V4/Evidence/SYSTEM-SETTINGS-V2-20260909/I1-RECHECK/contract.md
3958f2a6d75a92beaf16f019a868294ccad73de813f82cb26b95b21dbc66eb8e	V4/Evidence/SYSTEM-SETTINGS-V2-20260909/I1-RECHECK/migration-regression.log
cc277c307a41d46a765025f0c39de7f2e2b22df553a3b8fb7d738b307d1d6b85	V4/Evidence/SYSTEM-SETTINGS-V2-20260909/I1-RECHECK/migration-reviewed-files.json
bb07d48abe2387d63955cf999f3694b087921d75beaa0948f6c862e43825ab6e	V4/Evidence/SYSTEM-SETTINGS-V2-20260909/I1-RECHECK/review-report.md
252e2f0cfce9699d40dc9342e50c120204e67d4d3008245f90d2971541ae4c9d	V4/Evidence/SYSTEM-SETTINGS-V2-20260909/I1-RECHECK/reviewer-end-lock.json
b86869c1e06f65d7d10e83a07bb254eeaf41e997afa4f4e025a3eb3c97d7b755	V4/Evidence/SYSTEM-SETTINGS-V2-20260909/I1-RECHECK/reviewer-start-lock.json
636204b70a3dc7d14f8970fd90a81b7f4f66beffb206aaff9e59fc8176dd824d	V4/Evidence/SYSTEM-SETTINGS-V2-20260909/I1-RECHECK/verify-session-revocation.ts
528aa47649c38e222b072b58890196319f2d94d5290eee3ede1b63be0fbf53c3	V4/Evidence/SYSTEM-SETTINGS-V2-20260909/I1-RECHECK/web-regression.log
d43233769352a006c738c88e66a169ba2f0a95a0ba330541d47912b7e16c9b25	V4/Evidence/SYSTEM-SETTINGS-V2-20260909/I1/api-regression.log
b2b51ed35f224878de00ac8a739fd0c5b713b4de3ccc807ac108eae69a53296c	V4/Evidence/SYSTEM-SETTINGS-V2-20260909/I1/contract.md
59b3a32375b1b04e06f6af931eb006ec561a67fa8cf070f97e062e4931386887	V4/Evidence/SYSTEM-SETTINGS-V2-20260909/I1/negative-reproduction.json
2e5429a5832be6d39419aaaf9eeaac0522426ad84c464e28cfb6d8861647f8d0	V4/Evidence/SYSTEM-SETTINGS-V2-20260909/I1/negative-reproduction.log
50c3ac1a2624151975adac23673c063261b7cc6bf008722d0bcebda737873661	V4/Evidence/SYSTEM-SETTINGS-V2-20260909/I1/reproduce.ts
e51e0b3ca8e6311b096184457b9d1151f4871a55cc1ca66b46979ad7477d3244	V4/Evidence/SYSTEM-SETTINGS-V2-20260909/I1/review-report.md
1ff63be4d209ff3720f9b75c1bad100c7bd2fe62f8377c7e652413bf7738aaec	V4/Evidence/SYSTEM-SETTINGS-V2-20260909/I1/reviewer-end-lock.json
2b3b702883e9a3a047afc5826359c8fe1b93dd2ba65afe8374442b5280f3930f	V4/Evidence/SYSTEM-SETTINGS-V2-20260909/I1/revocation-log-summary.json
dada67a306f7de21259d534650c2889d27f3c49c28fc5ade950e31851f4f58d4	V4/Evidence/SYSTEM-SETTINGS-V2-20260909/I1/web-regression.log
03a3e3039e3c9eca96aa38daeff88a8e75b79e730e3d3a5edbea879697a64051	V4/Evidence/SYSTEM-SETTINGS-V2-20260909/README.md
dadaa610b02f24fdb845767a742e2f3136df24e71ca6377a1ff9ad860ca9972a	V4/Evidence/SYSTEM-SETTINGS-V2-20260909/REPAIR/F01-browser.json
ddebd018652c66e69eabe2509255ed9600ef7ec73dd94d45d889005241c1b116	V4/Evidence/SYSTEM-SETTINGS-V2-20260909/REPAIR/F01-login-after-revoke.png
3b7ca2fcb74cc232d3f28cc5506b316804d13ea78bffd388a6f2372025dc892c	V4/Evidence/SYSTEM-SETTINGS-V2-20260909/REPAIR/README.md
d5f83c6cd7e5da2065f06ec28b8a08b9d3c23f6f86fd0780cfcab988179dc66a	V4/Evidence/SYSTEM-SETTINGS-V2-20260909/REPAIR/api-verification.log
627b6e76a9fd25719b44005eec9023b58eea248af830ffc9e25d448b603c72e2	V4/Evidence/SYSTEM-SETTINGS-V2-20260909/REPAIR/candidate.json
9adfdb8b8afb5ca16bf98a34b5c12b0b1444b6364a900e96c94a7511f305b33d	V4/Evidence/SYSTEM-SETTINGS-V2-20260909/REPAIR/types-verification.log
a27374d76f15e2554cb0c325c0e7fed57cae7f6401b3844b812bc052d2a7cd8c	V4/Evidence/SYSTEM-SETTINGS-V2-20260909/REPAIR/web-verification.log
3d9f2ce4d1f6d6c1d5c880eaf9586e049641742f6776fd1e2e2ecac9ff5e5fed	V4/Evidence/SYSTEM-SETTINGS-V2-20260909/audit-detail.png
1dc306899fce12a321cc385804085431165c91463e85c7e7e66cdd9843861342	V4/Evidence/SYSTEM-SETTINGS-V2-20260909/candidate.json
c034611bccc1e422197dac9339f755a7f12714d5c215e4991ae4e314c5857cb8	V4/Evidence/SYSTEM-SETTINGS-V2-20260909/roles.png
b89d0fc85cf3463911f308fbc202d29d366b71e277c6c3bc8231142bb3b5c067	V4/Evidence/SYSTEM-SETTINGS-V2-20260909/security.png
a4406d3de073f9357c5499d5b88c8d0964b84914d4435291aeb47549b9f037ec	V4/Evidence/SYSTEM-SETTINGS-V2-20260909/version.png
0dda3c674a663c1687ca7aec4d4dd71a04a52fed1a84d3c21a2c714740f7b704	V4/Evidence/USAGE-OVERVIEW-COMPACT-20260906/README.md
e5919bd05e6cf7cc9a786e7d58972203abfba6c9bc4a2ae3cab4455162d1ee26	V4/Evidence/USAGE-OVERVIEW-COMPACT-20260906/api-tests.txt
0eed741558bb5fa7d2c623bb21e8ce4b26ab2a72337b32af714f75981db5bc12	V4/Evidence/USAGE-OVERVIEW-COMPACT-20260906/browser-check.cjs
c90beda892260a58915a20b8e1899528ed6cfc1fc207ec97b678afc9faff1b3a	V4/Evidence/USAGE-OVERVIEW-COMPACT-20260906/browser-check.json
b86c55892717c14be48aea2e47efe92ea8ebf820e4b79e1c4d0b59aa955a35f4	V4/Evidence/USAGE-OVERVIEW-COMPACT-20260906/database-tests.txt
350fe02f7c320e3f988d9a5e21348803a463eb295ba3022b01852e925122da62	V4/Evidence/USAGE-OVERVIEW-COMPACT-20260906/details-desktop.png
f9fe96a567031eef1b365cede069cc55bab74d4884c420cf61a0e88584dc7fc7	V4/Evidence/USAGE-OVERVIEW-COMPACT-20260906/details-mobile.png
571cf2c749df1f090e8b97fd9c1463f91ca621db24e7c21aa876d908c096d11c	V4/Evidence/USAGE-OVERVIEW-COMPACT-20260906/e2e.txt
97b807ae7f5d1da28f096bdc5397f7e24b24a1247e7c0b7b57ab2edd201b4378	V4/Evidence/USAGE-OVERVIEW-COMPACT-20260906/overview-desktop.png
13ad0f4d434f8d7d7ac7abe20d9b9448bb52048381b3848b3ae01e46c0c5ef8d	V4/Evidence/USAGE-OVERVIEW-COMPACT-20260906/production-observation.json
d52e9268ff99b08459b42637f97089d355458faf52fa04de36738c0d62c84558	V4/Evidence/USAGE-OVERVIEW-COMPACT-20260906/production-receipt.json
069b03ae102040caa763185f6afd06a52407f07a497ca94d1488ee088f2b460f	V4/Evidence/USAGE-OVERVIEW-COMPACT-20260906/run-e2e.ts
4805e0a6d71c00bce2c58294e73eab3aa4cf4fd1b08f76da2f4f837520ad592c	V4/Evidence/USAGE-OVERVIEW-COMPACT-20260906/source-manifest.json
f484b3048536cd990412cf7a5e0f3f00659b6f1b175c08b0363f3b4e6087cfa2	V4/Evidence/USAGE-OVERVIEW-COMPACT-20260906/validation.json
9ba445346034d257eb4874a9bc7168254bf9f6ce98687b866689be89338efb1d	V4/Evidence/USAGE-OVERVIEW-COMPACT-20260906/web-build.txt
71767365240377209759c73ea2991bd80a88eceb181f2d867e9f38e10eb12c43	V4/Evidence/USAGE-SEARCH-20260906/README.md
e9548e46fa25838fc4b9ab42ebbf9488fa0f091ea035c07d45b7599e3669d1cc	V4/Evidence/USAGE-SEARCH-20260906/browser-check.cjs
a2e75dfd7956a413b6ff68d3580dae749319906e4b5e93b4cf930a9fdeff8834	V4/Evidence/USAGE-SEARCH-20260906/browser-check.json
4708cbba8642fad9c94b8aa20aefcb15944555bc460a6012293166b8e0510251	V4/Evidence/USAGE-SEARCH-20260906/deployment/production-receipt.json
750638abed550c96d886cf76c947de1ba3456be82e663fbabd50a3b85aa2fd0d	V4/Evidence/USAGE-SEARCH-20260906/details-desktop.png
c54a7d24aa94853e4237f4a60d606c5bf01c7ee08604783dc8e8d4870ed3cdb6	V4/Evidence/USAGE-SEARCH-20260906/details-mobile.png
ee19d2e1d6fc16d0869c6dbf6e7d2d84c223fd26dbbc91158532dfbe4c7e2c71	V4/Evidence/USAGE-SEARCH-20260906/overview-desktop.png
6281ab34dc5865a89951d9e15c8fa6ced7de6cb1a1f8e9436f16b3cdd8b7c734	V4/Evidence/USAGE-SEARCH-20260906/source-manifest.json
e0fa4c9587dcfa7bf0a946a7b39a2b9c77d7d447cc9d7efff1462fe3cc13d6b5	V4/Evidence/VALUE-REALIZATION-FIX-20260919/README.md
91159db74947d9e863ce958ecfec0d85d224dfa20fcd6e6670619b5fed94e931	VERSION
4d31f0357af81d6ae9b71432f89906edad4ade2d8441d21e4e7af1b88a50c553	_quarantine/MANIFEST.md
f26c6e68dd96ba01ccfc3a65a84a831093c08560de0a60ea97274c823f6a7d51	apps/control-api/Dockerfile
bbf441e2f9b0b1953271041ad6d2590b09a14022fb85dbc826646a3ba64b41ab	apps/control-api/package.json
4c210071d3f04cd41c66dac1065c6599f204cd07ade892bc875971d69ebd54a9	apps/control-api/src/__tests-integration__/credential-chat-probe.test.ts
fc4c413e59521ba941d5309e2f217588f528993e42a330e6ead45d7359d6a067	apps/control-api/src/__tests-integration__/deepseek-version-sync.test.ts
80912487c90f9d4813618cb80abc2713d9e7f6c80c09fc37e07008e56ed54703	apps/control-api/src/__tests-integration__/migration-rollback.ts
085cfdf9412f722b8d0c76a80b864c24369391a9e6006deb29f5f46ee2d8ed41	apps/control-api/src/__tests-integration__/pool015-admin-lifecycle.test.ts
65111d5a35f77fb07537cc9aeb6e7fc6febbc39d2ce4ce99eda15858357029cd	apps/control-api/src/__tests-integration__/pool025-operating-bill.test.ts
2dcdc923dbad677d61ae747f262185122fdb1d009b42ea8a7efbecd41325555d	apps/control-api/src/__tests-integration__/pool026-deployment-logs.test.ts
4fe84852f1f908959019806762fae5f2349500da97f17b7b3847b057c9314bbe	apps/control-api/src/__tests-integration__/pool027-provider-model-discovery.test.ts
abaeac05b0a0ff9cd75c1d52d4257b62b9dac05379970abcd8421b8dff38f0c0	apps/control-api/src/__tests-integration__/pool029-employee-model-rules.test.ts
4c9c304f68e9f414ac4c40405e2c67367aa902e0317abecf9317303e7a212b61	apps/control-api/src/__tests-integration__/pool033-access-config-regression.test.ts
92ca9e7d855facf22f98e0c2d2b66a19af014386905964e125b46fcec7a1cc7c	apps/control-api/src/__tests-integration__/pool039-lock-order.test.ts
a2934ea346f93b94378389a35d8fba6aac9ff4e11d216e025291798c5a46e18d	apps/control-api/src/__tests-integration__/pool043-operating-bill-accounts.test.ts
6d6fd8782fb8e06d065ef59c0a386ef2b7289a3d8cb4bd420cda5361cc35b688	apps/control-api/src/__tests-integration__/pricing-configurations-http.test.ts
2b2522ad76784e9b3b43d491b9604ba2aa93671e571ec75283381781a9133427	apps/control-api/src/__tests-integration__/pricing-evidence-boundaries.test.ts
6dc6b46eb8ab42f4d52f31f7b68805ad907d5857d39938000f2b844cdfbf903a	apps/control-api/src/__tests-integration__/provider-finance-activation.http.test.ts
f8e9f3629f8494e2dee9670ae52d1e22706e678414b7e8a40f3b17865e43e93e	apps/control-api/src/__tests-integration__/provider-finance-wp07-acceptance.http.test.ts
90a440a0a26a42da0f235dbd2cc09c84a7d174d4813a771794d484067957a916	apps/control-api/src/__tests-integration__/provider-finance.test.ts
a9fdc6062a30da0d8b4977f586b9ddc3bf9dcea849de84401c5e5586406cd8ee	apps/control-api/src/__tests-integration__/provider-review.test.ts
0697ad17af108489f3eaa8834f1d500de465f2958cb5d9dbe41e37ecf96f2563	apps/control-api/src/__tests-integration__/resource-model-visibility.test.ts
b34a70c902182ab2879a679ddc5ac1f7a754e42717db50fc4606c78d246bf53f	apps/control-api/src/__tests-integration__/runtime-assurance.test.ts
88378b2474f41a625a0b7a225cb6b718bb9756ee36c22655b21b200892e1e4ff	apps/control-api/src/__tests-integration__/settings-audit-source.test.ts
98ee09c6fc600e346f2615c3b0ed426193b5355d83b0664af2a09cd1602f4d7c	apps/control-api/src/__tests-integration__/settings-directory-permissions.test.ts
2a190ca73ea280f1cca37101ad2585f40572d5b600634393b3e0ca5147ac8f6e	apps/control-api/src/__tests-integration__/standard-home-route.integration.test.ts
406d13bbadc07c63cf126f9421a1f11f62f3525c91232306a8111375c8e65146	apps/control-api/src/__tests-integration__/subscription-renewal-flow.test.ts
d46ab7b72a87bd8f99bc87a42ebf39bd9219bb1d3bd9c13a6cff5a9d44760a9e	apps/control-api/src/__tests-integration__/system-settings-v1.test.ts
ecfee51298e426ed30507945f64a77ddea58a7a154b673f58bd08a37a7c76452	apps/control-api/src/__tests-integration__/system-settings-v2.test.ts
f4136e60fabecc0201596f15df1cb7ff3b2273b10f556a7aca8526808d1c316c	apps/control-api/src/__tests-integration__/w02-auth-principal.test.ts
ab83adfeea3be797ed0acf51bd76556925751d92af1f5a813bf90016efec09d3	apps/control-api/src/__tests-integration__/w03-key-grant.test.ts
0d895a263900c4bde61f9416a387202be6b2c3bb2652200b52a3c390bd2f4245	apps/control-api/src/__tests-integration__/w04-provider-route.test.ts
568e95fdb10c0a8e00bb9014bd8b483b33551f25d167ba9113f42014fe4e6630	apps/control-api/src/__tests-integration__/w18-dashboard-usage.test.ts
11b6e1fc5e1ed049cc700a4322907e3c006b8175d4aec9e3332809c7708ec345	apps/control-api/src/__tests-integration__/w19-admin-fixture.ts
e7ec8037bf94f4bc30aab99972e78f54d4c779270f1114fb95ced10acea8c0a0	apps/control-api/src/__tests-integration__/w19-admin-writes.test.ts
33be032c995133bd6c7813c60415032535e36029363ed6eb55cdbb5157f07013	apps/control-api/src/__tests-integration__/w19-billing-rules.test.ts
10cd2ce87be3b65820ba3e45f0abf44b235ce4a83a50277387db41295745cc57	apps/control-api/src/__tests-integration__/w19-config-archive.test.ts
3b8a7d45a4a7744e0f5e7b5323e15247b8421e2a4b2e9297a55854064551e399	apps/control-api/src/__tests-integration__/w19-dispatch-lifecycle.test.ts
396ac1d287e209429995da9e31aee2856d5d05c0c365238b89a4d185573505fc	apps/control-api/src/__tests-integration__/w19-resource-recovery.test.ts
f4a7136c53b9b4f291367680dde75bcf50d5f98529ffe881bd575223c6faa438	apps/control-api/src/__tests-integration__/w20-department-costs.test.ts
37297ec4645ab43d765d38b7efccc9f7e60697020e5be4a6906549db443fd4cd	apps/control-api/src/__tests-integration__/w20-diagnostics-alerts.test.ts
65a1fc54d53399f0ff4b968dcdb11fa2a112f4300b578e66278fa72939ce5c13	apps/control-api/src/__tests-integration__/w20-directory.test.ts
e8ad26843785b802ae23646f33ea7ad74ec787c515065b60be725593e921fbd0	apps/control-api/src/__tests-integration__/w20-resource-insights.test.ts
eea0058c05baa6c55b0849381792aa82756a903a21c24491afe18c64b0044100	apps/control-api/src/__tests-integration__/w20-usage-overview.test.ts
488eb0e2efb1708604d0f0136958755f4b11f9561679a84460c0bf1b9f94d2b2	apps/control-api/src/admin-writes/archive-routes.ts
9a7e2b243738d6245d207f6655f31524737413a5b63822b6576892f9fe2ab5fc	apps/control-api/src/admin-writes/contracts.ts
9b6187eb7dd43a294611b7013ed726910364c2ca71dd5ca3bb36673389bfe184	apps/control-api/src/admin-writes/resource-route.ts
03613efdef1aeb8acaef37dcb6962b5392dd1db43c17c096bdf816376187dce4	apps/control-api/src/admin-writes/routes.ts
214b57d000d6c017b2d9c0e8919dafe51d11fa6485c939024d5f657fceb4f9c1	apps/control-api/src/admin-writes/types.ts
c8a60a034b7866f9a5a80dbd3b29bd708803c9ae50db9b68917bc35402c1026f	apps/control-api/src/admins/access.ts
9e85088b42a02aeef95fc23e519e9cde1015e8bbf4d17567a8b8754e14e9dfe3	apps/control-api/src/admins/cleanup-route.ts
70c18e3ce0914e31e7d65a3d758a8f56ddaab065f6c89d7d3f9988f2d89d5496	apps/control-api/src/admins/reference-routes.ts
38ba0cbe931c9a741509865e65a6724fd08e1fdb2bd941b5b687e726586ab144	apps/control-api/src/admins/routes.ts
26809bd01a1d381cd217978af2399ef93eaafce57630270b65d03c55a03a64b2	apps/control-api/src/admins/settings-routes.ts
8bd165157687afbe1fcb03cde5fa6dc80bd80164b020c19c1d9d3435ddad7723	apps/control-api/src/admins/update-identity.ts
5f537d2e874dc38c8c7ef666d5b2b440c449ff9258f7c31843d4507e0072efa1	apps/control-api/src/admins/version-route.test.ts
1302e66fa058f817f5ae44a0f52530375cf6e005259c8cb00e9fd9363731476a	apps/control-api/src/admins/version-route.ts
6ca7017e31cd043afcd6b96ff508450e198936f54e822a4b4e94d3c0ccc69f55	apps/control-api/src/alerts/routes.ts
62d0cdb639fd1142721514fb0a921a1a9fa828b725c0e3c8155bf02754080877	apps/control-api/src/auth/login-rate-limiter.test.ts
4ec5d197c5fc0af1623f5d63158d5e1e5ca3a7afbe833d9661a53bc885dc0e93	apps/control-api/src/auth/login-rate-limiter.ts
3bf0df33e77be5d4bed0cfdb42319a0bdedd0ffa958a0d7da3e400241a2d140b	apps/control-api/src/auth/password.ts
0686a46468eb852eeca775ed6069a0637caa7f347d922cb7b38261b7be3925e9	apps/control-api/src/auth/routes.ts
4b98b672aebfaaa596a5c2123f093594e13ff8a32462ea4e76d035848f2d96fd	apps/control-api/src/cli/import-deployment-manifest.ts
26f0243a0fa556f3b539f5c912257bc8c257a1cf7a0d430f1c618f96c990e012	apps/control-api/src/cli/reset-admin-password.ts
edd79bb231dbaf466577c6fd804f3eac8ec11e41e98cd8383c6f212e094dfaf8	apps/control-api/src/cli/seed-admin.ts
f69443302f5816f6b11aadba62dca819ed03a774c5e10448215485e23ce5c6a9	apps/control-api/src/cli/seed-e2e-catalog.ts
622dbb32ac4b64ad53ad32edbdde62b1ead0a548253352e8c72bc514318bde9f	apps/control-api/src/cli/seed-e2e-ids.ts
2cb2e228f68f7a019a36368a174b6966553697eba8582268606553eb7aae1068	apps/control-api/src/cli/seed-e2e-operations.ts
1a0fcfe30c64413643342cbd715c522183f771a7ad5df149e922d4bfaf796b54	apps/control-api/src/cli/seed-e2e-pool042.ts
10710d500e5909bf427dff361e58ecb5234c8dea81c929ba07efc7638280cac4	apps/control-api/src/cli/seed-e2e-pool043.ts
8003d755c60bd1dd98a8d493f4f78c322e286d97a2662158690cb27f8f88304d	apps/control-api/src/cli/seed-e2e.ts
4656ff89fa02eb3caff9559a4f1b5c8aacc2c36f05c3648cd248a3e99bdd8987	apps/control-api/src/cookie-types.d.ts
6e527b42b13b0b34df935872e2678e1637911bbeb2d25da0666cc6cd5c8e3152	apps/control-api/src/dashboard/routes.ts
d98409fc12960a0e572c66d761b9ce228d2ccd8ba44cf0b72da802938cedfaff	apps/control-api/src/department-costs/contracts.test.ts
f575e18d8aba35dc2dbfc255d6373da57d2e3cb90d8bbd6be8ce66d6c95a7bf6	apps/control-api/src/department-costs/contracts.ts
0019cd7c503134f270205115023a351d8e08d32bf0744ef6de14dd9e0e7cc5df	apps/control-api/src/department-costs/query.ts
61b9920e7b75f8855ae31d428de7578a651a596e709e7a9d1567ad9772d82db8	apps/control-api/src/department-costs/routes.ts
cc9ab804f80f24dd921584be6109bd5a7cb32a13a3bc9063d874a10fa8c4b2a8	apps/control-api/src/department-costs/types.ts
9542acf68c04a4e1fcd69aa3537790ac55d8e3182d1c1bd80c00ee9981756781	apps/control-api/src/department-costs/writes.ts
6f4fd91b9be2d70f04b009093569220327dfc43b50281079e7ce9ab1882ff6e3	apps/control-api/src/deployment-logs/routes.ts
2d79786635b8360a0d588760d9009b290f9a699cd33f35cbca4d3b3735996c45	apps/control-api/src/directory/contracts.ts
7fbd4c17d3147935648eab76b6830400e5d62473ff0da972b1b75716c670f84c	apps/control-api/src/directory/excel.test.ts
b8ad966272a97e624aa6cf997d134d5ab2b82298643fac37dc56c1864c32cfb4	apps/control-api/src/directory/excel.ts
126691f65608697a16df93bf243fd2adf16c3a4b5df997d44f80c63185e43d3a	apps/control-api/src/directory/routes.ts
a29b013d1b3a13b61e9388094cd64cf766bef39fd507ae6e563a52a7022d915d	apps/control-api/src/employee-model-rules/routes.ts
23a942485fab91ffea301d0eefc5f55f6cad189d95638b1b1b99e642a27add4a	apps/control-api/src/enterprise-settings/routes.ts
8325ec81bc2b194a96e8e88c699362798e8cc5be69645ee2c1edd9ee994470fb	apps/control-api/src/feature-flags.test.ts
9fbf6e7ff7deed89d53b10ca1e8bc2b63f4a8e2dc7a801000f645274d00b338f	apps/control-api/src/gateway-requests/routes.ts
9443e64bf09a73f8ac09a8ea48d517725317bc2a063f64f885cf2bc3b93a4513	apps/control-api/src/grants/routes.ts
c9506040a8eaae1d41630ecdd87f2901177755cfba8a804eb63ae3a9b9ecd673	apps/control-api/src/keys/routes.ts
e23bf9c411d0d86553d6cabe554e3e39e4b58098906663a2dcd3a834c0ae1777	apps/control-api/src/main.ts
bfb73af9d6b29644c45deab8d018393b6a2f916576d3a24aeb8e7bd8a920f64f	apps/control-api/src/operating-bills/account-routes.ts
0e6d1261e2957c902e2a6e5bd8ee1195aad249923e9e85bebfb8de4e6a7f63f0	apps/control-api/src/operating-bills/analysis-route.ts
7a0b0e561ebbc7c0be1ccdf08b2044ab9e20df73ba3f63ebe8238fab66389d5b	apps/control-api/src/operating-bills/opening-balance-route.ts
afb30698ad763d918672572461b1e015a200b1b1eddb5770568507e782d00bae	apps/control-api/src/operating-bills/routes.ts
e7bfacb7778865d817b2b6b0c7429ee3480af79cafb33422d511e429e78e7bab	apps/control-api/src/plugins/audit-query.ts
a302d9353363a8e5d48f50b27aa6560d576efb90d2a2b1b84dc19aeab86440c3	apps/control-api/src/plugins/audit-routes.ts
001e3512c5e5f86e54389003444bb9aef1dd432632aa4e69d58004e1382d080d	apps/control-api/src/plugins/auth-guard.ts
4fb1983aa296a526a56ba11ebcfde7f297b7db885869587790a6bbc56cf3b79a	apps/control-api/src/principals/access-configuration-schema.test.ts
8a142a85f70d1709f3a838ebfdc1fba1f3aef6e6ca24c26f1f7c703f5781415e	apps/control-api/src/principals/access-configuration-schema.ts
21ed7517ebdf377d08dff831394527ba075d032860544384d55bf9cc14618c92	apps/control-api/src/principals/access-configuration.ts
2c3e2a5f904854912bb1d084406640ad7b37e7e1419db3b10b58339fc0a175a7	apps/control-api/src/principals/accounting-route.ts
9ab65f9a8c3fb602a6c7cac8f0463f86e501143512729cfad89bcaa0d8834439	apps/control-api/src/principals/attribution-backfill-route.ts
dc369e272acda9781b2ef7ba810fd29bf4f57eb480408cea53b942a6b3efdf4a	apps/control-api/src/principals/routes.ts
1ec4f923d44d834e52e9ce703ce18da06bda6fd56c880769e9bf999ca7f050fc	apps/control-api/src/provider-finance/activation-contracts.test.ts
a9aa81d73275aae821504171b3c2d8519acb86dcd07520126d3553ee19682d20	apps/control-api/src/provider-finance/activation-contracts.ts
ed9088c982f0ae5f134d547e02046997c22242aeccb6ee30873e7e24c4f23bd8	apps/control-api/src/provider-finance/activation-routes.ts
c5794a4dedd82262dec2ffbbfc15c03d49f66cc7b55b443d33d21a719e816a08	apps/control-api/src/provider-finance/consumer-projection.test.ts
f109a92b58501be0a278209919a6854a790d6e7e18be152dfdde98128e4a9892	apps/control-api/src/provider-finance/contracts.test.ts
d173d3cea0d938aa13434c6e58f0a97503217d58b6597a36e4d3625c73467069	apps/control-api/src/provider-finance/contracts.ts
1e3780d705819ffbb5687fb53d887d1f657fffad02d8c7f8eb4312fc4cbd2ec6	apps/control-api/src/provider-finance/dashboard-projection.test.ts
a46441e58c65f01e8a1db3797b2595e6a205ba09a0adec36cd7f60e9a13fb3d1	apps/control-api/src/provider-finance/dashboard-projection.ts
c53fe70580da650a30855fab299e7d5d983a83d92d0a3168394530b3cc10dc96	apps/control-api/src/provider-finance/routes.ts
3a28e4ff20f93c89605d6649e43eb24016c0a8c5e2c293df19fc6f557d2325b8	apps/control-api/src/providers/contracts-ready.test.ts
ff9619c3b40fa002b876f5e3d8b61efa448c0459402cf58cbfae47bd9bdcdf01	apps/control-api/src/providers/contracts.ts
aa1a68e04c2b8a1a8a3c211e10dbe3bb4022e2e13bc4b2cc5126a1167bb8af5b	apps/control-api/src/providers/credential-probe-routes.ts
de57077114b3a99c23aea4062e7ff4f272e1c1b694bf94412f91f750c57e1d3a	apps/control-api/src/providers/finance-usage-overview.ts
eb32803d712894f01813859a1c6d3680cf1b98975d0efd092cc1848c0e261968	apps/control-api/src/providers/health-routes.ts
c78ecd6647fd42afdd76410cc32088c9e13b1eb65ef89071a8e20e64c60a7dfc	apps/control-api/src/providers/model-discovery-routes.ts
718cb71bab407badc6db8b41bf127b9b4a115a8f28920b257ea11925262074b6	apps/control-api/src/providers/probe-evidence.ts
1a21df047af6ecdf0ec1ba4887b715a8480b53178c7fd8fee952c6d29bf3e4d8	apps/control-api/src/providers/quota-window-routes.ts
b5327f6d0cd7d063297578457495f96f03f0e316d4fdf00b45ec7763f3e7b44c	apps/control-api/src/providers/resource-model-visibility.ts
5f07b23c6bb43852a8ac48c317f08e806ce417ddad1d78ed855f2cbd58f5bd6b	apps/control-api/src/providers/routes.test.ts
8aeaf3d99c21ac846299a8b6e5388c886698a47c44555708fb0c103b49db1751	apps/control-api/src/providers/routes.ts
9b9b10b19738a3f6927a6a2d8d98634bd97c956d5c5f199e2e63f0b3ab344115	apps/control-api/src/providers/usage-overview-routes.ts
ef043e036f32f630e2245c814390085ae971ae88a1f220687f0af6bbb4dc077d	apps/control-api/src/read-models/billing-rule-contract.ts
6ac0a86313b09bab2b2eaade9092e265342660458048ec16f674ea62d5a3c086	apps/control-api/src/read-models/dispatch-policy-contract.ts
b851ef96176e414f32173e4de03a2925ecb2d8abb950cd3ca8276fec8a2a4d6b	apps/control-api/src/read-models/pricing-configuration-routes.ts
f19ed5ef631c242c8a0ace37980a9e39ef71ff01768d9023efd9b6dc8a1156d3	apps/control-api/src/read-models/routes.ts
4096e182c8e3e1db1fbac5e3b5aff2baed613eb42c1c238d4420ff993e72c9fb	apps/control-api/src/release-pool048-contract.test.ts
9ddb662cc67ef1e4d2caaa4295b7ec3d7c4e39081818205bf8555fcef30618bd	apps/control-api/src/release-v21-r2-contract.test.ts
0b87bf31ac696ebed173cf7cfb7f5be2c0fad3f9afd3f94ea3bc92a9800dc43f	apps/control-api/src/resource-insights/budget-routes.ts
6f5dc3efa2d524bd9a5a07a4f8c2b5e67e6c7ffff73e491f6632c01c81763164	apps/control-api/src/resource-insights/projection.ts
2991ad14b81bfbacdc9d88e76c7d2b940339d8bdbedefae4dddfd0d5f2d67cd2	apps/control-api/src/resource-insights/query.ts
35459efa5366c28b56f295a034ac70a1b1470b0b2c9ef6466e13cf4aadc4590a	apps/control-api/src/resource-insights/routes.test.ts
f33203510e56dab25ace5791521a5dbb6149ebbb6dc42100e6421e3b63afaca9	apps/control-api/src/resource-insights/routes.ts
581b6c8b45a6cb409cf3ae47e01a8b821c63c4613ecd04b653e999ae1396dc1f	apps/control-api/src/resource-insights/token-utilization.ts
cf954c6a7c2fc4e457453622baa443ca6d69d7ef9f16b3cd0470e76c0868d7f9	apps/control-api/src/runtime-assurance/routes.ts
459ee20a028b17d335e04f7388dd6c09e67d8518e4df58c8af57276385bd48dc	apps/control-api/src/security/origin-policy.integration.test.ts
1c16ada2df72e0521f97049bdaf2103805cf0404c621071e13b8b93a087a1350	apps/control-api/src/security/origin-policy.test.ts
ed168270d5827b493acce60ef364d964ba1376e5b3c5bcfc8c3968aaf37d8b00	apps/control-api/src/security/origin-policy.ts
5c6c24f3c96168b7129e5f8cc7a7259945d21d5ac595dad59598483c6aa231a4	apps/control-api/src/server-body-limit.test.ts
adf67f96eb944cb1cce133933dee0b21ab91024bcc2f98aa1891535b789daef3	apps/control-api/src/server.ts
911f444e67c3e6e52dca84af307c8847bbff69fea72a5edfa41846c1abb835c8	apps/control-api/src/usage/routes.ts
0e21147cab887e7b72eb576f8998f097826f3db88c1360944c45d70e104523b4	apps/control-api/src/wecom/__tests__/callback-routes.test.ts
0056c28b99e5d4bf7e767df4530bd63cc347e0c8f221970eb11da3dbc8af3396	apps/control-api/src/wecom/__tests__/intent-parser.test.ts
6c1458cf88052a44b3d7aa29e699628581a19a24acef5026c7c7be857390779d	apps/control-api/src/wecom/__tests__/message-handler.test.ts
3289aa26c3e2f97869cd521cf33dbce46e6790ee56884bf70d065b71da51556c	apps/control-api/src/wecom/callback-routes.ts
88ea3404efdc721e8dd22ba6c4ad195ef202466e199f0199dd3c59aeb113175f	apps/control-api/src/wecom/intent-parser.ts
b6713c5f5ee8e589c58efaf0360ac242f1326ffded975c9a1514ec03d010839e	apps/control-api/src/wecom/message-handler.ts
3fea0182f7f7733d06dd2b3606b6c190b78d2472258da2c0cbb5f0a6688fc340	apps/control-api/stryker.pool041.config.json
05a01925f75339d68ca86f08bd5088e1d843f85662a72a120286ffbce7032565	apps/control-api/stryker.w20.config.json
6549f95182c0e522f6fe423f472e09a011e8bea22dd5a0654b0ad7cc67f172cb	apps/control-api/tsconfig.json
964a70ac81313d58a8c92cccc49d7c49b47c3826ea812efb2b1a5939655ac822	apps/control-api/vitest.pool041.mutation.config.ts
a4ab96711e6dec22f0d1e5eee471ef807759b9cf71592c8ac998542e6018af80	apps/control-api/vitest.w20.mutation.config.ts
9ca2c998ec3e86a5b3a4c0fe18c42bf16e6be1ae55bb487891ae84b5bcf77247	apps/gateway/Dockerfile
7ac96a47dd97056e5867256beabc4c364f2c021338a8a2934d846dddc3059f6c	apps/gateway/package.json
f57ec1b866a7356a951ee6f1f8fd208885ce3a69228b283a3012fbb5a9d989ae	apps/gateway/reports/mutation/pool039.json
0620fdae71ea4ca9637ed1706cfb283380e2da86072423b5aac863b10cde2020	apps/gateway/reports/mutation/pool040.json
20b303d2b7024133e5669e8c35b6e4286bcfa298d3c5dab9ddc7e16ccee663ae	apps/gateway/reports/mutation/pool043.json
e5169b91ba635138121eef120ed716e1f3ace20eb25ac330bfe8d8bf633a5fd1	apps/gateway/src/__tests-integration__/billing-rule-fixture.ts
21981f9217cb07f9cf4d2ece0c901e44d6829144e055a3ef1cc99862d86226e4	apps/gateway/src/__tests-integration__/m6-key-revocation.test.ts
a847d4f62d4569ca8c4ad0e35530e8a2d6152bddbfcc0148bf2c187b183450a9	apps/gateway/src/__tests-integration__/p0-real-upstream-responses.test.ts
c2d7ce213e2d2a935b3db6aae6d2d7dc6eb1a492c027fc2b284070f747bf6c79	apps/gateway/src/__tests-integration__/peak-calendar-settlement.test.ts
ebe514c38c91c93bf90dcd8c227c266d7b408cce9086820402356461ce22c332	apps/gateway/src/__tests-integration__/pool043-operating-bill-settlement.test.ts
0e45af541ca9940540820a67b7d4faca6db42521ec5cee97bed826497e1d2656	apps/gateway/src/__tests-integration__/provider-finance-quiescence-gate.test.ts
75a995dc1ca3bfefc29e05bcd01ac4e50d6853ab46c42c7f066e57349b00b759	apps/gateway/src/__tests-integration__/quota-dispatch-boundaries.test.ts
6851a08d21670e4939308a4aa03e5907349e87a15c8ec2ca58b007be447a38c6	apps/gateway/src/__tests-integration__/quota-p1-fixture.ts
b4abd52576da4f67744cc29530bfd8b9cb9186f4cbd975d3181602f419736ee8	apps/gateway/src/__tests-integration__/quota-p1-settlement.test.ts
6132fd90838e383fcade24bf472997c4e965c114c3b437d08acf6df30ac8c8cd	apps/gateway/src/__tests-integration__/r2-n1-principal-ownership.test.ts
f25ac0345a270dd63d9cb2c916465c32df2edc7150781cca2e86716f2ffc7d42	apps/gateway/src/__tests-integration__/runtime-assurance.integration.test.ts
92ddf4a3ed118eecc5e169a779134bbb46f21fcaea5c2afa3414f5163b9fbb65	apps/gateway/src/__tests-integration__/w05-northbound.test.ts
45893d774cf21a4dc4f9c9775c08eb7fb0449e66107b4b7fc26bc61d2557a798	apps/gateway/src/__tests-integration__/w07-ledger.test.ts
4fd3ee8972a13223407d7cd902b57374c20cd29c1822e8c7ebfcf388ba995653	apps/gateway/src/__tests-integration__/w08-e2e.test.ts
4f7ec3529d8b15f6a77c7020239c9e3e85eb9fad070efbce056677394824421a	apps/gateway/src/__tests-integration__/w09-zhipu-e2e.test.ts
46e99dc137bdb904ad022c688f1ff60283d776022ffbe68235cf66e3812a300f	apps/gateway/src/__tests-integration__/w10-kimi-e2e.test.ts
e61e22d029c2c1329df34a9df9dbc1ffd10407fdea5fb3f3727b6509af398808	apps/gateway/src/__tests-integration__/w11-resource-pool.test.ts
ffdfe75cc5504fdc9cc11a948050e16a3e983c8abe0390b1fc029c3a6083951d	apps/gateway/src/__tests-integration__/w12-routing.test.ts
ebaf1a989e35936f86f7178d1d6590dc31fb20a973bd9abe007aa58045a574d3	apps/gateway/src/__tests-integration__/w13-billing.test.ts
85ed6a0ac5a95fd8fa9d1fcffb41bdc550a1126c9cad090164776cb2471924d9	apps/gateway/src/__tests-integration__/w14-quota-gate.test.ts
298be84c718eebbeeb8f088c6167248de0a0f9c9dae44c1c2442eb4ec6a1b0f5	apps/gateway/src/__tests-integration__/w15-supply-forecast.test.ts
a3d4dd5844dfe7eee5b646270a8d7b2874c079757878b0414a5d490ef325fa68	apps/gateway/src/__tests-integration__/w16-dispatch-boundaries.test.ts
92a8df01aaaffc018f2d8d3e7d140bfe161c0afc18dcec608190bb9730cac718	apps/gateway/src/__tests-integration__/w16-dispatch-failures.test.ts
995e01336b8c77663ef23794e8f17146614c171d6690f132bdfd742850e82248	apps/gateway/src/__tests-integration__/w16-dispatch-fixture.ts
067640f6a679f81874553462819898ee0ba3c879180358ccd9b18f7f60938b65	apps/gateway/src/__tests-integration__/w16-dispatch-pricing.test.ts
4e4da68321aeb91fccf1c13f1b8c932da2d2541bcce44771867d85f2db7b2829	apps/gateway/src/__tests-integration__/w16-dispatch-savings.test.ts
d1843308316411fc934c55e28e9e838a7e190dfab05828f374d0c5cafa74619a	apps/gateway/src/__tests-integration__/w16-dispatch.test.ts
abab707f3ac1c42c3aece8b632b833d4a38a3f31d475d48ddada80885ad02999	apps/gateway/src/__tests-integration__/w18-quota-pipeline.test.ts
9b2abdcb8c9a3e3dc4d59e19be7dc3a69a9a55e2d0fe1d6a771ed2907fd151bf	apps/gateway/src/__tests__/request-idempotency.test.ts
8acaa22ae921cb2a1d4fef8e317e45ede1cf750795710cf75cdf073c51439bb2	apps/gateway/src/admission/enterprise-maintenance.ts
ec6cbce91c903e7efbd69d18556804174c252a9dccea974d706365d915696c5d	apps/gateway/src/admission/invocation-admission.ts
f7346d4c71466590a6d3590e7e7dfbfbdc4f1bc22cf9ec98b794259885676d5e	apps/gateway/src/auth/current-model-authorization.mutation.test.ts
849725ea4a51f4e3bf224a09c576c3c3f69a7a73fb6401d57ec7caa664fae745	apps/gateway/src/auth/current-model-authorization.ts
ec9f73aa448ee9db1737150f984f072ff4c6c0870ba8dc53b3f2acbee18d98c0	apps/gateway/src/auth/principal-auth.ts
2eb2af84225f8aa8f697f94d7b28104adc9e038e987330dd81703ed69d719b95	apps/gateway/src/cli/run-codex-e2e.ts
53236208c4e2edf7a3681781ee437cc80d9773fca112fb4b02b56eaa3d8b41aa	apps/gateway/src/main.ts
5e930b22e83e297a4d19a7e3e7e80390c3cfb43d1cd84dc7ccbba3e02af58dc3	apps/gateway/src/pipeline/adapter-registry.ts
b4b5fd800467ac74f4cbc464b0b99c53169eb21224b33e79353ed7982a8714e3	apps/gateway/src/pipeline/attempt-dispatch-guard.ts
8b7e6a6400fbf4b61f32f4b3d66e5acc11887cb3bdf87c4f247c5e778400df9f	apps/gateway/src/pipeline/attempt-usage-settlement.test.ts
e2ac0692c04bfa19364e87489253ee63d67c08c995dd24648e5e1ac0aefbcd54	apps/gateway/src/pipeline/attempt-usage-settlement.ts
a64393e91a29717060a7eb8f7b7401d0649f54d46b59e8247af60a401082fd5f	apps/gateway/src/pipeline/billing-evidence.test.ts
0bc3d52468317d44f81cd7e85adaec506f0236b14c566d9de4cd2a4320c0503e	apps/gateway/src/pipeline/billing.pool043.test.ts
820345bd7f10cbc52056ba4b6a51f2abe01dca3cbb147ab207b4af2bf494abe1	apps/gateway/src/pipeline/billing.ts
874fe7b7dcfc9a172e7342ab9aab703e6326834675b1c50fec40fef69cff966f	apps/gateway/src/pipeline/dispatch-check-failure.ts
aac23a2a60307a5ae342c1d65008e1a2d4f75d66e143da545a44862d41399ddc	apps/gateway/src/pipeline/dispatch-guard-evidence.test.ts
da37e5158bc3d28f37c3569d0c303588ee8bbdc266a1786547e8a21ddadfafe5	apps/gateway/src/pipeline/history-truncation.test.ts
b00f0d46ecd554861b52a6ae6a88540af11c02135452698001b9ad83e9b3029a	apps/gateway/src/pipeline/history-truncation.ts
0c74f1b538f1cdf85f27724ccae0eefb5615ea4fd1fed2b0090837552c7ad403	apps/gateway/src/pipeline/pipeline-admission.ts
fe3d9b403d92bd10c040f6a83276c49f20c3873bf4ebfe53078b4dfe8bcf6bef	apps/gateway/src/pipeline/pipeline-attempt-execution.ts
ad18d7ee2a4161a5aee7091d58a20c83ea0f5cdb680f1ac5eb498df2070d6cea	apps/gateway/src/pipeline/pipeline-attempt-preparation.ts
9548647e9055eb58dcfb869b1186af6474ba162b1183e943eb1e711a1125e124	apps/gateway/src/pipeline/pipeline-attempts.ts
da9154900a8d28dfcac293fa59e9eb69e1b87b34414aa2ac833f2d2f6ca38ba8	apps/gateway/src/pipeline/pipeline-dispatch-decision.ts
bb1ce6b10b76a5cf9c7ad2ec266d9743e7372cd75882d3d2ae1548dc20659589	apps/gateway/src/pipeline/pipeline-failure-settlement.ts
99c4cd036f101b9cdbed9466c8759fa15ed432296bae9241e2fe49b207e5313e	apps/gateway/src/pipeline/pipeline-response.ts
7e1d58ffdbff10b53c36c9fbc843da8c48a4ca53025e99178a41bbf17982a312	apps/gateway/src/pipeline/pipeline-settlement.ts
7b50dded6be2a474e26d860b4e7bf321e1c8b50dcf9e52152beb73e1ad65bcd3	apps/gateway/src/pipeline/pricing-evidence.ts
c66ba0cb1d21ab5124981d8b1c5de0fb6e665e8501e31d5a6c89652106637365	apps/gateway/src/pipeline/real-pipeline-types.ts
744a14f1ef7e4f1d363f3698e6c7647951bb95bb8a2bc4bc6d4bf4c4794b7b76	apps/gateway/src/pipeline/real-pipeline.ts
58a0cf176eca39deb64e2d1f131d4d46277dc90a4bcb39c2879b66dca2f2bcb7	apps/gateway/src/pipeline/request-idempotency.ts
368e92a643b947126f1631cf4a6bededf4be7c87fb43c0232b69b82b10880891	apps/gateway/src/pipeline/request-model-identity.test.ts
7b5f94077ee4b9920f6d3be2c2f23eb1f10c5f4926cb7843cbc612f8ac360ba9	apps/gateway/src/pipeline/request-model-identity.ts
b7ef9d630ad15664d6989491bb1172f7fd02e00c148a73dbe560b7923f38ef6f	apps/gateway/src/pipeline/revoked-attempt-settlement.mutation.test.ts
b066170187f860e47bf1f284bdb6bc57eb58eef2768b7882aceb9f9016ba5e04	apps/gateway/src/pipeline/revoked-attempt-settlement.ts
8498060c043cd8e14eb5a1aaba5beead44570ed61739e61271c6e35ec9b2e93b	apps/gateway/src/pipeline/runtime-controls.test.ts
e97cf32006f0eaa412fcc4e21a5630f31f1024472f57fda325a65e1a03c12edf	apps/gateway/src/pipeline/runtime-controls.ts
79120558b7e17e7270b8c837b09e1674cb4f19929a4dc9557ba24b418c3d3dcd	apps/gateway/src/pipeline/stub-pipeline.ts
06f9be0ca774fffd7b8449dfd222ee5a2e92b9aea4c0bb08169bc31a0475a4fe	apps/gateway/src/pipeline/upstream-error-diagnostic.test.ts
23cf4a97ec456dcdb1a9fd4be6abfa3349b95f9cea45322bdcf84e8355f29c40	apps/gateway/src/pipeline/upstream-error-diagnostic.ts
fbe521b5bf68eb811650d009b8615ad9a078bff629446cd7da4ab35e94abc312	apps/gateway/src/plugins/error-envelope.test.ts
c40ca4ecc8e84fef319e35fdf600c3880f7a759f7d9507246ddeec90631bb358	apps/gateway/src/plugins/error-envelope.ts
1febd1b3aa84026661b07c931ef61dbc5d02bf04d070869757e8e1bcd3f8a580	apps/gateway/src/plugins/request-id.ts
e0fef91ff720f6192ec4ac56b62d22cd8d26d60efadf1b311db29684f20bfcc9	apps/gateway/src/routes/chat-protocol.test.ts
d217b029b7f195cadc3895931001c9a8c33c14a27cbf7c2c7b09411c37fcf44a	apps/gateway/src/routes/chat-protocol.ts
76daa482a2e29d2d01f29c316fd91210ec2704dc90c86e912b685b6639a84bd7	apps/gateway/src/routes/chat.ts
9edcb07e9aff64e6b19ae1ace413055080d13034cc6dde58702335f0a363dba6	apps/gateway/src/routes/messages-protocol.test.ts
0576a04151fd303a9ad81e01e7c71891bd6987c26a8223a6596941f0c64291d3	apps/gateway/src/routes/messages-protocol.ts
85c846cdfb81fa0cb03fdafb72155b58b3f965330725888be1514a09ac9fe48d	apps/gateway/src/routes/messages.ts
d116e85d87b0bb7b41fd7a537ee237354597dc2d940a6669ecee0ee646e05c8f	apps/gateway/src/routes/models.ts
2a382a2234717e7123f026c225211c4f16cec3b19fc6fb8a9974176dbb83054f	apps/gateway/src/routes/responses-protocol.ts
c2ae300321fbc6d7dc3419c8aa3dfb5c555abb4eeee79f043f90c51abef31758	apps/gateway/src/routes/responses.ts
90a6221e9c1763e95b5abeef2535a34e2deedde5ab71092c03beea9a437a5ff5	apps/gateway/src/routes/unsupported.ts
d3bce2dc5c6efeef4ba182b44d1794feaa1402f87962202dde690be6a309aca1	apps/gateway/src/server-body-limit.test.ts
5ad9cc9b6ac5b80c3ef02397a61371b6819702fc79cc99ebc57ba7dd95cac19b	apps/gateway/src/server.ts
da4cc55a1dfa431d780a6ca6e25aac380c5e5427c6e6bf5e5e16d6c4b2a18dd9	apps/gateway/src/upstream-caller-factory.test.ts
b8639d66fb0c1ab80b80550760b4e5bb0f58cc30940f388e4b0771c5c4a7fe0a	apps/gateway/src/upstream-caller-factory.ts
6b02fdf1a6b5bb57435d69858eb180e0dcce1498b72ea5a05ace490e0b224fb4	apps/gateway/src/upstream-failover-policy.test.ts
42332740eb2c98841c1f168ef1325f1f5649d1feb5c6f52770a2c91c3d7f27cd	apps/gateway/src/upstream-failover-policy.ts
5e8e28e739d1980304bb2f15747c0a4c38cd65b00a415b3772090bb735e75bdf	apps/gateway/src/upstream-timeout-policy.test.ts
9b51561597943fa547dc7628091e4c833287c736be9894f0bcf91fb51902560d	apps/gateway/src/upstream-timeout-policy.ts
b19a5af661071eeee0084b01e64af195ccdee44500dbf098bf2e1657ea28fe5f	apps/gateway/stryker.pool030.config.json
4013844faff348e57f5e08fc6403ac2e87efa94b493c884161369f2930ab3fb7	apps/gateway/stryker.pool039.config.json
07f7218e2bc543115011dbd9fc02f18aa36f3a3a75c777de7d3731c6da742ec5	apps/gateway/stryker.pool040.config.json
5b7932d0242d0c3eba32fc132d765b2df0e048b63a1430b4d849c29d41c21b62	apps/gateway/stryker.pool043.config.json
6549f95182c0e522f6fe423f472e09a011e8bea22dd5a0654b0ad7cc67f172cb	apps/gateway/tsconfig.json
521ff6dd1f22a659302b34dbdcf56ffd47af046c10715e5cecd35d63e8ba151e	apps/gateway/vitest.pool030.config.ts
70dab73f7ed952f44aa5c6282ac146d430e67d0faf0359d974aaa4a3431d7211	apps/gateway/vitest.pool030.mutation.config.ts
648e73ad280e53fb6d21534fd3260ea428f897ef714de9e52fa3519e700bd0c9	apps/gateway/vitest.pool039.mutation.config.ts
5201d1f9346a0081f394118a5afa48a93c9fa54de17081f52e500f782c073cc7	apps/gateway/vitest.pool040.mutation.config.ts
4e9d8ad21b49ce0c393dbdba3ecd230a1898e7a1712fcaa1a3f0463374bd7654	apps/gateway/vitest.pool043.config.ts
d9c46920f3cd9346e2e097ee1acc4945a3678e8a36d5e7397976024dbf1f5a2e	apps/gateway/vitest.pool043.mutation.config.ts
d648856513e3f606bdf5f398d9410513763d2ef2ab38223eeb74fef4b0eb16de	apps/web/Dockerfile
aa2958058dabb73b6ce40293cfd5501015e1aa44b144eebe47a1c0eda35500a3	apps/web/e2e/README.md
2d3d0b2286f79122855ed4ce43074a7615443eaee094fc294f7c168eb0c10903	apps/web/e2e/fixtures.ts
b64be4e6de823ac1db272fd4684a978e548934182dd79cc50a1fd1774d5234c8	apps/web/e2e/global-setup.ts
38a23e72f37672187f5536b4e8a8deb2d6b0ed9bc65c82af0153a7856af789b7	apps/web/e2e/provider-review.spec.ts
3db85709ec6e9d119604e760e08492d40394275d7cd70fa76bce443888efd5ef	apps/web/e2e/quota-pricing.spec.ts
a390d46d4e102f84c90f26c4601320920279cf77fc3ce993e9a7fca456df537e	apps/web/e2e/wt-web.spec.ts
a9b4550eb96bd0c66bb7014894bed9224151d84c31821f84c4f316fa25d9a84a	apps/web/index.html
afab2dea302c08c0033707e0f3fee006f2560570e787f793eacbba96c6f8bd02	apps/web/package.json
93179c539a599af7aae7a6063400fc1ef80a6aac51da168a2d761c79b250d628	apps/web/playwright.config.ts
e32657baf631d7c5f4dc67b4b2ee0ec8e7d5b3c41860e09cddce7c0377cd80bc	apps/web/postcss.config.js
c3cca6a96dc52da11ac609c41b59a99304b28a8fc6aff4cb22e67c894432f87d	apps/web/src/App.pool043.test.tsx
5a951b0095b8acc5a56bc0f09eaabc3ded608c29d164d228bb2f2a583cfe84af	apps/web/src/App.tsx
07f7d146a92455f8cf30d60aaafbda68e2d0bb0667f866634ca6c468c8d949db	apps/web/src/__tests__/operating-analysis-fixture.ts
b71d4c3e0384eec9f824815dd0b7183db44be53557c6981256879c538dafdc0b	apps/web/src/api/access-config-types.ts
2bea73ecd2e5adaf24646e3e11420974792476e3a48822f6e7e45adf961e2d07	apps/web/src/api/admins.test.tsx
42c231155d5d6c2898eab10d65ebc9346ad335efcde4559ed8cd7a6093a90605	apps/web/src/api/admins.ts
7d23106c5d67e82b9d3fed1fb86e229e9be9c929fd1cda901dc5979d115f0657	apps/web/src/api/auth.test.tsx
9b746b3cdca64fbbc6839910654e7354561d5f3da10fe13454f3a75e6fd72b04	apps/web/src/api/auth.ts
29826dca7fa54ad9fa79dc77c102eb1475cab396205e2afed265377218a16da7	apps/web/src/api/catalog-access.ts
3f6a824f44d480852e013688b715e7b642ee01052eb13fc9c25c2f42e4a75b91	apps/web/src/api/client.ts
4b6aa8af421e971b8bfc2ef2a931f3b1333d209f6d45c3b760d61569726ec519	apps/web/src/api/diagnostic-types.ts
ca1ece457c8dc9e6824fe75b17e257648d6e56af2938cc14e0976412539e7aa4	apps/web/src/api/employee-model-rules.test.tsx
4508f7347bab9abaa70baaf2a61b71d4e2f58b1c4d2219d20cdc77d53f858552	apps/web/src/api/employee-model-rules.ts
05121b5d11e1c16246fac3ab486577c628d59edb413a4d3abfad9ee497ef069a	apps/web/src/api/employee-rule-types.ts
232e4989bfa4046743529eaed617defb8816aae91572e5c94f48c29f97d3c883	apps/web/src/api/hooks-alerts.test.tsx
affc504842ba744d5b071cbf6ac03c4b33dcfb7e34fd79de17431046ee4ccae8	apps/web/src/api/hooks.ts
db563cfd5b03efd9c663874b1497ad5509eee322cd85d5564d3e9f878accf5f3	apps/web/src/api/operating-analysis.ts
7a4625c73b405222250973363d54efa1112abe6273d3c9479d46c0202b967cd5	apps/web/src/api/operating-bill-accounts.test.tsx
405e950c994e151cddc5a8a3192e8a54fe0b46c7fa47128ac127d91f968d03e4	apps/web/src/api/operating-bill-accounts.ts
31e0600cd31b45fa2934f6d0e3e7a52fa5bf4e21a17aa6145e654217f6fc269d	apps/web/src/api/operating-bill-payments.test.ts
a67e3771a45e9dbd576e8911a08427c987ae501f796992c04bd2c5e74c262b51	apps/web/src/api/operating-bill-payments.ts
4aa6a5d8e48052815cc00fe3002f0b8d34811b67d4838d6afa27246ae9899eea	apps/web/src/api/operating-bills.pool043.test.tsx
f7bc8fe63562b2bb957288c9299bea975b1d5a2a9514b8963a654de868e23e8c	apps/web/src/api/operating-bills.ts
948de1bc4cc1db7c9f9034dfba012e67a143c501660a8cc60cbf975c056f8feb	apps/web/src/api/provider-finance-activation-types.ts
3d187016f2d3c86ab0d44e403c263b9ce6e94cf68062c96ca2145f53e1d3637a	apps/web/src/api/provider-finance-activation.ts
aaaeee53629faf4ebb55b07ea9d26567fd9cd0159c0bb85c2bde808b59aef966	apps/web/src/api/provider-finance-types.ts
b2eb4b503b22b8b27bfa671aaa151fe334ef4eba18c28263267f1434ee91eb11	apps/web/src/api/provider-finance.ts
4fb437442633b9c04600076a744d1b6283e4714bfe32803dc31ce263b644336a	apps/web/src/api/quota-types.ts
aba22cb423b3dc2a3f57b2711ca829aea7843b60c229abbcc2e0856c2bd93892	apps/web/src/api/reporting-types.ts
fb1712d64777822773becc88ac7831e0cf5cdf03ed2f33d84cb80eed62073502	apps/web/src/api/runtime-assurance.ts
6028fe991b882c336cf962a8819eda27a199bca3c7fa59cc91002cf06cf4eea0	apps/web/src/api/settings.ts
6763441e977c45ab8766e45eafeebdc0ccc6f880f37a8f63212362dc3b33d42a	apps/web/src/api/types.ts
f8876bbc491489b7f0bd697dab383b68de12a284939492038c89c53724f70e83	apps/web/src/api/v2-hooks.ts
e4fb5d0e121bc0665be08c02dfd7310d341d5a2c96f448374771e5f3e4f556ad	apps/web/src/api/v2-types.ts
2cdefedce3ab0d603f2191b8e5c0955c8978867e437d58d90114a04362625958	apps/web/src/assets/qianliu-logo-primary.png
7b91672968268ba9ce6257062282562b9b4df78084de1d03dec865bc71eda746	apps/web/src/components/RequireAuth.tsx
d4b8d827835a8521c2e3ca00a8193e046da6a331dfc76688b8d74429685d8901	apps/web/src/components/dashboard/OverviewMetricCard.tsx
1ae82e2d2a5788a9dc12fcd7a6b20a3640bac5644cb9b394c3ab370beb9560c6	apps/web/src/components/dashboard/ProviderResourcesPanel.tsx
85cb452916749d2c0e05f8b700bbdd40339db041f8c71150f18048ffd9dcf7d2	apps/web/src/components/dashboard/ResourceBreakdown.pool042.test.tsx
8547b1160b982ef94434fb9f6c0e2982c2e7a51c69915dae573e6ad4e4035808	apps/web/src/components/dashboard/ResourceBreakdown.tsx
8191b9db61f7ec798d8669fdeb4e7ebb68b5bc5d1e2ddbc2a737b7af354e551f	apps/web/src/components/dashboard/StatusTag.tsx
a149113f0cd4add8cdfbe38f8436bb017e3a262c29bca8a4e4bb900eabac761c	apps/web/src/components/dashboard/Zone.tsx
a9c24caa46f2433a43e20ca47f20b70bb2133cbbadb0c003d569ba532795fe95	apps/web/src/components/dashboard/standard-home-model.test.ts
e5b57603700163757835cde57e9790db8ddf7d500c7835056b7fe871a1973dae	apps/web/src/components/dashboard/standard-home-model.ts
0068cc050c9fb0a65ae40fbb28c3f9810cacf10fb282d6abc08985058c2cdcfa	apps/web/src/components/layout/AppLayout.tsx
a88365947c67d701fb8c5768bf08627cd7c99fe8f2aab83c2c9efe69bd41aa2f	apps/web/src/components/layout/Layout.pool043.test.tsx
047ff587ff0660b8843bf137ea06f403818fbd5276769c6fa9438e2d54ec95e8	apps/web/src/components/layout/PageShell.tsx
dcda42a0a786246c532b14f28e5a339d6a2ded5d9522a9afb58f14645920fd62	apps/web/src/components/layout/Sidebar.test.tsx
7da4e530eaba32935eb7babc1f1b242e92b0ebd227fd652523fc8592872cd659	apps/web/src/components/layout/Sidebar.tsx
9c5f5e7d84266f0c3a908af3bf1c15296c59a7572c5b3ac1afddcfcb4057b729	apps/web/src/components/layout/Topbar.tsx
35bd65d1ef2d7bdf5e5270d399e70101c07842ac3d39336b68b61f959d9fa785	apps/web/src/components/operating-bill/AccountShared.test.tsx
98c97980281e31717ebc0fb6236f515321af183d928f44fe237c0ff3e2cbc71c	apps/web/src/components/operating-bill/AccountShared.tsx
f223a6e08e3c99d5e3b35168da4eeda1fc413f3beb8535abbe455bf358efeeb8	apps/web/src/components/operating-bill/BillShared.tsx
8a4e20749883a063ebaae598dacbffcf9632369b00f7b07186e15c2c6f6075c0	apps/web/src/components/operating-bill/BillStat.test.tsx
32d1dc0dd431e0d8a3ee66cc3cb842678a3d0a01faef3f2e1dabdbfe8f56cfe2	apps/web/src/components/operating-bill/BillStat.tsx
ccea97f7897f66fa059021de69b5a14ea1a2e011a6cfacb605dce6a2cacdfd3e	apps/web/src/components/operating-bill/FinancialLedgerSection.test.tsx
7a4d00187e76bcf3fb3d3cb84154cc58f527f0c99a2a20221245875e553b8ff1	apps/web/src/components/operating-bill/FinancialLedgerSection.tsx
e3762e9f0c01efcf5364aee1879855f297e714a7491639744cfabb26a41f9da8	apps/web/src/components/operating-bill/MonthlyPayments.test.tsx
22ea2c58b795a349da022a0e88c8cf20778d63547e19b3ebfc6ba37fcdfa54b0	apps/web/src/components/operating-bill/MonthlyPayments.tsx
03c4d6540bfd4c956a4778b87d1bd73771e592616174de9545169d104925c2a1	apps/web/src/components/operating-bill/OperatingAnalysisPartial.test.tsx
3db8cda3db12deff69cb735dc89d825b8c7466efb0e3c9069129eebe921e5de2	apps/web/src/components/operating-bill/OperatingBillShell.test.tsx
a0c528cf1737a886f72d1938f3c300f045a3f42a317cb8e3d5deb1661df667aa	apps/web/src/components/operating-bill/OperatingBillShell.tsx
58d1f9fe1d9fd585b13a02f028f8373db8aac57f7a213cacc3989d0672043a60	apps/web/src/components/operating-bill/OperatingPlans.tsx
e6f4e6aa6fb4f975707ac10094c630ea6273e959a87f520b917828eda1a10d9e	apps/web/src/components/operating-bill/OperatingProcurement.tsx
d12f9922c5e2fddedcba57ea7e67c01c50efda2c268f4c2bb774a87e53b2055d	apps/web/src/components/operating-bill/OperatingTrends.tsx
5e71fd2d8cdfc1103f536ca97bc077de4332a45922b87961ddb0d8473c0dbef1	apps/web/src/components/operating-bill/SubjectUsageCells.test.tsx
a367c1f930a396cecf5078818b58090c08ad830d594c1bfdfb376cad80571ebb	apps/web/src/components/operating-bill/SubjectUsageCells.tsx
694c7b867b3711b86cda2a9861ee16244ef336a9072a149caf8716c649b385f1	apps/web/src/components/operating-bill/ValueRealizationSection.test.tsx
260ad7b49d4a16aaf6d54d4d69cb78750352b6f8084895eb41204ec9fe47c667	apps/web/src/components/operating-bill/ValueRealizationSection.tsx
1fba2e3d3c18a0147ae7e64e495d81a42c599d5375631132345f2dceb2f4e227	apps/web/src/components/principals/ActivationListDialog.tsx
48cf3fbae95723fac70921e123efa9a9eb3ec8971812f46cde2521440bd66365	apps/web/src/components/principals/AgentUsagePanel.tsx
82ff97dfe4bdce18a09cf96ac38bd9aef50e1aeaa09992a1e82045662a722bef	apps/web/src/components/principals/DirectoryMembersTable.tsx
472fd6138f7e12eede78d6e0b771936e63200c4bd7eb3be2daff967cda429423	apps/web/src/components/principals/DirectoryPanel.test.tsx
720c56ab1cee4cdbe93fe959298c9fb894f65d423b57aa2d3373909f5c3c9821	apps/web/src/components/principals/DirectoryPanel.tsx
11fe5f4cd0023d0adeae0cafee8d9b2a2fdbb447ded8fb593041ce14c5854cd0	apps/web/src/components/principals/HistoricalAttributionPanel.test.tsx
e1bcecd0c1d34c25d5a52d3058b37c49dc9136e0cf009138eddf95285865b365	apps/web/src/components/principals/HistoricalAttributionPanel.tsx
442191d15ff377df3c509676e9443f549bfa25b403ee1dcc7b7f1d6ecbe5300b	apps/web/src/components/principals/PrincipalAccessConfigPanel.test.tsx
17069e3405336eab68f1f1146c367fe5e6737d76b9bd58803c735d2da389cb0d	apps/web/src/components/principals/PrincipalAccessConfigPanel.tsx
57b62073bee83d96e2948e052b182ceafe0caf2f4fa647d046722ff7b6ef0dcc	apps/web/src/components/principals/PrincipalAccessPanel.tsx
342d5fcc9126e3c0771345f685671fe6d843bdb9efc97f7371c827fe61cfaccd	apps/web/src/components/principals/PrincipalAccountingPanel.tsx
3a7df6e63d063cddb7ef6ecd51a11a47f1f8769c7ba286d75db6ac240da66606	apps/web/src/components/principals/PrincipalCreateForm.tsx
4ba36b75f627e705fbefcc58174000d874669712f81fb8f505ec67ff38f29af9	apps/web/src/components/principals/PrincipalKeyDialog.tsx
4991705c802acc995da39cebf42dafacdffe46740f74656ba5fa4ca01f81909c	apps/web/src/components/quota/ConfigurationActionDialogs.tsx
bb05aa635cdb791cc1258b8574c4a87a0016cbc4be4ec5240aca06612e4955e2	apps/web/src/components/quota/DepartmentBudgetEntry.tsx
538b84ab24b657300825a739abb5321405c4fec06b43c9ba85e89ff2453613ab	apps/web/src/components/quota/DepartmentBudgetPanel.test.tsx
bc7921274fc580c1ba7d74441f57b8565131f2287323f77351b357924474aeb6	apps/web/src/components/quota/DepartmentBudgetPanel.tsx
cf6268537c59559c17be3dc723cfade5911b85f6b9c114651957c36f0bc2c328	apps/web/src/components/quota/ManagementSection.tsx
72e9bdbc7165f66669e3e83d74d9344071c3a6ee9350e2adcec2810b7dc7b3f4	apps/web/src/components/quota/ModelDisableAction.tsx
026229af377f849576f3a4b2ca6d2cd53caea91a7421fd0437b0f898129114bf	apps/web/src/components/quota/ModelRuleCard.test.tsx
8fbcdb2891f8bab2530e359b43ccbfe00fe50e750de8960c229d0a75bca47e0c	apps/web/src/components/quota/ModelRuleCard.tsx
15497155d0d876bdc5fafdfaa13ca313fc229902e27dac6b253860b379462e65	apps/web/src/components/quota/PricingPreview.tsx
9cad8e36c3139120af6d2023587ccf71497ca0b450e171475d7752f0ddeaaa73	apps/web/src/components/quota/PricingRouteFields.tsx
605ca926081cbf7d603c0ae13f11c378b73d19c61e905c69332a1066b32910cb	apps/web/src/components/quota/PrincipalScopeField.tsx
f25a4734bb9f58d5831023c83708f7b2e0a3de69546df97a3407a652f0439f37	apps/web/src/components/quota/QuotaBillingSection.filter.test.tsx
20b8a9b4fbf54da447e9e6aeafdb95b9f3ac437818845a07d027c3d9e91cce58	apps/web/src/components/quota/QuotaBillingSection.tsx
f67db5782012743e98e455ffed86ad605a92f5f4777f1eb210e3aab0dcbcd513	apps/web/src/components/quota/QuotaDialogs.tsx
ca8462c1d467baa9f750e59e0c00fa95caa9eeb0fea35a86caaf2d6990a82b78	apps/web/src/components/quota/QuotaModelSection.tsx
977903cde8f1b03aa06c520a5522a4845ef2eba482bcebcdf1fe7ad1ec9e8ad3	apps/web/src/components/quota/QuotaPolicySection.tsx
36b2b59962ca4a0502690759e952ffef8e71907c2820aa95f7c1feccf87039a7	apps/web/src/components/quota/QuotaRouteSection.tsx
76e080440d2d343801e4bf05a7a08db15e2fa4c8bf05106cea4e5611be7f6e60	apps/web/src/components/quota/WeekdayPicker.tsx
b03f6a4e2a73e46ed1bd25dfe292c89f3115b05e3d264f15c6b7b98364925e0d	apps/web/src/components/quota/dispatch-policy-form.ts
39cd364723966278f8c8f54a227916bb5af9899dd96220c647c2527f6f521da8	apps/web/src/components/quota/model-rule-grouping.test.ts
905cdd0747744b22714fc275d31be4d0688db0a79fac57e7e6b393dd1d7bfb96	apps/web/src/components/quota/model-rule-grouping.ts
f94f851347d8658a4f7394adb86f379bfac2b05fb4cb2340c41f013326da3d21	apps/web/src/components/quota/pricing-copy.test.ts
417c252b70b2fc936354960969e8b83f892915926f759ec4e4aaa222f6a86419	apps/web/src/components/quota/pricing-copy.ts
048eb0f01c240aa4f1503d82893064a5dd73489386a229e7cbefb738e45e7b6a	apps/web/src/components/resources/ActivationDraftEditor.tsx
814e8c2fccf63d2bcf63d8e07463ab0afc3480f2693ace586fe110e9d9d18087	apps/web/src/components/resources/ActivationQuiescencePanel.tsx
22b4456d0148188cee4009cb009e721946a5f93f02aa976dfafbd7dcaf24ad7a	apps/web/src/components/resources/ActivationReceiptPanel.tsx
0edf56d19bb33476113f5bdf554df2bfb691b67929d652a919916454951a0ca7	apps/web/src/components/resources/CredentialProbeAction.test.tsx
7f5753c2f2172c7cdaf6d9e2ff56037546d27b88ca93ea14f807c36a2b542981	apps/web/src/components/resources/CredentialProbeAction.tsx
9bee3af6f3fec14f933a6579429fc32e75079efb0105211cd57e2c32708e6db7	apps/web/src/components/resources/FinanceInitializationPanel.test.tsx
9a590f15a33abc9aaf7ea45cddd8bdf115e1dcb58699dee2bf57e7c37a0c5b76	apps/web/src/components/resources/FinanceInitializationPanel.tsx
6b68f333f334365fe93f029c597552a8190ce2285017deaee554f9402edf0deb	apps/web/src/components/resources/ProviderFinanceActivationWizard.test.tsx
38f4d273d7fcb7165fd0a8778478610f9fa6d80d7a3659dfcc35332854448615	apps/web/src/components/resources/ProviderFinanceActivationWizard.tsx
008a88eba927bdae0ff55586ec55d26b0126fabb2c462d7645ed882434f80909	apps/web/src/components/resources/ProviderFinancePanel.test.tsx
26327b19d2f389cab0772593b167abec3040faf0991f7a10af2da94dd0fff09c	apps/web/src/components/resources/ProviderFinancePanel.tsx
f98bea4f53fb0b6d77839b5b4a617b457c580195dcd2454bcef67d51fb6728e9	apps/web/src/components/resources/ProviderManagementDialog.tsx
57cb3133aa6260adbcb612ac5e48f9de2bb753e5fe96ce086114d2fe4038be7a	apps/web/src/components/resources/QuotaWindowPanel.tsx
2a21f9419fb3e2bb42e8bd55eb04d2fff3bde4ee3e07ed468b909ee6858caca7	apps/web/src/components/resources/ResourceDialogs.tsx
ac5566205063eacb515c6a67ee7ecbf182611b7229fd5f2f9a9f0923506e3685	apps/web/src/components/resources/ResourceHealthPanel.tsx
1b643a25d9bef33309490a50648ab07fd10b9f7a6eb20698cd6a7538e6e0c599	apps/web/src/components/resources/ResourceModelDiscovery.sync.test.tsx
b787b6fca086d04473e7763453c126dfce4d3b63c5d0048171f89b19089903cb	apps/web/src/components/resources/ResourceModelDiscovery.tsx
715d8798eacba4b0ab1ee1c715b807c0d3950d6a23871a0270259df936f672d1	apps/web/src/components/resources/ResourceModelDiscovery.version.test.tsx
5bfa5f735c3df0d855a7956697021eab222702de725775ee27ce9e9d6e5226e7	apps/web/src/components/resources/ResourceOnboardingSection.tsx
54903c10846440c09d3121a082fe7152f760b7ae90f0f8966fc8cd42076f3b5b	apps/web/src/components/resources/ResourceOtherTabs.tsx
6ba419dd1f11f1911df745afb11610060d5ca629bdabda246626b2015337b0c5	apps/web/src/components/resources/ResourceRecoveryDialog.tsx
003f8229f1e62b3822d05a393a3346632a0f76c1b615d8487f16c8f867bded38	apps/web/src/components/resources/ResourceTable.models.test.ts
6955c2e2d53d1bed57a0268dffffd09a1ea6b48b42cba379a21caea4b59c93ad	apps/web/src/components/resources/ResourceTable.tsx
01284243bc3bba7667c6bf545bd0ab933efdb5ad7f5405b3db3b7d7c98c58189	apps/web/src/components/resources/ResourceTabs.tsx
da6236b5f4504c31d16d71a769880be5a0fcfeccf8dd2e796e9875ae44cc55d0	apps/web/src/components/resources/ResourceUsageOverviewPanel.test.tsx
7b82f008a8b15966432d20c2e82e7aa5ef7905435fc9e30440fa2127a74d24fd	apps/web/src/components/resources/ResourceUsageOverviewPanel.tsx
990c1379d2869fe5255ad8a75a8bb4cc7575b69372caede52ce66cada37b8866	apps/web/src/components/resources/ResourceUtilizationPanel.test.tsx
0b90439cf36f5ce5b31bb6629da76e78720397b862b90a80f6f4ca363f4c5cc1	apps/web/src/components/resources/ResourceUtilizationPanel.tsx
78e768edba357d648c621da68646f5bbda3c1623469890328cf7b516a18db670	apps/web/src/components/resources/SubscriptionAutoRenewal.test.tsx
7dc9f61a84934fc84b952e0782c1f9fa0b1e6dcf993196e2fd0c9e5eb182dd5b	apps/web/src/components/resources/SubscriptionAutoRenewal.tsx
423ae65ef1af76c50cec1ec4bb9f1e761af2bb41063c2438ddc5224cd740b8b7	apps/web/src/components/resources/SubscriptionHistory.tsx
545099d83e96d169c684975791faf1e80f353824b82b186906c3405091d85579	apps/web/src/components/resources/activation-draft-model.test.ts
ad34b94a91f9c0154cd5ac497e3c453a2c7c261953e4d8aded18026bae03a65b	apps/web/src/components/resources/activation-draft-model.ts
51c7704c73eadb28926f2cd54cc72c0f45b81eec189b7265bfcdab4f2eaedce7	apps/web/src/components/resources/activation-preflight-model.test.ts
de7b7b2d15b5d084cb980ed3e7e6f4a75b7f55a7d02bcd2fde3261baff379087	apps/web/src/components/resources/activation-preflight-model.ts
c8a48b15886f89ade2c58561262aedce30b7fac7cfdf957fa1413a8d5c05b800	apps/web/src/components/resources/known-providers.ts
504f4cfe4926fd6749201f74140379ad9a6f878aeb0d7f9e81beff3123ecaec6	apps/web/src/components/resources/resource-form-contract.ts
7e37a97069eb7c0e7bf8bbf93336d121802bdb3bb6a978d2719ea5d18f5f8551	apps/web/src/components/resources/resource-page-display.test.tsx
11304f7d1ee038154df97daffb7331759daa1b4f1fbe1eefc4a96416fc6d49a1	apps/web/src/components/resources/resource-page-display.tsx
6c59df4bb8ee4c7c69afd444fdf2a0065b0d5a55a450a60ffb8e683834d76ba7	apps/web/src/components/resources/use-now-ticker.ts
ef9ad759b27d275a8835a05cb06e4db7ac343583da032791ccdd6730410951dc	apps/web/src/components/settings/AdminRoleField.tsx
e9b5593d636f817c24522ca93178426b4751da65ba67e87be66643d294e09f79	apps/web/src/components/settings/AuditPanel.tsx
ab33589bbb98259dcc15eae8fe55fba90ca401d4aa4775d6587921b9fcad2df0	apps/web/src/components/settings/EnterpriseSettingsPanel.tsx
928fecfe8071726a8f0d7aa37725d7c1bcb94751c0c103a41b0334d419e587c3	apps/web/src/components/settings/RolePanel.tsx
cfd743312bdbe8d43794d4d8971fb00501bf8bb373f9e564b297a1a58a45ff66	apps/web/src/components/settings/SecurityPanel.tsx
41b10ffc0b8e4b539557361cf5532bebb9292e7e2083648d33924e39bcfc989c	apps/web/src/components/settings/VersionPanel.tsx
7e27ad920ae38b76ecece658b28fc7a05fbb7f6d0a8aae65e71bb1e63425b073	apps/web/src/components/settings/admin-display.ts
d9b901882d9b108608160416bb52e36c1cb709a1d04aea34ab65b48e760336d7	apps/web/src/components/states/EmptyState.tsx
8487269c10415e5fecccbcd906fa1147852353398d44da4cb5df79f9fe69e8c6	apps/web/src/components/states/ErrorState.tsx
c99443a7468a235eebc4a2e4830041b7c95251d82b09c065e270d492bddfe9ca	apps/web/src/components/states/LoadingState.tsx
10152feec3403290a299e9533b5910fc7defa7691696e4fc0aa8a292ca872bc2	apps/web/src/components/states/QueryGate.tsx
bdf7429cc657c224ad06cb6dc3f81c279890e9ed5febdddfa948085dd5f57e00	apps/web/src/components/states/states.test.tsx
4388ec063fb905802b3ebfa574d2852afff2f91381ce73b431461083012d9f91	apps/web/src/components/usage/UsageOverviewPanel.test.tsx
57e8b016964ba8cf1d4096da2f19bb78dd93417a22185285afd4158b08f89c54	apps/web/src/components/usage/UsageOverviewPanel.tsx
5bf48f5567b44849e25baec88dbd9d17a084bc473fe430969b070fd200dbbe5e	apps/web/src/components/usage/UsageOverviewRange.test.tsx
1db41c21a5e2a7364d3ca0fdc813eb30fbaff867e8db782622647551f35c89c5	apps/web/src/components/usage/UsageRow.tsx
7091d0535f71d0e2c86ad9c029cc9e2fbfa6210860cdf9790c2fa751e51b1988	apps/web/src/components/usage/UsageSearchField.tsx
c9e9768f45badcb9354ee87e86fc59a982a8918a847220f81cb227fd0c66b381	apps/web/src/components/usage/UsageSubjectPicker.tsx
bd430a2e140c781108c0838b82198163bb0dccd13ec66a278417f6af2416075a	apps/web/src/components/useRedirectOnUnauthorized.ts
9e442d8fe7cfd7463116bf1a76c619ee8df37d760a8f3e0ac38cf0721eca0702	apps/web/src/components/writes/ConfirmDialog.tsx
97fdd35f51d323af7578def946f08e153d10b2fa1d98ec49d2065c703b544acb	apps/web/src/components/writes/FormField.tsx
a7f28d42a001462d7c4034e7e7f78dbefc431a93997d864e7efb5fda2da91768	apps/web/src/components/writes/IntegerAmountInput.test.tsx
729e9d3444f05849090e18df51dbde30148a741a7b5cf708f1854d6bcb87c6ad	apps/web/src/components/writes/IntegerAmountInput.tsx
a19b4e21411d2b7c523d6714996e9f17a3eedaab6c3c061d1ff06ba399f01be3	apps/web/src/components/writes/MoneyAmountInput.test.tsx
a070e811a358ef2df4ccb686a8b15a8af14caced5ecc27f62495bbaa68d9b4a1	apps/web/src/components/writes/MoneyAmountInput.tsx
d8bc6d06a17c573af9f4b060a1eafd7a8b46e295460ae8eb109539fa6272cfc6	apps/web/src/feature-flags.test.ts
61224dfc8e13226f32636cd0935238872f97b9e0427fbefed0d06d4577685581	apps/web/src/feature-flags.tsx
c3cf5398eaa84968c306a1ad6a649f8fdaa8c87157141a776321cfc5b0833166	apps/web/src/lib/currency.ts
1cf90e16939925ab057aa92a6456b9dc14d2025850e2bdebfa43df64fd734f58	apps/web/src/lib/format.test.ts
dd363c4eb1d93809a104d65e50e2749b593448b46a37b33843f56b4a530b477d	apps/web/src/lib/format.ts
7ff19b50e7b84f8be6663dcbe0f1686326e79a16904477fe44b94a4f108ed244	apps/web/src/lib/price-unit.test.ts
c86d0f92b7e09adbc49f3fe44ec510f65aebabf276b7549ee1bc34e4a59f3493	apps/web/src/lib/price-unit.ts
c24d8e355305aa5d95dd9a079c056466295efd48eeace7dd27c54e02d52792c9	apps/web/src/lib/resource-status.ts
671ada3efb1d2af86b7adddd099c2ddeadd1c5c87692fe018987f607623db8d8	apps/web/src/lib/usage-quality.ts
5769a1f084d6f90a5666a19852aa53b2e50bf38f2582aaf613b6a9064723bead	apps/web/src/main.tsx
da1ba774d4eefb4fa91750cb4bc7e7683cd7116ecfd71c156238e329057f56b3	apps/web/src/pages/Admins.test.tsx
dff8a0c5a8a40745a963261d35c2406c88d7788d8cf609873f38ac271f8a2e8c	apps/web/src/pages/Admins.tsx
65561659296e8c1b043139afd39333dd4f012cb12c71076efa11075eed8eefb8	apps/web/src/pages/Alerts.test.tsx
fab7e9bf2847aa02a2377045c9f859d72113fb3a5b574ff297da98f7592dfe23	apps/web/src/pages/Alerts.tsx
2edadb532b9b662e6f63f653c77e2289a7684047616dc5b3c49c7c874f5e71ba	apps/web/src/pages/ChangePassword.test.tsx
21d279ea71be7075c909d3734affa24a10906b15efc8dbd14ab3e6de87b2ff51	apps/web/src/pages/ChangePassword.tsx
ff2cfb5f7f73d669a86ff6889568c2ed137bb127cb9eb9caea62dde27e2aec5b	apps/web/src/pages/Dashboard.test.tsx
35baa54dd6200791fb939274fa0bb1fa90f918504b89d823a70d434eb0bc0d91	apps/web/src/pages/Dashboard.tsx
708572b401843766720313e101afd51f02e097357f658b599eaccb5c2b377834	apps/web/src/pages/EmployeeModelRules.test.tsx
88845b687cc4052c4a487c1cd9ed1c649d3489ca2925f2844613988b25057df5	apps/web/src/pages/EmployeeModelRules.tsx
c6b1912f6cceecd5e61f4af1fbc0495d40245d70834fa802e3e3a3fcef8818fc	apps/web/src/pages/Login.tsx
9b5224c0e5aedd078738ce57a88b502419c7008ab6211f4a4d61552a4ea7650e	apps/web/src/pages/OperatingBill.pool043-routing.test.tsx
d917c112d488098fb7268b6f4d1fb62003207bc02d8ba9f832ef542e6591efe4	apps/web/src/pages/OperatingBill.test.tsx
60c9d9c8c872a41879b2b68e4f7a6db2c52927091631796acfb84cb78f681152	apps/web/src/pages/OperatingBill.tsx
e11d3de797aae20e297dc740672b37f58b0ce64eb23d380c4b39a101583a58af	apps/web/src/pages/OperatingBillAccounts.test.tsx
55ce2ee15c1f7dffb8c75a5e21d9f2f55ed67d277e4480859616be00dfae3d14	apps/web/src/pages/OperatingBillDepartments.test.tsx
d079b6f4f693f0da50903cb1433b007bea94cc7ed172330ad2e55058837b4322	apps/web/src/pages/OperatingBillDepartments.tsx
1e3ad17a44ca83c6a150bd6718ae5beb7fda31446e9719cffcd1aef9a77406c4	apps/web/src/pages/OperatingBillEmployeeDetail.tsx
35b3ae60bf8bf880708cfc35425fb0f878b02a6437e8b20e72146687029a3eef	apps/web/src/pages/OperatingBillEmployees.tsx
e8ac62eeb6f194cb451c433a5931c186dbebc7ef12475ccfa967695b87d0498a	apps/web/src/pages/OperatingBillOverview.tsx
3a1603d2290062c8d36cc5fe6b411f7244033656078c3a60256dfcf3a73c9a59	apps/web/src/pages/OperatingBillProcurement.test.tsx
a99e8f4016b8aeceee0c1d3f52264403bd3bcbbaff978c5a1dd5b1bc26bdf3d0	apps/web/src/pages/OperatingBillProjects.tsx
7e9a40bfe96e8e7e12ef7b3d382f6dce08b13a58173739b02cfa645ab912397c	apps/web/src/pages/OperatingBillRechargeEntry.test.tsx
73cdda144cf8c091fb435ba88cba5cd91ce40787f26674ff2a69ab6b42e653bc	apps/web/src/pages/OperatingBillRechargeEntry.tsx
45ff0a234f3c12af4f826d748644924276642705e90ba26db8a783c11bf2a9a1	apps/web/src/pages/OperatingBillShared.tsx
5a1d5a2ed2a174ac290783a419d54473047aa5045240d38d433ecb9248374b74	apps/web/src/pages/Principals.test.tsx
4918622941b6f7bc5409caf1139d47ce916bad8f7666793cb93265473b5f1724	apps/web/src/pages/Principals.tsx
f5876c8c0e6908ebb23ad46e4f8d93808f16c4385aa620bfa1996fe93c4260d0	apps/web/src/pages/QuotaModelDisable.test.tsx
8a6fc959385cda21e3af4b7d0141344a78e9dec02b965bedeec73112f25a7362	apps/web/src/pages/QuotaPricingWorkflow.test.tsx
7dab97942926f4b28e0e20bf01ac1d98a502f192fc14c61f3d18c2c223f84138	apps/web/src/pages/QuotaRules.coverage.test.tsx
c37ac5fc4a0a2e917497e69c568bed0c052f4d0b32a210dd510500c41d01a194	apps/web/src/pages/QuotaRules.dependencies.test.tsx
a9d4f026f2a7338b6ad4893c297275a38a600a7412bfda75f9d74b8af05796ac	apps/web/src/pages/QuotaRules.lifecycle.test.tsx
e7bb5ca082bec6a80906b5925e439c4c6c8864173d2435b7636fbac264ba3a36	apps/web/src/pages/QuotaRules.principals.test.tsx
cab8832d24ed5e8bc03ae6d30bcdd2ad7a1b2a6dbdf11e3ced4b3b5b4d2a1515	apps/web/src/pages/QuotaRules.test.tsx
4d532912c07d260599bf11205d3c39cc1c5adf027804f75d016db7d0665d7258	apps/web/src/pages/QuotaRules.tsx
93fc0276952ba991132957ff41db0a943a0a1baa181628489948bbd79b5e9904	apps/web/src/pages/RequestDrilldown.pool048.test.tsx
39c5d554d26770b073b11ae17443a3aa244abe4220c0a9727a01e22c2213e7a0	apps/web/src/pages/RequestDrilldown.pool20.test.tsx
e91d434df6d9f05a6f30bd2ef649abfc0bea6173581738b6aa45df13f008b6dd	apps/web/src/pages/RequestDrilldown.test.tsx
75958abe889b325f5d3553a3c704ef136662071deb2d1fd1d5fa27e74e73cc72	apps/web/src/pages/RequestDrilldown.tsx
bd84d6a10d37d88cf01c582ef3f4ae9c625b04e0bf0f41645c8e4ba1d981c18c	apps/web/src/pages/Resources.test.tsx
e0c1f88f68095aeb4cf0d8416a1967fb9bef1847a2f8235e71f1b527f6a7a4d7	apps/web/src/pages/Resources.tsx
bc11d4d714e29e62c229a1229c9b87e3da5accbda7c2a1a3d2f53c6ff3e4fe0e	apps/web/src/pages/RuntimeAssurance.test.tsx
68ecf6ce28e7b65d6a0ff3a074f3cb3167f8faecba73ab82ea08f8d6dc8a7ed6	apps/web/src/pages/RuntimeAssurance.tsx
7448e9ba6079335aed48bb8b954ef0f87076efac32049ddfb85a4e1605b26a6b	apps/web/src/pages/Settings.test.tsx
87489d535dfb9c1511ced556a921e70455d13c0ef9353bc2af8ebc229060b9ff	apps/web/src/pages/Settings.tsx
5da47fb264b3c2afc652cbd15e421bd9450285553e7a2aff67435228cd0e0199	apps/web/src/pages/SystemSettings.test.tsx
7a43ca5848ef66da1fc7b0ab4c50fa15cddedf95c6580aefee645f35afbfc802	apps/web/src/pages/SystemSettings.tsx
2843f41e6b4e3b1b2b5b508c4887262a9d090dc43296f8c8aa9d336d02767186	apps/web/src/pages/Usage.test.tsx
42be1a7e705fd3f03efa26418bb29b1783bbeb9a674e4680ee043c1d8ea95377	apps/web/src/pages/Usage.tsx
25f62808e8400082859e9cc7abb430470e3117f448f26f39ff04e0b1e62f847d	apps/web/src/pages/principal-page-support.ts
1fa9c79e60f95ca50e4d5735711c76712b7ae5f9da1df353ed67ac4e16fc3735	apps/web/src/pages/quota-rule-contract.ts
5b3ce4a93f28b84848dfc4804c5cfdd5bd239d0e3ae7959b01aa189950d0daa8	apps/web/src/pages/quota-rules-page-model.ts
c0aed2330fe6e961790ad5c7b1f53da250ee77c669c776d1c12e39763f3edfbf	apps/web/src/pages/quota-rules-test-fixture.ts
4569a1d37871326c21f18c6ddc8ee1adb569fea71d59d7c73502854b33748b33	apps/web/src/pages/resources-page-model.ts
82357ded76ddf6dc04daaac1df9c6615272817642968414ce00aae184c8246d5	apps/web/src/pages/runtime-assurance/AlertDetailDrawer.test.tsx
7b4800c459979a2546d977a66d674c99aa77757b5df9c4bd9ffd18153fafbf85	apps/web/src/pages/runtime-assurance/AlertDetailDrawer.tsx
8e0137e6f6e90242b4ad136cda19527ab2b6ba9bf4a186114dca38cca70ca12f	apps/web/src/pages/runtime-assurance/AlertHandlingForm.test.tsx
d41d47ac3219fb721212a8c879a47b296d7b0233cb4a75c55842099cb4d8fb7b	apps/web/src/pages/runtime-assurance/AlertHandlingForm.tsx
665d1fb1111af4f5be92eccb24a501a33c7d3c24ae84577563e63a298b10b22d	apps/web/src/pages/runtime-assurance/AlertTableParts.tsx
3f04cf2cb78e1ea3c6b79164089fad9080d4cbcef7371fd13fb014c8d9946e37	apps/web/src/pages/runtime-assurance/AlertsPanel.test.tsx
864ba9134cf95246307d0f44c0a3a0fa9217b7f95160d02128e9154456012e5f	apps/web/src/pages/runtime-assurance/AlertsPanel.tsx
4d6ad22a6bf2694d39c26e2c27afcf83339c950fc19ba01a3601b47907c00c73	apps/web/src/pages/runtime-assurance/NotificationRecipientsPanel.test.tsx
2d0443318e3c668681c48502d263bb938ff88c9c91045a16663262d37a2517c2	apps/web/src/pages/runtime-assurance/NotificationRecipientsPanel.tsx
6e4ceb05d904efc00a95113e4a08adaae86e82d4e7f0d9df524d8a74cf560cc1	apps/web/src/pages/runtime-assurance/__tests__/fixture.ts
9f124064b87e6fe044091001f4d91590525afe82a8f697dfd1aaa3044febc2ff	apps/web/src/pages/runtime-assurance/alert-guidance.test.ts
5299620410d1db436b2d3aa7e5aaedd415643f80ceef35347b59e170737ae740	apps/web/src/pages/runtime-assurance/alert-guidance.ts
5df2237ab3bddf01314e0ad5e6919f67b0d1689a85a317db6342cb1211164aca	apps/web/src/pages/runtime-assurance/alert-presenters.test.ts
5d7a002f54f970da19f7f33f3e58282298689ea6bcbb424ac4b3425bb588d083	apps/web/src/pages/runtime-assurance/alert-presenters.ts
2df452019a77ea043cc48d65152629b96e4a91fa9b5f8ff0a2459f84486011de	apps/web/src/permissions.tsx
86a9badf55eaa08e144c197031d40c0791bb53fc87e99a2cec7ba250122dd157	apps/web/src/styles/index.css
69cc65d3da3c8be2cfc3d4cc4ab2512d0424b03d99f540a2376a9bf91a08df89	apps/web/src/styles/tokens.css
11806c74bf6355275d111bfc61f74b9b17dde7d38ec3a5991840c3975f34f532	apps/web/src/test-setup.ts
ed268eff86ebb17868633b6c4a644c672631cb020269820176b2d82f670306f3	apps/web/src/theme/theme.ts
dec706afb85691ca9e28d84c6cc27edda782e051c93c8069240f0f6cacef27a4	apps/web/src/theme/useTheme.ts
65996936fbb042915f7b74a200fcdde7e410f32a669b1ab9597cfaa4b0faddb5	apps/web/src/vite-env.d.ts
c916c6f3e721a14bceb6d10f6c41d4a48d4127abe13d13a2f982be31ea1149b6	apps/web/tailwind.config.ts
c00ddffbc5c418582f4cf6ebc8c2f65da04b9c5968dbbc6e4a5530e6dd4c32d4	apps/web/tsconfig.json
6feed507d667b3e95b297fd6c9dae7b922280f2858fdf9d86d5258da587721b6	apps/web/vite.config.ts
1285645051b639d3508784098841e6825e66c9c1a81acfbc053050a51d5850f6	apps/web/vitest.config.ts
9552c1908646f24390ff95763f41b3892e881cbb5dba1ad8fd4d7bebf2427993	apps/web/vitest.pool029.config.ts
9b8554f61d5989e1b7285c1ef9fde4071d1f42cc962b7212798fa9e9445d7aae	apps/web/vitest.pool043.config.ts
011289115d3e532c25807ff0bbbf80e319019b46149ad291fce1dd6e1bbb24d7	apps/worker/Dockerfile
e7336229a3791411a43c5c27e91beae620597a8a63b89b29845c9bd7a8eed3e3	apps/worker/package.json
ce6d0b17bb734c139f8cd37bd0496e880ca1a648b7ec6caa11e604acf8e06d6c	apps/worker/src/__tests-integration__/directory-sync-worker.test.ts
4e1a404a9c833f4ae58e8f725808c9bf4d7ebdfbbf462c4cb15bd9ada46436d5	apps/worker/src/__tests-integration__/provider-finance-quiescence-worker.integration.test.ts
3b34e88cdf99fcaffca4e50b9f7cc08e6fa75b55d1a5aaeb43b4cae0e3060a43	apps/worker/src/__tests-integration__/runtime-assurance-worker.test.ts
b348e7552b120ead2f50301b11a6a3e50f8022697b836a443c3d11d33272fbdc	apps/worker/src/coding-plan-quota/runner.test.ts
cdfaaae10877da78adfa683bf93fe2204982e075f465bf1e1e8bb8ef34c0e0bb	apps/worker/src/coding-plan-quota/runner.ts
3565e51b20c91924a00c8f59dc58d7ee8255520d650190f5d8e5a836e4a51bef	apps/worker/src/directory/connector.test.ts
309ba7d10f8092383cc4af361dda7424ed2e1228e5faa1ab8ccc221ab52deccc	apps/worker/src/directory/connector.ts
f10a9539a9c9f7baea66d1277493d21628b527a32db58306e9ea72d381567b9c	apps/worker/src/directory/feishu-connector.ts
da8e62fa1d890b1014709929a3ad4b58d8246c199b121f620c9eb9589f5c0bf1	apps/worker/src/directory/runner.ts
d772da02fc74971de6549e63460cb9c9c5beaf8394bccec56d62a5b4d533afea	apps/worker/src/directory/wecom-connector.ts
eaee1d930fe7cc21653c31c2d0207e77b80cfb5cbc3eace6ab6f6949ffb73fc4	apps/worker/src/main.ts
0cfa75504d6e806f9f0da433e3cf23c51ce59a57d8b2e457bf997027146b5762	apps/worker/src/operating-bill/runner.test.ts
bd78492db61f993f9e6af632f44f8039f36aab21a7265e5dd70fed1153431c6b	apps/worker/src/operating-bill/runner.ts
043734b8cce3b1430712070966dc637bf27511d22efc65c456d1bb301e7d81ba	apps/worker/src/provider-operating-sync/runner.test.ts
236b13a322bad4211b1125f0be7109ca526c9cf4daceaa6661977bad3c5f4b59	apps/worker/src/provider-operating-sync/runner.ts
181f7ccc02da020e5adb5ff91779034b1c4e40672d355e08c04834b986338eb8	apps/worker/src/reporting/__tests__/daily-token-report.test.ts
3e4def51eb50092aa3b5e0c269ed45ff4ee42f3e11237266f66ef1611cea4653	apps/worker/src/reporting/__tests__/format-utils.test.ts
641b838853b68f216689fd553a992c1f26ad6e728798e37450540be07493f87f	apps/worker/src/reporting/__tests__/quote-library.test.ts
3b54dc67591eee719b58d2942c7a069eebeec2cb8610f09286bb6e3f5b927ff7	apps/worker/src/reporting/__tests__/report-jobs.test.ts
740dc11bb7ff7150214c8c98b9565a08d8875eceb23684b7ab261e538e9b1a2f	apps/worker/src/reporting/__tests__/svg-templates.test.ts
1618484b904f92311114fb135aa04c093c2f50834387e81aa6c2ee77a48e093f	apps/worker/src/reporting/assets/qianliu-logo-cropped.png
c2b29a85141dec83cbd6051d4a117a8c84b9845ee741359a27c4f55a9cfc2bcd	apps/worker/src/reporting/daily-token-report.ts
31e1e463f5e39c93860fbd3ebd48c36fa458bcd04a4f6153a08b3cf4e0f487e8	apps/worker/src/reporting/format-utils.ts
ea23749dfbdbfe66cc12fdf13645c758b9b8ae56318e734e7cbd96c869a71155	apps/worker/src/reporting/incentive-jobs.ts
2d001a96f99243966129a35a54f21e0cb5d88ad7e13b3885f6c70d5528ae2ba2	apps/worker/src/reporting/index.ts
1f3e7c20110f1c1506e9db995a316f5fc871d4e53f5ea8aca91ac1dcdcf0ce57	apps/worker/src/reporting/milestone-store.ts
0e4d3139b700f4c2150a54555f340aa7da20a5aac1a75eac98c91ca32cf3971a	apps/worker/src/reporting/quote-library.ts
bce5c5941c3369ff01733f847b78da1db3aa88688e524d92d973266270c39ce6	apps/worker/src/reporting/render-png.ts
52388d3a9fed8e9de9c80b6d9eb2afbfe0076ae4e69b4edbc285ed04db7ca07c	apps/worker/src/reporting/report-jobs.ts
b7f53b864b45d107c59a4fe3b682706770903f4b919fc181b2d81eaf063d9670	apps/worker/src/reporting/templates/company-weekly-svg.ts
92e7d7b9d4faa30eb39e225ca139e11073ac7270dd68bb4689cc0c16df4d6e42	apps/worker/src/reporting/templates/daily-token-report-svg.ts
f28c8abc9adfce97e3ca93e46ec4c051ca48269e2c04ec8e640e2bb40eaedb81	apps/worker/src/reporting/templates/incentive-over50-svg.ts
9f654b2fed139f3652e59b85372eb5eb693e72c5013d5a2ca158c3f1d8502393	apps/worker/src/reporting/templates/incentive-top1-svg.ts
f9c0baf8213a1dc3821eac6d35595830f896f897612681f1eedd956a0ba9ba1a	apps/worker/src/reporting/templates/logo-base64.ts
a9170df343e9d62ed90054041ef73746f392368b5e9f2f31a103f5ec79e208b5	apps/worker/src/reporting/templates/personal-weekly-svg.ts
59c9f06d04432000512eb8199fc390a6a57050a505c4c99f3854d9e1f896299d	apps/worker/src/reporting/user-dispatch.ts
ed1ffb66e07fe8999c0f6c096cb10700b4ec52b65c6c363ad4284795a070de4c	apps/worker/src/runtime-assurance/__tests__/wecom-client-media.test.ts
fd7523c860dc1a0407531cd2401407786637e13566ae2b99f67e02d7c51c81b9	apps/worker/src/runtime-assurance/infrastructure-checks.test.ts
e1d29c932b7168cc8ee0b22db57b022b5aadcc87a7f11f6a185e23396affcb46	apps/worker/src/runtime-assurance/infrastructure-checks.ts
9fe2746cb7b35987ee5457a1f23e413d8022b196627e9a56e4d41c7c367a825d	apps/worker/src/runtime-assurance/infrastructure-probes.test.ts
4b581e2b724d6b4725476d3b5c1bc67b6c34ae7da8363407064e6b034d2e13bb	apps/worker/src/runtime-assurance/infrastructure-redis.test.ts
7da8359b5c3f4d90eed38684772730913104362441103c9d9417a32bf2345a1e	apps/worker/src/runtime-assurance/observed-task.test.ts
209fa025568d48c5c3764fb0635bb1cd5df0effc53f7f638503524c5d2f833c5	apps/worker/src/runtime-assurance/observed-task.ts
1e2f06aee580b70f0c9a240e9fa266f7599c3a6be52909eabc03473b68ee2cc2	apps/worker/src/runtime-assurance/runner.ts
9bd537986f9e82c90c971b26990f3ec6b41b82cc0f474be48ee06f73b9393f2a	apps/worker/src/runtime-assurance/scheduled-tasks.test.ts
d8db09c459723d740e5b3ea1f892338fcb4d4c74b557c8bf2011217e9866df65	apps/worker/src/runtime-assurance/scheduled-tasks.ts
5c02a7a1ad07dc68763d5bd84d4a42e23537a27afe94f46981ab1b8e51380e46	apps/worker/src/runtime-assurance/scheduler-loop.test.ts
08b6cfb24cf9e37aeaba4d2045c7492bef599f6059f870bac33f7c8277fccb6e	apps/worker/src/runtime-assurance/scheduler.test.ts
6ed03e4f73b7812f8f1c65ed24978c6f06ba5f9d63a7e5dd826f3e05ea1329d0	apps/worker/src/runtime-assurance/scheduler.ts
92d1b003da1606030b25541947ca2511b1c385025d62ee06772b356bd08243ab	apps/worker/src/runtime-assurance/wecom-client.ts
2199b427ba3b1d94bafd2a8e73d18edddee5cd0d3c2a1643d19f234c83141f5e	apps/worker/src/subscription-renewal/runner.test.ts
6c1e4320ba71d9ad4e0984c694b96e8e9d76c681235c671ce7e8cd0c7d8108dc	apps/worker/src/subscription-renewal/runner.ts
d6aa1f01c22769fb7489e6c942d60c50ee5d62b6257fb56826905870b21d0347	apps/worker/src/supply-forecast/runner.ts
8f7196121bb3c0172e80e798220bb711227b57e780fcaf5bc13d48b38f1c9254	apps/worker/src/usage-aggregate/runner.test.ts
4bf038d38a0d6bf7eb530b93390a9b4e12676d0400916f4b1b513cbbd6a80342	apps/worker/src/usage-aggregate/runner.ts
2e1fe955301cf39ced4106349f9e52f38dba4a96217d7197b69b82d0f54226be	apps/worker/stryker.config.json
a318d9b251bc7d29d548756f35648f99a72dda67a9541464ff0c46cc89289d87	apps/worker/stryker.w20.config.json
6549f95182c0e522f6fe423f472e09a011e8bea22dd5a0654b0ad7cc67f172cb	apps/worker/tsconfig.json
370f633db13dd7561fa595643d6621513e29cb9904d509243c90ea08fd83a718	apps/worker/vitest.mutation.config.ts
d6b70a862a5e5bb4e428d0036d8e20c723d770021ea4e7ef9596a94e1edf9d62	apps/worker/vitest.w20.mutation.config.ts
4ac0c0f85548f695720a1761bfccf77064ab03cc04f876c77379021944fa659e	deploy/caddy/Caddyfile
9d65a4ad1510d76c05c393b5b3f8af08bc3ea045a111810776a6cfa800e5f4ab	deploy/caddy/Caddyfile.target
b2c244b57383a131ae8cb75c30dc2f2d0d72114d18f36cbc89ff888478c855e3	deploy/compose.target.yaml
0be9a8b17887af0d270c72dc8f9a9ccd78bd9725b51eb95ffc319fe024c8a611	deploy/compose.yaml
4b9e8c15c01ba7a159e9c2dc3462abdf9b1ce9d3eea34c18da08a1a7c9a263f6	deploy/postgres-init/01-init.sql
ee25495ad696decf1cf945fb745d21455b17295fd619b13b0d9ac0cf2dff329b	deploy/scripts/quota-pricing-preflight.sql
471cfd797971481b3807ee84e351935c0a077ddff3b09ed7bdd462cc91a5f4f7	deploy/scripts/release-combined-20260907-mac-mini.sh
2686386004ea8cd1dc0776ba6cd50befa95e3fb783495bdad3c462a9cc5ad81b	deploy/scripts/release-deepseek-version-20260910-mac-mini.sh
ee80746ce3962d5c04109a9a83d23126c03cb290daed7e4ec3a157f9daec33fe	deploy/scripts/release-finance-entry-20260907-mac-mini.sh
507ff4cee40e01f13dee840c03f8ceb2bdb8ea3bde667763367480f50ae42c24	deploy/scripts/release-home-standard-20260910-mac-mini.sh
b996aba47066c95e1db750a7230fd620e925d1544914e67c325d867bb0720bd7	deploy/scripts/release-i1-audit-remediation-20260914-mac-mini.sh
23c169bb70454d1d331ddbbe3cb9e4758b7390dbdada1dc6c9112dd1a16936e5	deploy/scripts/release-model-lifecycle-20260910-mac-mini.sh
94c433d0303304254840b9c86dcd12fc5890f4898254ac0d9c7d6c4c81819df1	deploy/scripts/release-model-lifecycle-20260911-mac-mini.sh
676dc2e031cd6bf12e3176f4e82b6dae42783482dee1dfb362fae3649079edbe	deploy/scripts/release-model-sync-finance-repair-20260913-mac-mini.sh
489d5347071de0afef922a10fff79c5e07feacac2b22a1e9bb2183ce08b2f038	deploy/scripts/release-operating-bill-20260907-mac-mini.sh
f21e76752b426d002a330a0151677f77b0fba8988cc8953b2945d7b6be46f253	deploy/scripts/release-operating-bill-v2.1-20260913-mac-mini.sh
8777f37e4ac5f9ef5c417406a304ed9d1ac47a015155083c2f39477ff9654450	deploy/scripts/release-operating-feedback-20260907-mac-mini.sh
26084df3e425299d0e5597dc1034de0829174e6d04d4589476b2d3044436f1a9	deploy/scripts/release-operating-partial-20260907-mac-mini.sh
69b294937f9a845d395810e805d104a03f53e28145b134ddf4ead18ec9439d42	deploy/scripts/release-operating-three-fixes-20260907-mac-mini.sh
6f209855642894aabbc51b029d1d473b10b7b42d177efbcda84fd2e7a93faaac	deploy/scripts/release-pool20-045-049-mac-mini.sh
8594cc23ad77b0f4a73eb79251039413d427d70565e14fb9bfdae7d7d7ff6999	deploy/scripts/release-provider-resource-fix-20260917-mac-mini.sh
7cda3e28f521282fd4cbb7ec30e90f9f9f05a0bd9ee1c72bac3c144450c0c97b	deploy/scripts/release-provider-review-20260905-mac-mini.sh
183e1e36275613754b1f4aefa25c6cd6c4fd951347660f8fe003ca843c834c7d	deploy/scripts/release-quota-pricing-20260905-mac-mini.sh
717ba48e33380a66350abb6f59d4504a4ea5af80999e965f66a054dc34b0dd75	deploy/scripts/release-quota-ui-20260906-mac-mini.sh
0779fa22175c073d97d995fca6f257a0eeb5961e0b07bb829c41f7e122c6f56d	deploy/scripts/release-resource-model-visibility-20260910-mac-mini.sh
3aa287e08f5b795626a3c06dcd29ba48d6e05e459cdd66a4834689492c6047b8	deploy/scripts/release-runtime-admin-20260908-mac-mini.sh
fa925fb55b72e86490acb80202953692268703d845c7b205eec746da3f0d3cf2	deploy/scripts/release-runtime-notification-20260913-mac-mini.sh
6173650df250306ee9644ae345748f96ac8b904e33327204f585d23b499f9ad8	deploy/scripts/release-settings-ux-20260913-mac-mini.sh
38eded8436f7dd8c82ec0125f0b53b1ed1738d155dea25609106fd42f94318f9	deploy/scripts/release-usage-and-keys-20260912-mac-mini.sh
bf38daeecae72a0ff4fd5428c7f78c198f72faea025b5377b1090ae9ab49c91b	deploy/scripts/release-usage-search-20260906-mac-mini.sh
4ad15e175f3dd281d44de893f4026b8899692fdd3b134cf3f9c0e7a180c11f8c	deploy/scripts/release-v2.1-pool048-mac-mini.sh
96ab81f8384cf4b35eba3152e72c653c7b42c54fe0df2b72bae1e8f36a08a52f	deploy/scripts/release-v2.1-r2-mac-mini.sh
12962c7ce2b6f675307e0f5ccb70c8fb38b5317985c17ebe54e36ea7c9e3cb10	deploy/scripts/release-v2.2-mac-mini.sh
e9968f2b5a190ea2cd7adbb3a55568b45e80cef8d292fcf148b79d6132bf01c0	deploy/scripts/release-wecom-reporting-20260913-mac-mini.sh
7d10e8e8a5d442abcda31bfe95fb331087b05a4edeb68225aa5d2a9a66f416bd	deploy/scripts/rollback.sh
1fd1505ee1a42cb8762d467ed5d12d7c89a1843999bf6f36bd88f58aabf118a2	deploy/scripts/upgrade.sh
4edb7d73e07b7ab70fc81b5c69f60b4c8f2b82e2a570d8b741de31447b362d73	deploy/scripts/verify-target.sh
3489b8e852bcf1b261ad188ab7c7c80139af3b0fdc32dd2d036f939f301fd43d	deploy/target.env.example
0afddfb5071ba8c398ae767b5c3839981384d549bc9bc84cd84f72be29630d08	eslint.config.mjs
83831ff51545de88f36ac040db6dc96816cd5b9e3c44ba2beaeda27bbb42e575	openspec/README.md
f4399741f7bfbb35a7324222c22767ad35c623c26fb5a4330cc83e1f11954c5e	openspec/changes/provider-finance-initialization/design.md
3ccc60db5185b8fed2bf64c6680c2ca105cc0a340cb25b025e2d924d7231b56d	openspec/changes/provider-finance-initialization/proposal.md
2d8ff95748bd4f98ac1d79c1488d92be05faad8da960045d5f86fbe0293b79f3	openspec/changes/provider-finance-initialization/specs/provider-finance-activation/spec.md
994b71e755a5004e1a1d364e27a10a511298fc78ec9f87926d7a3d72b44ef9e5	openspec/changes/provider-finance-initialization/specs/provider-finance-history/spec.md
bc3346ac4adf1c7cb1d807a08cd7cf107ae6fa36a859cb74a8fdb23a2564af51	openspec/changes/provider-finance-initialization/specs/provider-finance-ui/spec.md
c9cb691e5ff607d3d2c28ab6d5134b93a168283a18bece4864444c455ee3f00a	openspec/changes/provider-finance-initialization/tasks.md
6b6e9d307a9d3524e1f2a0a6e81a5d4c3e0bfe7e5d6ca49826dcb6b7f60501e5	openspec/changes/wecom-contact-activation/design.md
df23abb784799e471942dcd07295d373a70e93479403be6467df84cec5e91654	openspec/changes/wecom-contact-activation/proposal.md
2bb7d6e44d810daecd74a659ddd92b5aff6b2dffa3c655660a3e8610f4c194ac	openspec/changes/wecom-contact-activation/specs/activation-scenarios.md
328e04e78364a2c4cda97da4e34d4a35a3b8a8d76a9617e2ee6369737c9c9182	openspec/changes/wecom-contact-activation/tasks.md
0172459933b65ae49965e4d1b9befc2957d1c2e109577b0cfdfeb9fc4b9ded2a	openspec/changes/wecom-token-report-and-query/design.md
1a8f3b3e0a9ca7e906fba4c880b97d7fb579c6a541b1626facd67041b574a302	openspec/changes/wecom-token-report-and-query/proposal.md
71004cc57cc350a76d6671aab0b63994bb330a469afca092a1aadaf5b244f641	openspec/changes/wecom-token-report-and-query/specs/token-report-scenarios.md
5d1dfc18f2532b2b93099e66e8fa7389977d9aa5ddd3e6e27bdc27c52b5f3d79	openspec/changes/wecom-token-report-and-query/tasks.md
00b8246b12dcc8535a4258da869153db1332b376d97d6b4a847d709fc655de44	package.json
128013c311ea280a7540bf84cf3a0784aeba18168d0a97c8d635c339166c4317	packages/config/package.json
50172470640bf8f1a63f204bc51b0385310f0d81542ad5ab8ed7547be1985d9b	packages/config/src/__tests__/config.test.ts
f2f4f64916550fe0c7a081f73f3f002bbde83620b74a207ffd47c82f53ed4904	packages/config/src/index.ts
6549f95182c0e522f6fe423f472e09a011e8bea22dd5a0654b0ad7cc67f172cb	packages/config/tsconfig.json
859eea59b883c2fd29bacd92e4b756b61252a6382b87b985beb9dcb44d75093d	packages/contracts/package.json
a5d40c6abe3807b61bd9a13e460e9dbd2ba9eef964948d352f6a4115533d4e2b	packages/contracts/src/__tests__/contracts.test.ts
56e41e673b1845df7dd221fcb847f0ade9ffad8b0551015ad2dc6b8af5bbbef2	packages/contracts/src/admin-permissions.ts
e688818abfd7ac14aca4cdde1cec07862f38e182b0b58a58b1242dda69472729	packages/contracts/src/diagnostic-evidence.ts
3ce5eaa956c45b6fb7854a232f1c2ec7b19a66a801aa091bc1ab7b61f81ce1b2	packages/contracts/src/index.ts
00a9728f857919684c2bb78b507eee350715aaf898926d2fe3479f5ab790f0ac	packages/contracts/src/northbound.ts
6549f95182c0e522f6fe423f472e09a011e8bea22dd5a0654b0ad7cc67f172cb	packages/contracts/tsconfig.json
130bfefb16681bcc418558e29e66f19354920004d40374bd20e7b7fe5f8ffaa6	packages/database/migrations/0000_baseline_probe.js
b6d8e512221c935dd1620dbb3b78fc10c299257cc4720976c3e5add4c41540a6	packages/database/migrations/0001_enterprise_admin_session.js
22e8954c9f6004859fe75fc2145531afbc680efc656f470e578a7469ba46d088	packages/database/migrations/0002_principal.js
6d531f5d2a94ec07a00ae3b0d74786042c69d03f27fbfb03d07c505b856d01bd	packages/database/migrations/0003_principal_key.js
7b6191648cf07eac451cb074c645a16bd0897b07b5a1e528fb7a25b4a4dee9c3	packages/database/migrations/0004_principal_grant.js
abbbd9d12bee1acf8febb16ef843d822186b4266f5056d4f67ed3e40502eebd8	packages/database/migrations/0005_provider_resource_route.js
f8a3f09b15dbef4573bbe91618f0141ed3c0eb88b41f1aca578faad9a6be7dca	packages/database/migrations/0006_operation_log.js
58daf8027d9a6e9eec47edf8228fa1e3a3cb1c998cc0330c9c5c6016cf1212ca	packages/database/migrations/0007_gateway_request.js
b2423d234e7ffda5f7c395bccf438fbb05ee34f800d7bdc39263a9220647472b	packages/database/migrations/0008_attempt_usage.js
f9d53a9d84bfc7f442f5d44075b4d2827fbeaab60e89ff6c6a98e216bc17e1ae	packages/database/migrations/0009_ledger.js
97fbce7505e132e19ae9741da625591ba3131e2349d1a4b855ebd7c33822490a	packages/database/migrations/0010_resource_credential_lifecycle.js
1f085ec37535cc5bc7d614af9f7cfc0fc12ba9e7890541e6a7bb281bff493c55	packages/database/migrations/0011_billing_rule.js
55297c198f873eb2ec3e6f94a775887d965d44823e21a6491fff996ca77a6b0e	packages/database/migrations/0012_concurrency_lease.js
2e19ba38e77e3d8885bd821474023affc6381100e146b8093df22ca6902c92d7	packages/database/migrations/0013_supply_forecast.js
bbc65f225f73215401fe6b0fd63884a29bc7111ef7081dc940a58f2651bfca8f	packages/database/migrations/0014_dispatch_policy.js
d719ec5dc62b3c8790641c854b10a06d0020340bfbadec1cf97a4c254e80c54e	packages/database/migrations/0015_reconciliation.js
1607b4eaf252b2ec831d25fa26fa752a9442566c7c53658182313c19cfb64be0	packages/database/migrations/0016_alert_disposition_type.js
e21b5d03bd8223de9c413cbfa74ee6e261a018b8a6cda73ba14c79b618c99e61	packages/database/migrations/0017_alert_event_and_version.js
326c5b8e5b5fe5caab94155a024dfea89f7966f537b1ae760c08e8aa64696a7a	packages/database/migrations/0018_billing_rule_version.js
c213086a12771f629ce5c96194e40c6ea92ddff5a0b58aa853313b9e2d32d29f	packages/database/migrations/0019_alert_source_clear.js
9db350ed63198bcf575946d5d276f65b914ee825644dc2ff9539d19cdd7e900d	packages/database/migrations/0020_p0_billing_snapshot_and_reasoning_usage.js
e229963f30afabbb732d2be738d1c561d975dcdd0ff17744d688c378e91f5a96	packages/database/migrations/0021_billing_rule_multi_windows.js
588ce80a37573e4db97d8cd877cac7c0a6bc3c02639ed3d0afa13af180df2b18	packages/database/migrations/0022_principal_key_minimum_model_permissions.js
c6db7a81d618fce16534c95d26e2c4054af20c98f44f2cddbb0dcbb0b973b88a	packages/database/migrations/0023_principal_key_single_active.js
f8f30b2dea1bf5eaf359981367ce721985861c93d33a94681705c537bb1e9a89	packages/database/migrations/0024_gateway_request_idempotency.js
0d7df71b1b153a934d4f4210b8a18ae57a6da904b9a99188adfd840505fc86c3	packages/database/migrations/0025_principal_archive.js
cbd3e75444a004976311f6c62a39c04141b8c6768ab238e384ce9123ea30428b	packages/database/migrations/0026_provider_resource_operating_snapshot.js
778a67e516b389c6258010274b9f923dbf79bfa2e45380381309d01ed6eb260a	packages/database/migrations/0027_usage_ledger_filters.js
8d41e86545a3a0a0ac4d1194cc55da4f1602e5b05d2ba3e3aebcb9b2d085430a	packages/database/migrations/0028_enterprise_reference_guards.js
2e5127f59154ce5cb42c5ad6921b56c6b250a87cf9226fc690152a22f03677bc	packages/database/migrations/0029_provider_quota_auto_calculation.js
480612e93b15f1b54ffec11de2d149c2826999488bfc15a4e02954b1bf2feab6	packages/database/migrations/0030_runtime_assurance_foundation.js
9fcb5fade54f6ef0d88a6ffb31c8ca6747e756ba6b9e1dc870820d8996e75cd4	packages/database/migrations/0031_gateway_stream_resilience.js
7d5f811d95429505bde41fd3811ae1c2de0c1f6ef63ebff2fdcb1c120afba21b	packages/database/migrations/0032_admin_lifecycle.js
7767bcf9c3af7d13f235612791cd009194dbf4fb71c421988c9513853a766255	packages/database/migrations/0033_operating_bill.js
997ba47e6993f2e8d5ccbc317a421d33f4dcdb5b39fac21fac020ea1e252a64f	packages/database/migrations/0034_supply_forecast_production.js
2d24226dff74893940baa3faf70170069280726d548c3a16e4b6ce7b8e1c4911	packages/database/migrations/0035_deployment_log.js
8a6ccccf7df44b6838a51b2e14c687b36ca11da46b3882273aafe3b5398a3050	packages/database/migrations/0036_provider_model_discovery.js
216ea1f39dce53f4b85c90974925c160ced2b56d952174d69e82d1e8016344ea	packages/database/migrations/0037_client_identity.js
1e2fca1c50a9edb748d909ae631d7da1ef2cbde83f438e0fd9cff25fa8ec4f33	packages/database/migrations/0038_employee_model_authorization_rule.js
6512672ac059fb5daabcb8c0b64e40990bb0773d60a6329afe09f8448caea74b	packages/database/migrations/0039_principal_provider_pool.js
4df4ce112c67aa030c3f1c21db5ad3efb3bfd7b0dafde841d6956ce17d1c9993	packages/database/migrations/0040_employee_model_rule_pool_quotas.js
9ed075abbd71fb362d942cb4e45d393d9a87a54f56c4fa3580d8a7335bf68aad	packages/database/migrations/0041_provider_quota_window.js
27270cc00f5598b7c3c52484777596c7e5326efef0cffcad6c06b2e98f1f735c	packages/database/migrations/0042_alias_ql_format.js
f116a7309ad580b8593332ebadb5cb9d742891d4c738dde4a83354ce6fc207af	packages/database/migrations/0043_single_owner_rule_history.js
6e56824f8aac8cd29f8bd7c33260a51d69dacc1f20ed181489a8d84459218ea5	packages/database/migrations/0044_operating_bill_model_identity.js
74ae28b311dfe486ea2e9bddbb7371c1f52b90099d2e07c2e29a6147eb15f1ff	packages/database/migrations/0045_zhipu_weekday_window_alias.js
af9e36e000f434452e3cc237fc6c36b491e9be6944d2ac39ab18cecff90e1a75	packages/database/migrations/0046_directory_import_foundation.js
8051824c9378a68129be29f1af8540d483d025ad9001c90cf36989d44fdb42b7	packages/database/migrations/0047_usage_bucket_aggregate.js
53bb7ed0d905ccd964f6577b40806cd0a0233cff449504755ef5c17ab8e71d75	packages/database/migrations/0048_department_cost_budget_and_purchase.js
d251c5a2e50b19664347d092b4a55fc18df0f8a99e149b8335b0c615c848b18f	packages/database/migrations/0049_resource_utilization_and_procurement_review.js
51654a12f82ecfbc79610ae197beffda66cc6e73a05741d1be4a44b7ce26678d	packages/database/migrations/0050_group2_policy_lifecycle.js
4088a1261c708c78ecd2fd11f6f7e4f82189651ff5c65524ba52b729bc99ced8	packages/database/migrations/0051_pool20_operating_sync_and_closing_confirmation.js
a1d699fea202b3ab3019efcac22021d29f8d4b2c122fba3d62dc1da464bde611	packages/database/migrations/0052_dispatch_restore_and_resource_utilization.js
8cc62aa4f40771cbdf2388206d59ebfe2712cd922c288d841f4a62d4878fde95	packages/database/migrations/0053_operating_bill_opening_balance.js
1dbe3f62b7ec5320f948f083aa4f6dc46af9b882c28e4a2732e5b8f81c7cbab4	packages/database/migrations/0054_usage_aggregate_settlement_time.js
f4cc59604369761e0e6b228c2d30a455aa8cc0a44d4babb2fc08b2635a1ffb3c	packages/database/migrations/0055_upstream_error_evidence.js
839bad27fe58cf4922ea82dfcf3f7360841ce39d3c1f3bccae50abdbafd27420	packages/database/migrations/0056_resource_monthly_budget.js
e523ccfb7508f7d804c8ce0df8c3b11fe5c74b801a5bf03810f009019f38d99e	packages/database/migrations/0057_model_discovery_v12.js
9cf7a7d16c1fcf12f00478673a4c77d150aae094755de00dbff2644c109846f7	packages/database/migrations/0058_principal_grant_archive.js
3169e55580528ce8856b657f6eae915902a023b32dcff0a3ab3a6cbf55d8044d	packages/database/migrations/0059_provider_finance_ledger.js
055c2289513b52bb978e36a427435984e70282266042b935a32108b3a1ba4790	packages/database/migrations/0060_provider_finance_legacy_cost_resolution.js
2cdbe1b586ca7697f3201fed3c62d0bad578132223c3f3c5cf839aa085bcfaf9	packages/database/migrations/0061_provider_finance_audit_hardening.js
e00c192a080ad31396f7ca893b9c78a444e329ddc5c7b9c105365e13eadc75e2	packages/database/migrations/0062_resource_fact_reconciliation.js
d47da38d16890b6c5a820806989943817877122a826bc6a7a2def05294dd4395	packages/database/migrations/0063_operating_snapshot_subscription_period.js
ae4c6d055b703da1d1a73fb29d283f419d0e4feade01e55ed796c18d802d3827	packages/database/migrations/0064_quota_pricing_and_policy_archive.js
d5a8bc87b536ab757f7fc4dd633c9b526534762f20f2a3dfbefb5bc59862d3aa	packages/database/migrations/0065_principal_accounting_assignment.js
87130de75aa5008a3c02c34f9bb8f50ae9062764aa4caf5b41a5f4b76626b622	packages/database/migrations/0066_subscription_auto_renewal.js
3bcb5061f57be11fe9a3817789863ba9894ea8b6f60ddd582d5c13499cca6a78	packages/database/migrations/0067_admin_cleanup.js
43359791f7b6473eb49655d99abeb83b8c9c2e99e7345f75dc7a9046f6920e80	packages/database/migrations/0068_alert_resource_context.js
193ac8628b278b150abcd9ce15795a8d936bd2b7e5caeb846f67e31f855d68b6	packages/database/migrations/0069_auth_error_evidence.js
8847f1898128d4a4cc004e747611d20134015e9d4d9f744048f09b198537ac51	packages/database/migrations/0070_alert_recovery_evidence.js
df71891f6c6aaad30334392fd0ebf851bbec4a3ebc7955087798e781ae655f9f	packages/database/migrations/0071_enterprise_contact_details.js
74c599fc8180c93f8dc9678f274dae077b0669a907db5125c6abd6250be7b90a	packages/database/migrations/0072_admin_roles_security.js
04fb892e6bcfaab723b28fe8029e9e14d7acd7dbf0382bc58fa560847dc78273	packages/database/migrations/0073_credential_chat_probe.js
3d73bf0d8ed0eb0c79fa69a80076457a46ffe14ab580fa2ca424d63d714dbe2d	packages/database/migrations/0074_runtime_notification_recipients.js
43960cc14d80c2d544551e088637eb6aa8cfbe4ffdc73eaa977e2fa4177258ee	packages/database/migrations/0075_provider_resource_archive.js
cf99f269048e4cfdff1b6493d93c6700b1fd3350d98dbb591dc7ea9d37dd61fb	packages/database/migrations/0076_provider_model_probe.js
373125273893c3f6a737c8727107b5e88a91bf28a8ae36506494b7dcd2c0c654	packages/database/migrations/0077_provider_model_probe_run_identity.js
d6b9d8854eca6ff36231a3d6b7b848d94c12aa49134aedc0e56d6e00f10bf3fa	packages/database/migrations/0078_provider_finance_activation.js
d3fbed996c5750998657700ae4b148132f6dfde59933cbb279d2ee83fdc29988	packages/database/migrations/0079_provider_finance_candidate_draft.js
06d13a5c436f219ade5f59af682dcab46bb3473e08e95fe68154116f7ebb992e	packages/database/package.json
00b7fe0efe03c83ad757d3e19a0503cceb2a89651f2a8c948402c69743bbd63f	packages/database/reports/mutation/pool039.json
b2bb6a7ccf98942b2e689e715425cae8ec52c9425a1d1f44a899a4e6688b63ac	packages/database/reports/mutation/pool039043-integration.json
dfd14277ed79bf6e63a6ad24d3bd4fc3612a0ad9662df7ec6a46be99e4017e35	packages/database/reports/mutation/pool039043-resource.json
5d49e8b5af373f997a589e0110ab14563946d143be1cc9c1a5141079ea7fe381	packages/database/reports/mutation/pool043-v22.json
6a1c5a2bd7523b39afce1c7845b8802eb89234351b57d8bb39616ed08682d783	packages/database/reports/mutation/pool043.json
601655c483ee8f5e3186f38fc7f8380cd5408c74bf4ce5855876df994d55b90e	packages/database/src/__tests-integration__/alert-event-dispatch-scale.integration.test.ts
fbef14decf22ce1d15f2144972e9ef8aa89d18abf11c7381ba414a90cdc53eb2	packages/database/src/__tests-integration__/billing-rule-multi-window-migration.integration.test.ts
1bbc96345cf1361d47288497829ea47a08d8907d1ace4b0a5fa9bff35fef7dc5	packages/database/src/__tests-integration__/credential-probe-migration.test.ts
e88da73dcb9e2d89de5b2eb5841ee756ab4c8cb873b3d0cf5003db83837063df	packages/database/src/__tests-integration__/directory-repository.integration.test.ts
db8ab2be3180072483c4139478519120cab1201b3648ea88132bf19d530f835e	packages/database/src/__tests-integration__/dispatch-pricing-concurrency.test.ts
436ddcb729c3378ae063b298ae1f3c9769d1fd31791600edb6e20743bf1f822c	packages/database/src/__tests-integration__/dispatch-pricing-readiness.test.ts
f1083eb1111fd2bec9139b7da69bb9d850480b1125a7f49174441b466505a573	packages/database/src/__tests-integration__/exception-center-contract.integration.test.ts
c7b85795b3b28aa5caef96a65a24fb97259224a6dce35eaf9c837bc4e7e9adcf	packages/database/src/__tests-integration__/fixtures/operating-analysis.ts
6fa353c9427f5f5201373405725233e6a3e384cf6af0999953138f19aeade1b9	packages/database/src/__tests-integration__/migration-rollback.ts
68f13ca172c6f4e72b523265e00d6bb7bf99d4fd948af4dd788e3c8197d7d70b	packages/database/src/__tests-integration__/migration.integration.test.ts
ed19a69e97ebee89a11a11dd6d26aff9c2c3afa88a10c9958d8808d14ba07b49	packages/database/src/__tests-integration__/model-probe-migration.test.ts
7ea7863cde7f219f5dfac39c9204e62e000929d5a264fc0f397f1e30331c56c8	packages/database/src/__tests-integration__/operating-analysis.integration.test.ts
6961e94b370c4d76fe6f621cc87d3261046784db148ccf95034141e3c7a92ea3	packages/database/src/__tests-integration__/operating-feedback.integration.test.ts
8ce5964e870bd6a3ed1d3702a3380edb6fc138a0c86384af69bdb4d60c306765	packages/database/src/__tests-integration__/operating-snapshot-subscription-period-migration.integration.test.ts
fdde858badc0c4632cc7707ba06cc8b98c9b7e6a8634259b53c30b608b53c443	packages/database/src/__tests-integration__/pool010-provider-operating.test.ts
3a3454b208f71b0e2f89537d90e6d9e1306ce6ab5d4af52f09e8a0fa2df030b7	packages/database/src/__tests-integration__/pool022-supply-forecast.test.ts
34e63c1bce549319e1fc7fff631a722fbf006cce68d54449e673e5eb33ab7f95	packages/database/src/__tests-integration__/pool029-authorization-rule-migration.test.ts
f615f7bd7fef7814478a1720e4e81310292b001f68fcb9a123394ae241cd13d8	packages/database/src/__tests-integration__/pool032-provider-quota-window-migration.test.ts
f8b5613079058a3b1ab7ad9897339c44f6b96265685aaf82a60b10b99d4b5697	packages/database/src/__tests-integration__/pool035-pool-quotas-migration.test.ts
c059682ca31695a6d1a9d59e8c55bd447c9b935f86b352dd87f10cc669f7369e	packages/database/src/__tests-integration__/pool039-lock-order-migration.integration.test.ts
e1a3d3ac879e1d3329ed16ee50741143a7b0327aa02e2f722c93c552118c85b1	packages/database/src/__tests-integration__/pool042-dashboard-resource-usage.integration.test.ts
4057f07aba9a74b2c20da9ec4beeac2d7c6ab0704d3e3ed47cf37d0269b9ba91	packages/database/src/__tests-integration__/pool043-model-identity-migration.test.ts
d98b3ae7c1f3d2ba5478242a1732268370e5419f9e94bfc93ad38dbc9a621d43	packages/database/src/__tests-integration__/pool043-operating-bill-accounts.integration.test.ts
f5bd77b0af2a38bf57b5a2b773b4eb0eadb17499b2ff0fb17ef7ab23f41c1117	packages/database/src/__tests-integration__/pool043-operating-bill-concurrency.integration.test.ts
f71a4922e5994b75852ef529b853c1c654d419fef09e7cbcc5ba47f2354afe7e	packages/database/src/__tests-integration__/pool046-zhipu-window-alias-migration.test.ts
58a5bceace050ab20ee75da0c4fb258a40bbcec1d86283a9ff71c03c8ff8d8d8	packages/database/src/__tests-integration__/pool047-resource-monthly-budget-migration.integration.test.ts
0ae1d66dbbd5e3852cfc4f1d0b6e2b0133607440172b34b9ffefef38917dfb31	packages/database/src/__tests-integration__/pool048-upstream-error-evidence.integration.test.ts
dd76480e58afa731381cbfbf99e04772598198a3007c07d99b6320fa4ed65704	packages/database/src/__tests-integration__/principal-attribution-backfill.integration.test.ts
717cfc78908d055ee8da954d7a09d7703765a74872d05b379848ef74419f1f88	packages/database/src/__tests-integration__/principal-key-permission-migration.integration.test.ts
4a29e86943103ec9a0b845c18b173f87d498aeceb54e99eb7124e72ccc84fde1	packages/database/src/__tests-integration__/principal-key-single-active-migration.integration.test.ts
d9416182c7a591ebfc30bc6c5d280a4133f385b63ff227d3de445053215826ca	packages/database/src/__tests-integration__/provider-finance-activation-apply.integration.test.ts
1055644f87ce17dd1f63f7798ce7cfa9d03c31245a79b4dc76bac2205a30d45e	packages/database/src/__tests-integration__/provider-finance-activation-migration.integration.test.ts
d216892135a317d6295833961dc8696fb7ff5ca0e8c31bce4815e0ba3d2b6e67	packages/database/src/__tests-integration__/provider-finance-activation-preview.integration.test.ts
21b9ff4ed1fe244fc8ac9d3c5a0c712ee35d982f5e6cceb8cb3ddc3b86017083	packages/database/src/__tests-integration__/provider-finance-cutover.integration.test.ts
1a9c0ca51a2ad2f20ae65eb72e8c49999f1ab888f44ab89b8bdae5ff9a0b5e82	packages/database/src/__tests-integration__/provider-finance-ledger.integration.test.ts
76e671719e04515919ad0dc010b5f8d1e4af3b0ccfef0a6c145298a21780dc7c	packages/database/src/__tests-integration__/provider-finance-repository.integration.test.ts
6cb01b7c7ebe01785282fdd8d0ffe3350baca0520381ee11772b96a7f22efa18	packages/database/src/__tests-integration__/quota-pricing-configuration.test.ts
3ec057c1318d0556472af539774dafc1d2070321e5d3f4050cece65ed749e94d	packages/database/src/__tests-integration__/resource-fact-reconciliation-migration.integration.test.ts
47adb0c79d062ec6afa3e3cd4af2f27d5793f2b9d5cdff3cabefdcc3e1b4d072	packages/database/src/__tests-integration__/runtime-admin-migrations.integration.test.ts
5b01432dcdefe9dd0c86e09a280d9af4ecf193e754be85dfedc71a6193f03679	packages/database/src/__tests-integration__/runtime-admin-release-rehearsal.integration.test.ts
bed3281decc39e5ae916e7bb1c6c1b46a77d61e835fd8b7af03b59dc92f06e98	packages/database/src/__tests-integration__/runtime-assurance-foundation.integration.test.ts
f4bfef11d132e96ac50d997493c6e4d8e36f045b90f2acb4ebe92b1b51f775d6	packages/database/src/__tests-integration__/standard-home.integration.test.ts
c242f1078d0b138d53e9b472f7d416b35b70fa58e6a2acb9109d4c954caedd31	packages/database/src/__tests-integration__/subscription-auto-renewal.integration.test.ts
5d221b5e5ac9b5b622bf96c18db41cdc28400fa60f0a0d2501dd3bd19985096b	packages/database/src/__tests-integration__/usage-aggregate-migration-capacity.integration.test.ts
f8f2bdaf6964f279c14833b673545e0ef75b85da5c033e227504884cec670cae	packages/database/src/__tests-integration__/usage-aggregate.integration.test.ts
3599218659e41ed1f1ffccd4423b33217b777ce8ebc633533310f9829241e24f	packages/database/src/__tests-integration__/usage-overview.integration.test.ts
b10cfbbf69b90a98b72e50bcafa5b9170437349e7841ce40f8dad6717c0ce618	packages/database/src/__tests-integration__/usage-repository.integration.test.ts
4a28a342b0c8276543463db8a19b6bd714cb2f555ef7aad632ea4d15f3102165	packages/database/src/__tests-integration__/w17-reconciliation.test.ts
837cfed790ed61979fb36fcac340dd9cdd335f5ccb6f7886d63e5f82d7d6002a	packages/database/src/__tests-integration__/w20-final-migration.integration.test.ts
8e642773eec3f01d8c6276e12b361ab66a32b5c9f5ed7aa77e4e8ff93faa5daf	packages/database/src/__tests-integration__/w20-resource-procurement-migration.integration.test.ts
250c2e8af0d89d1011c39e5e52aabf756f318d306cc44d6325fa6fa17a69e6bb	packages/database/src/__tests-integration__/w20-standard-capacity.integration.test.ts
5b2539c9fbd629774b51a6afc498a975496a8ce3609946156fd4e1cf050ef46f	packages/database/src/cli/migrate.ts
dc8378ace7236ae6b9600e2538b86c35f62f94dfea42fc39e3a49671c430d31c	packages/database/src/cli/provider-finance-activate.test.ts
45b06053f4325db1fca75e4ce15fa1f388779f2f1a073753abc59115f7d915a5	packages/database/src/cli/provider-finance-activate.ts
822099fcf4acd4520a73b8aa99759e7f797425d50846ae522eb03d92fc06b55a	packages/database/src/cli/provider-finance-preflight-policy.test.ts
f97656ac19e40848a63ee88efab18ce9146740c66099bb294bf1b1aa768e6b83	packages/database/src/cli/provider-finance-preflight-policy.ts
a6141dd2f7dff49cd224a389e489199e215f765a4c67a3fb1765dabf00eed8c4	packages/database/src/cli/provider-finance-preflight.ts
06d4502fe7f38d73ff870b1116e601d424eba2b659f1ab46a363ce1b92f3284a	packages/database/src/employee-model-rule-types.ts
63cfc5e6c4f1e450e6a53beb1d69f8858018c63ead442630743b77d2d6c5a7af	packages/database/src/index.ts
2c91ec13cb03f06171ce2bff8c1e3b8125d53b33fbcab8c06748c0a939979fab	packages/database/src/kysely-admin-tables.ts
21a42f3e5cfbcd40bfc0727d0d0dd1345010b06a0fbd763087f71638606478f3	packages/database/src/kysely-availability-tables.ts
73c456c2b5850c08b31f6738745cb19e78636e4bfd735bc44d402282e40e918d	packages/database/src/kysely-core-tables.ts
faaa48e8b3e541e6b974b208f01704ce7775b84f9523530287f8af743bf70748	packages/database/src/kysely-directory-tables.ts
6b0f1541e55550b9528d15314ff92ef0c8ea1172adb7f43f18ae3ca94deb58a9	packages/database/src/kysely-finance-activation-tables.ts
b7d8a922c3ac1fb6a9491fb0ace98bb8dc66d20e416854deb4a3dacffc87aacc	packages/database/src/kysely-finance-tables.ts
4baaaea7a148a7c828f6ba2220496da57086f5dfda8300d204ba6232afad413d	packages/database/src/kysely-ledger-tables.ts
b5737555bb20e04ffe670d7a27c7e782bd6b8d1ac7a403c1b97a1c9767a9d79b	packages/database/src/kysely-operations-tables.ts
b3fbe7ebb0335e88bfb7261457cdd54d1135f0f9d492c999c89db9a57d9016f9	packages/database/src/kysely-resource-tables.ts
c9bd1b61e39f0c5ace66a4d52e8801047ebf0e1b84a1edef744fd314ea8983ae	packages/database/src/kysely-w20-tables.ts
23278b56a005e8218f712dbfdcd741375f6d0e9b296f41bb47d07a85cf76281b	packages/database/src/kysely.ts
311d4422ae519b1f6f19775be187d901d5a5b4ce6e1122dae0dd5fa327729f44	packages/database/src/migrator.ts
968f4eeb94af87a902921f40fd0219f4f4c5508c400dd3d5fb584f79fe0ad3c9	packages/database/src/provider-quota-window-types.ts
0c87a95bf1accac66a700ee697365a7d428251f64b567634ea109f6b13dd6245	packages/database/src/repositories/admin-billing-writes.ts
f82a6406f90d1598684d526b19c4a98bac94c8f1efdeeaae4dd60ab58d523eb1	packages/database/src/repositories/admin-repository.ts
fed586dbf487171c9e0de46404bef72a1e5a6dac0e0d6d34a3670ea17427f70d	packages/database/src/repositories/admin-write-repository.ts
05f574be5fbfa11cee9b3c25a126688ebe004057938269ab39b4419cff381c6c	packages/database/src/repositories/alert-event-background.ts
ed7755d079825daac49b0eca7198b458f0f9c6091004f34f1808d38e9c9b4ef4	packages/database/src/repositories/alert-event-department-budget.ts
ad56fb0d382847902423e2e5f753d4be31a28b12d2e2eb3aa0e68a2f31706c4a	packages/database/src/repositories/alert-event-exclusions.ts
8463676af6df8877f97fa550889d573b8860816dc7cc9a2faccaf271c51e765d	packages/database/src/repositories/alert-event-operational-derivations.ts
ecbd9c874538e46dfafa827763124a2e04a16bf6597ae09c72735ed1513c4018	packages/database/src/repositories/alert-event-recovery.ts
892ef1e49ffa19d00abf8e5522adc7c90229c851b63ca3e1d64cebeccb1cc3dc	packages/database/src/repositories/alert-event-repository.ts
7e9bb9551cd7e9cad88a63498a92b3e220e6522956154259b41cd7fd3cafee0d	packages/database/src/repositories/alert-event-request-derivations.ts
7014b043917974ba21cb3a7bc387d7ace8de953014dcedbd87917ea8fb734b53	packages/database/src/repositories/alert-event-types.ts
88e51e7a56b2a6dc1c73bfd01139b6aa6fc334d0d6178342f570f942e2a53e72	packages/database/src/repositories/alert-observation-writer.ts
d33f3e8b6383b3ea772e3d89204df6680470dcf20cb2299e6930720ca62b274d	packages/database/src/repositories/audit-repository.ts
715d01a9a132c0745ae1e44be7af2006cfbce935544431d351fe27927125630a	packages/database/src/repositories/billing-rule-applicability.ts
f78dd6d8b3f28d25f8adf73f288cc0c410b0d7ad85e57de4fb4515c1f8792b79	packages/database/src/repositories/billing-rule-persistence.ts
ab1127628436e630d406f544815dfbbc285eee71a045a564461c128d04542e40	packages/database/src/repositories/credential-chat-probe.ts
023efd5c035611fc56f6a91c5f9d8455c7a226e063d48665090ce9e5ae34f5e2	packages/database/src/repositories/credential-probe-models.ts
d0c11e1e42e877b4d5bdfe1a490b2eebf41d98589f46570cb42d037d8fb28381	packages/database/src/repositories/dashboard-breakdown.ts
65ef0c162ece6365f3f1134958a53a7ee1403316d84c412e9337b38565527635	packages/database/src/repositories/dashboard-helpers.ts
7f3b4f6b42353b60651a06a7b911a51b78edf531047864ef094d4e672052ac1f	packages/database/src/repositories/dashboard-home-costs.test.ts
9fc00d6c0e378bc7c32bf4bce68009c64cda98033cade7e13a1b9ffda51685e6	packages/database/src/repositories/dashboard-home-costs.ts
b457e9f260de6a91059adb73b3f00e35390ce848f6ec0238a169c84f768fea94	packages/database/src/repositories/dashboard-home-metrics.ts
c63a509e6c1e459c781d69d0a58350c5bda350b534f4ba8180933c84e6b0ed38	packages/database/src/repositories/dashboard-home-providers.test.ts
ae13ffdb35abac5610815a429b239e3b204a3fff417b14b4186a2b3eba48bb32	packages/database/src/repositories/dashboard-home-providers.ts
6633b1c48a7608ccba26e984632c2f1778a3a99da948b4bdc60261cad1810d7a	packages/database/src/repositories/dashboard-home-types.ts
6321bc556e15622d8dc3e8662fe936068e0ff02482f11dcb444fc9d8ba3422ea	packages/database/src/repositories/dashboard-home.test.ts
3499ef87aaed76d4b868ad6af6b849a85aec228a3983404c0d5a50b83ec22280	packages/database/src/repositories/dashboard-home.ts
b66343bef8717ab1481f1644596111ef4626429ea7af05340b89f9a18625ebff	packages/database/src/repositories/dashboard-monthly-spend.test.ts
6106187d4a0ab73899b268300c56933b98c02e80fafcac308e7e748323241b1b	packages/database/src/repositories/dashboard-monthly-spend.ts
93d99612aec3d97108fb8cb02d896c57f2f1832b17d3337ac196237e01033b85	packages/database/src/repositories/dashboard-overages.mutation.test.ts
5a42ad0e80e22ee7eea0bf8c43e1bb501d691058ee3ffcfd5ee618dcec66f650	packages/database/src/repositories/dashboard-overages.ts
b06a9648999c9b6eb9b4bbed9138fe33ec10b158a815660326f20950f5121fec	packages/database/src/repositories/dashboard-repository.ts
620dbb5d0e6a5c84babc8e14883d58043ea8a4d149b3206e66d5346fe077e914	packages/database/src/repositories/dashboard-resource-status.ts
438a682ed34df48fed07b4d7005be08542d2f299d38cb2bd1cec9759ecfccfcb	packages/database/src/repositories/dashboard-resource-usage.ts
ee3e4a7f009dd31df65e8fa4563e48b1568b36a30d7f616cbdcaecba061a1350	packages/database/src/repositories/dashboard-types.ts
4a724626fd7879fe5210c37b50ea9f8708903e5d5ee74ce07372d8af0086019f	packages/database/src/repositories/department-cost-evidence.test.ts
92a42d8d49afd6f59ef632ce09b0d90be8ea01b69e1e32da319e4d1ee0087e89	packages/database/src/repositories/department-cost-evidence.ts
e9d4fc366628d60dcdb3ee2aa0230b7d0afabfb63758b9dd2700874ada87ff84	packages/database/src/repositories/department-cost-read-model-query-types.ts
4d0acce8d5974cda6358d39a9705cd77e6ec59e827b297df81346d79c138c4a6	packages/database/src/repositories/department-cost-read-model-query.ts
b92a31e145908314fa31df6554135990e3c881ab138c12661b0da402bcbfe7ac	packages/database/src/repositories/department-cost-read-model-rows.ts
08d949d349184d7c8a96aa175c254d88ff0aad55169af0063f4d037345327443	packages/database/src/repositories/department-cost-read-model-summary.ts
75827ed0d5737617d11e260b84b17bd40c7009ae67342556a41c8c03d416adb0	packages/database/src/repositories/department-cost-read-model.ts
4dfb731c52800f05838df5755fed51697a833e5240159bc66708a6835f4096b9	packages/database/src/repositories/department-cost-types.ts
4f6e59c1b2040b87d36ed78e850cd29a6bd143f288710127f4ba83cb4f385ba3	packages/database/src/repositories/deployment-log-repository.ts
991774710bef703dc51c2d9dee6c3d2dcf3a94e735eff76718d694c0a38fb979	packages/database/src/repositories/directory-import-apply.ts
95c08ec9e8ffe7c06256188773886ce780cc3fdfdcca733cfd54edceb39e90bc	packages/database/src/repositories/directory-repository-source-run.ts
1767298be2574ea9cbb2d32e2bfa219fd71874de985e6637d2a1e75a78398dbf	packages/database/src/repositories/directory-repository-staging-validation.ts
51f2ba0ad3586b260abe72681bc1189a89c8781f12a033915c0363f3794f5d0b	packages/database/src/repositories/directory-repository-types.ts
fb99959e13669ceeb61d0f167a4fce7700259cb19465cce3cf2637228b3fa0ad	packages/database/src/repositories/directory-repository.ts
26d7a9845aa55a58d892800f076738d86c9c6027e01f2be7b214d0c8ec6a767e	packages/database/src/repositories/dispatch-operating-input.ts
6a8e4c1e03fd107d3a9ee04b1dada270a65be858247304e7531e21aab14596a0	packages/database/src/repositories/dispatch-policy-archive.ts
6d93830fddaa68e3531a711873acdbcd9f8e89aba9695d9670d5508df4f076de	packages/database/src/repositories/dispatch-policy-clone.test.ts
e2963d91c238e9d2b45e6e4468274d3b2ef5d593d224f25e13ce5aa39c28988f	packages/database/src/repositories/dispatch-policy-clone.ts
da877c25df224b23f918fe78703b1996f50eb9a42921b44b0bc966e31820fff9	packages/database/src/repositories/dispatch-policy-mapping.ts
dee358d56e9075c8b6ddc9921aa1353384fb0101dcd1de391c4b57a19227e04e	packages/database/src/repositories/dispatch-policy-repository.ts
d10f44f47ee672c878f63fee6222ddfc46acc8b6e65232bc84c2476a6ed07a0d	packages/database/src/repositories/dispatch-pricing-readiness.ts
94c94b009ed77b2de2566a1f29bf3dfe98c626fe926a91ce2ed8963f801e0f1b	packages/database/src/repositories/employee-model-authorization-policy.test.ts
ba5f4408c4e53f6d817e080e08d569d72384f864d4829dca472bfe87f58483b0	packages/database/src/repositories/employee-model-authorization-policy.ts
01524add9346bfe97f75270f2296e0d1db140307eb7dbf79add9c4fa62450fb9	packages/database/src/repositories/employee-model-rule-lifecycle.mutation.test.ts
52a3dc63de7ec22a02a74b1eb372b55c92380669a73a66218081e496bf9cd8ce	packages/database/src/repositories/employee-model-rule-lifecycle.ts
e591d63300bff7f5dbf438375455663a8b0885bb0823a47663e12d905425f4c7	packages/database/src/repositories/employee-model-rule-lock-context.ts
6f602d93916a05d8de0b06d63452341097ee3957fa103829588197611053f7ca	packages/database/src/repositories/employee-model-rule-quota.ts
dd57e3a1d5485dd1087d25894fe49763dea67f1838874902ba90f80b467275a4	packages/database/src/repositories/employee-model-rule-repository.mutation.test.ts
dc70358f4b470fd8445da27ba55491fcbd96bc989001cb4225aeae46f58a966b	packages/database/src/repositories/employee-model-rule-repository.ts
02ac5886725f9945e67e5df3fbc464b9e71a4531071e771b55a9550bc157d39a	packages/database/src/repositories/employee-model-rule-validation.ts
bc03ac508cfc5aab4e99afe19b5c786b9116fe4b7828319a3a5d5c571f9c3fe9	packages/database/src/repositories/gateway-ledger-guarded-writes.ts
d3231429b499b93306de2d575cff3f265b939534e9558d0f5d9ba6fefb45a07f	packages/database/src/repositories/gateway-ledger-repository.ts
c133e343f7561a6e42864588259b1323abf2af11ee4fb6e580f265fc9fbd0e50	packages/database/src/repositories/gateway-ledger-request-facts.ts
4b358a33234fd5cc63329ff51b31ca2c4e15104af82b46744ab2440e3563f191	packages/database/src/repositories/gateway-ledger-settlement-assertions.ts
633fb10d1fb865897ce1441738c9ce4e4f03a8cfc08e0531e9e65cdd3297b31e	packages/database/src/repositories/gateway-ledger-settlement-quality.test.ts
d7d43178fa21bc35cdc7cab3277915e42b216ea1be8813f5a5b575671a84b357	packages/database/src/repositories/gateway-ledger-settlement.ts
b3561dcae5fe141d6ffd0bd9aa0c29e74da6adfd6df377b345042cc549c99360	packages/database/src/repositories/gateway-ledger-terminal-rejection.ts
1d68b2e173d6d174114faf976bf8d4c8b99075a84bd82898ec3478f15d1ddda0	packages/database/src/repositories/gateway-ledger-types.ts
ee46896ba15601fb6fe68c9da5b5347117756bb934ff3fd332303356ca5e3f2d	packages/database/src/repositories/grant-repository.ts
b086bdec48653966c59e2ec9f5a7d1878f6ef3c54c7f5324d5985c80d52addbf	packages/database/src/repositories/key-repository.ts
0cd8afa874b2f7ac75ea5fb02f735a473043c41de44618d3be428ab9c422fe6a	packages/database/src/repositories/monthly-operating-cost.test.ts
17dc2ea7fcb7047853a952a7c760b2d5637337940d9c1828644e85476121491b	packages/database/src/repositories/monthly-operating-cost.ts
6328a438f3649bb640573ea5695bb451eab8141dcb3b49e549f0667f13c0dbef	packages/database/src/repositories/monthly-operating-summary.ts
9f6fde6ffe76b035a613d929f8328b6b9a964213b7784345dc1e3a804df9a89e	packages/database/src/repositories/operating-analysis-purchases.ts
5e8531f3efadccf7e5019956e66d50735df33c2a165334011e42f98d85af13d4	packages/database/src/repositories/operating-analysis-repository.ts
e547a356c586b15bc7db1b7c3c5224f57423f818447383319f54369187faae4e	packages/database/src/repositories/operating-analysis-usage.ts
810b1cfae85c2eb94416f0b868f084920815e79fd2cebe3bc33343c4013c56db	packages/database/src/repositories/operating-bill-account-aggregate.test.ts
157fbc24c0246e8836143cd1554a0900f057ad143f610b6428ee2efce61e2543	packages/database/src/repositories/operating-bill-account-aggregate.ts
28b1545168c289d646291e4f2455199a6dfadd1b9ae513e3ff4173ed99288b39	packages/database/src/repositories/operating-bill-account-detail.ts
175cfba06dd19ef4e606a8eb178f94ead7d1a268dbd57383626695628386743e	packages/database/src/repositories/operating-bill-account-frozen-detail.ts
5681cba362cf4e275f539ab058ab70919e21ba87f0ade6c911a7e54869b8f89d	packages/database/src/repositories/operating-bill-account-frozen.ts
2969dcc95f3254c388ea4b81a4c04ea2a4f38c94544f010c706a7935d5201e4b	packages/database/src/repositories/operating-bill-account-live-detail.ts
1d5d1224509510d54ee03991816d5297b5f49bede9ee2d7d26077911c948e22b	packages/database/src/repositories/operating-bill-account-live.ts
ca3e1d55948ce490215e219e346c388860dc8d18421d52cfa96befe98894d373	packages/database/src/repositories/operating-bill-account-month-lines.ts
9482ea105ad73ebf31b49a0b2dfbf324d9938ece908b9856205d1ae091930152	packages/database/src/repositories/operating-bill-account-repository.ts
58105b931050e51fdd642217348ec36699312b01d2710e3e1048567d604a00e1	packages/database/src/repositories/operating-bill-account-types.ts
540d39bb53351d821af85a19618177b5c777c9ec9cb634a747bf2ebddf5041d2	packages/database/src/repositories/operating-bill-concurrency.test.ts
3d43d91f07dc630f4f3f5fcbd34af8a8d4b5b5d693de6301040420c781369e85	packages/database/src/repositories/operating-bill-concurrency.ts
1ce44453470123786bc0a95b12996348aab8c3cc0a5960b2e12c0dfd4ce21458	packages/database/src/repositories/operating-bill-cost-quality.test.ts
49192a8183fcf3b0ee758c36ab558feb024aea72a2f7c528b44d8327f16d4dc3	packages/database/src/repositories/operating-bill-cost-quality.ts
aaa5d8723281414b45518f3fe4280794a297ea24213fb6e34b995ac33fdd84cc	packages/database/src/repositories/operating-bill-draft-policy.ts
e3bf2386b4a6d6b4bf20122b6a76e09722a4af2ab8e748c8b876d361d3fc6836	packages/database/src/repositories/operating-bill-draft-rows.ts
e172d8683121f966acdecac9a160c3cceab07382ab07a72e692dcaa62d8f197f	packages/database/src/repositories/operating-bill-draft.ts
b99bc601d942122f39dddc83aac8eb6c931ffa8c85c080b74f526e8ae39123d0	packages/database/src/repositories/operating-bill-errors.ts
b44eec00c1a4f698f393d87a38c1046a7339243621c2df2c5eec2d0ca87991f3	packages/database/src/repositories/operating-bill-finance-projection.ts
cd288bd5175fd97a4acfe9ae930aadfda9a8382ebfa0203284f1216f7b9e168c	packages/database/src/repositories/operating-bill-month.ts
0f5e4205de283a5e253f9ef821bdf3f41aa5b842a849425910638783d3a216a4	packages/database/src/repositories/operating-bill-monthly-cost.test.ts
db7e33e846476d5e49973ea0c71e2c20ae4d299306168c68106deb8c9993ea74	packages/database/src/repositories/operating-bill-monthly-cost.ts
7fe9a74058cf4913dcfcd8867dacae85e00dfd64e265534622d77686854a49a6	packages/database/src/repositories/operating-bill-opening-balance.ts
e6406400034ba8324ab36b941ad95bc96825330848ea1ce3a7807b842fb66c8f	packages/database/src/repositories/operating-bill-period.ts
5216571c9efb3cca7ca713d59e1cbbe6a486abef56a7a0c186ff1147a96ca0f2	packages/database/src/repositories/operating-bill-project-attribution.ts
597cfc9810cc9b9f620bedb845d82027e78c84f600cd1f4cb4afeb3c3168b830	packages/database/src/repositories/operating-bill-project-metadata.ts
d010edea030e3c5a840c03c7a2e97ee6b94f8fd04479d458b35e6d555fb71c33	packages/database/src/repositories/operating-bill-provider-evidence.ts
f2c3f0cb473f55581372754072a3308cbe2eb49e4f29568fadc6ceeddb3017d1	packages/database/src/repositories/operating-bill-read.ts
6a78b3047c1ffb73d982f37c60c336c27ba834916242e524ce8d6925b0bcf522	packages/database/src/repositories/operating-bill-repository.ts
5df4ec2430880bb2440af046f7dedf312b753362b13d6f4a37151f0ca7f32b2a	packages/database/src/repositories/operating-bill-types.ts
e06abdb10cea6f10db46ceb2eecd32faa5f1b652b24271a2e0b4d938ec32e773	packages/database/src/repositories/operating-bill-write-barrier.test.ts
4d25dbfa162796ab3c3b054995c6c6728337c811be60199e07ce28bbb78eafdc	packages/database/src/repositories/operating-bill-write-barrier.ts
344344c61d1e328083d66a5d50732adfdf852dbdb84c1783a21073029ecb2b2a	packages/database/src/repositories/operating-consumption-filter.ts
98a7c18b972672027cee760ca642f48f9ad6c78d68b9436df2a0db9b476b6a92	packages/database/src/repositories/operating-department-accounts.ts
0b1023810e81aa7278ad6af091a4f3ddcaf7da60c1e046bb26d0e4c968ee8873	packages/database/src/repositories/operating-department-rules.ts
294378f76eb585ba270159ad4f2f2d367e6ce223ad962c1f8a9d3e71c3ea04ed	packages/database/src/repositories/operational-fault-repository.ts
02469f1a6c14d6c4a54b444fb46c6fb020f7a021253b52e6252db2c10e5953a4	packages/database/src/repositories/pool039-repositories.mutation.test.ts
33e5a51f88b0ac9a8db5d579a106f73d7f64eb66646b2adfd25470288c6c5677	packages/database/src/repositories/pricing-set-validation.test.ts
52ca1ec370a894e664e6316000bd57765a99dc0a9ad4f04da60892fb5a51948e	packages/database/src/repositories/pricing-set-validation.ts
927811b0417219c894021371fd38784875c657df93204eeda76ee429af643179	packages/database/src/repositories/pricing-write-guard.ts
22e4f45e87348117ced6e0f73c02a2b442adda3574de2c3cc04da51fd66bfc25	packages/database/src/repositories/principal-access-config-repository.mutation.test.ts
2a74e0597f31a9aed8e645759ea2659e87b4dd566e31fbbaeab2c73ec5ed8130	packages/database/src/repositories/principal-access-config-repository.test.ts
90a724dd70328822b0becad19eee6f7c2152e50110c0a484ee4d9518a04e215d	packages/database/src/repositories/principal-access-config-repository.ts
cbf8cb927f9069d3ffdea7d5cf9e0af1617e8490b2efadcbbaea63b57c32e623	packages/database/src/repositories/principal-access-config-utils.ts
7d38594d19f8ef146464090161596a1179e23e26616f4e5492124d13652b098e	packages/database/src/repositories/principal-access-locks.mutation.test.ts
9509d77f75823132f0279615bd6777884642186e3863e973825272f27ecbb830	packages/database/src/repositories/principal-access-locks.ts
18a6fe88453f3bcb81fdbc176d478931c3031cebe65a63d4a67159a6f653e560	packages/database/src/repositories/principal-access-read-model.mutation.test.ts
461d5e88b5b1bf54186b82d3d8bbe06e1a905df27decf35d67a3fdf1ba8edb79	packages/database/src/repositories/principal-access-read-model.ts
298f63ed404e01086fbe324b23951030027ef5d8d8c9c1a8b75f118f597f2259	packages/database/src/repositories/principal-accounting.ts
3a1ddf8d10bc473b8a32d88d9ea2074c341df10b151c5b313596dc5a7bd34438	packages/database/src/repositories/principal-attribution-backfill.ts
c52ed94acb3ccc20d4b88e8c994f52c18677607e6da5e50d847470351742cfbc	packages/database/src/repositories/principal-cleanup-preview.ts
9d924c55788dbe2d15c07fdf6e19a9f1c6aea70b329938ec87917b6c72570a7f	packages/database/src/repositories/principal-department-query.ts
43fabf0c0c7f31b9015e2b7375676f6c8287bf52adc857ab04a3835ce7ebfff5	packages/database/src/repositories/principal-repository.ts
b6559f15aa7043119af6114c5766ba0d258497e5792bb39f8e3346b00b271656	packages/database/src/repositories/principal-single-rule.ts
b51e744995948cac122cb73a4d990f93ec43da3b9a1036da3f2b15a9a7667713	packages/database/src/repositories/provider-deletion.ts
98d76163063c45a4f21c8dc99fc1da4d2110ddc2a62298433ab83713a38e0159	packages/database/src/repositories/provider-finance-activation-coordinator.ts
460ccc2a108cec6c37d523656ef5a136302dbba32fd81c5047c181a1cd5e8937	packages/database/src/repositories/provider-finance-activation-facts.ts
cdcfe175bcdf1e18a7837b29ed58f45c2743d8e604ad758de32e87aa7449a034	packages/database/src/repositories/provider-finance-activation-preview.ts
1fae222fcd6d5aa5346343d5195675735371c257d77bad2504434ccc6a9cb696	packages/database/src/repositories/provider-finance-activation-repository.ts
704a301ac12d4d75873d7c9e5bf63de1167515cb24e2c7d4949440cab422e165	packages/database/src/repositories/provider-finance-activation-types.ts
6fc51e54b25c35dc265a375bc53ca287ca2a8e0678bd3e0dbc3d58be22fb2bed	packages/database/src/repositories/provider-finance-activation-writes.ts
bfc0828faea2af8449ca0284316fa4f9b56203ea1aafd72f711d64f545003523	packages/database/src/repositories/provider-finance-balance-facts.ts
e4ec31fa5497eb83526c03bbc8579c6e26863835f515b67002c695ed036fa89a	packages/database/src/repositories/provider-finance-balances.ts
90cb36eaae25a2e0a2bb6ec1c78a4cb7827f3bdbb8f79ec5875c373c8e1dae71	packages/database/src/repositories/provider-finance-core.ts
9e323c441255a7a91da68ee06dda519f073e59ed3bed4df4c9c499357805be77	packages/database/src/repositories/provider-finance-cutover-repository.ts
80044d4ad6692cfc7cade3b24bab5fe7bade12f754e7032025fb5bc86f271f09	packages/database/src/repositories/provider-finance-cutover-types.ts
88244fccab7ed8c8cfae3a85c76b7f84f4d35dfba211c45591f26c56d84efba9	packages/database/src/repositories/provider-finance-events.ts
fd81c2f78f1e7325d0e5bd337013824eb583e60f41ddb33f9a9f3e6ba8520362	packages/database/src/repositories/provider-finance-gaps.test.ts
478aa6fa98778a2190b76d037fce7913dbbac67779bc199f5c887a12c4f788fa	packages/database/src/repositories/provider-finance-gaps.ts
3adb3eb4c774fffa7c8285c2e93a91a98db55120f786b50f64140313ca267f24	packages/database/src/repositories/provider-finance-legacy-resolution.ts
3c7d21f8372c9f9d231a2964272186781f39a2e973943f2c43290380e462dcef	packages/database/src/repositories/provider-finance-month-opening.ts
28e6e611937ebc65a43eeb1825354aa6d08f29d071a2aeab921fde779388377c	packages/database/src/repositories/provider-finance-period-facts.ts
fd8a3fd86ab5d870fb97fd080a132a4f04c7829a8a7ee4215e7d60d874cd3c30	packages/database/src/repositories/provider-finance-quiescence.ts
c7a4784fe6147d8257a21c3814382babed37988e677516bb6ef8d7588e4302ea	packages/database/src/repositories/provider-finance-reconciliation.ts
2adf546073a1a24040d248da05f89b1f0e6bf67c1b894e29679557ca022499d8	packages/database/src/repositories/provider-finance-registered-history.ts
fb461629d850402778c5e4a099bd4e9a846c9952b405ebe9e2dd5cde244a7493	packages/database/src/repositories/provider-finance-renewal.ts
b695536fffa6461c7efa64b997a0d2e4b255caa9b78d97f90b102927fb1c65ba	packages/database/src/repositories/provider-finance-repository.ts
d5b0a26b6d299c33ae47b4602d9ffc76b0fb991ec628e4609bece662ee44f98b	packages/database/src/repositories/provider-finance-types.ts
c10029ebe5ed97744660540a95a59a6191df5e9049baceeb199216afb6cfd8e3	packages/database/src/repositories/provider-finance-usage-backfill.ts
269645d8644c2dd2a6d62e4ded14e6ee208fa428edf19e50506e8a3334378019	packages/database/src/repositories/provider-finance-usage-repairs.ts
815200bd271e288a1cb5f7d6795a14c5e74f51db2e8ada926f6d716a59821edc	packages/database/src/repositories/provider-model-discovery-repository.ts
443b994170debcbdda63bbe5402abcc39ea1774a994ad19126d8254f573fc835	packages/database/src/repositories/provider-model-utils.ts
fc772bd09ac8ca71c383e3d816877ea6855f03ef202befd07eebcc5120006f8c	packages/database/src/repositories/provider-operating-repository.ts
85d16c33e2f7b4a40d3e6cc951ab7be15306e37c3b740cd3a638cf2ebd4e964a	packages/database/src/repositories/provider-operating-snapshot-writer.ts
656014eea2f2d7c106fecdb6f7deb6b73ec907b3547e17461b3bd6215c9861f6	packages/database/src/repositories/provider-operating.test.ts
ae3ae8ebbe0f22d184faee31a74a70e931e36687f1f693a468284330b8bccdd7	packages/database/src/repositories/provider-operating.ts
7171dd3c893988c23268bb397c9d919e4893fba42c66b29481ce923e0f2da2a4	packages/database/src/repositories/provider-quota-window-repository.ts
2c56fe2e496a8fcd5479a5ddfcfdcb6fcf98032e95bd49195ff4c6e32721179c	packages/database/src/repositories/provider-repository.ts
cfdcc05da3b803e108e81f9fece9189f7967f96901f20c87c425eaffbb730585	packages/database/src/repositories/provider-types.ts
16f9928299b4823934accc3d7778690fd134bf7d2df5aaeb8a9554f6619642e0	packages/database/src/repositories/quota-gate-repository.ts
62a834cdc4154cf142a25ae2b8c7e27dfbe8803c0d148202b59ff87edaa5fc94	packages/database/src/repositories/quota-pricing-configuration.ts
45394e10f474f80a3dda8a0855f473e4ab88cfadad7616149933bb720dd23a69	packages/database/src/repositories/reconciliation-repository.ts
8b326ef80ba668c1e22997ee632c601677f037b07f3c1d2d1dfef12dbd72ea26	packages/database/src/repositories/request-attribution-writer.ts
7787951f0ca775db068f3daf0d7e71dc10337f8814eb6d90d84478a255f7c595	packages/database/src/repositories/resource-model-usage.ts
864c48acd9871b14b43bab6055d2c3ea17923c58c8313a3651f42199519773fd	packages/database/src/repositories/resource-pool-repository.ts
340bfd1f6d1215f23191b0f4f826bae89e7d8936e4eccef62852709a2143dcef	packages/database/src/repositories/runtime-assurance-core.ts
7dc75bff286cc135923dcfd45425f250d98b803c4275acd1e4dc855d38b093ff	packages/database/src/repositories/runtime-assurance-directory.ts
f0608109a9468df1889a1a1a319e287dc530a877f18e563edbb678c5304cccbb	packages/database/src/repositories/runtime-assurance-events.ts
0deb841299426da2e1968486282510fd46b5edec7c70d54087b808de0ed16603	packages/database/src/repositories/runtime-assurance-repository.ts
b9ece89e33b548db9534eda6810a9808b5810c41c492fd1d1fb1995f9a8235a5	packages/database/src/repositories/runtime-assurance-rules.ts
21e830c391ce6306e52ab0bae0422a6339419501307c59abe9aa820ae74ab3c1	packages/database/src/repositories/subscription-period-attribution.ts
28130a8365a6a3693efbaa27817e5665503d82829f6bce0f1a6449a53fdcd508	packages/database/src/repositories/subscription-renewal-calendar.test.ts
581adafb9b5c83fe29dd6fe0ab82072284447e4274c24eb60803c9f6ea0ed06e	packages/database/src/repositories/subscription-renewal-calendar.ts
4eb39b2551060648ca5e4b11af99ec6b2617b7b43a8276d1df889710d97a4bd1	packages/database/src/repositories/supply-forecast-repository.ts
39c44269a6ae25a97e2acec6ece1a41f6e2f564222022812217323a2132232dc	packages/database/src/repositories/usage-aggregate-rebuild.ts
bed4dc6a2f4b36f30bafead774aa03ecce583d2e385721b5fa187aa2bed14427	packages/database/src/repositories/usage-aggregate-repository.ts
bce1a15af003ee10a36396921906377c9ec9722b22c5cefc87c1d42fc9e50b08	packages/database/src/repositories/usage-overview-facts.ts
7311ac42fe94fd5695653ba9d06047c897f5fcf64e7913312d43f0d03f992cc6	packages/database/src/repositories/usage-overview-repository.ts
b8a4c5423bd8182de9fea4022a832daaf7370694c09103dd450c23ff3fc062e4	packages/database/src/repositories/usage-quality.test.ts
59bf2b4a4e09e6bb4450dac6355b2d6a53c203d15cf879c9bf01e3eb60a19bd4	packages/database/src/repositories/usage-quality.ts
c41ae5ef8cd23fa8dfaac1882d5ef75eb8d38b5f78c2d941dc2922929907b5d1	packages/database/src/repositories/usage-repository.ts
3157f2e91bed6d07331b55ff4c98b48190d47d5a63e50a84eb02f215c266bd65	packages/database/stryker.pool029.config.json
0f9423a856bb739eaed34043149df1ab32ec2b39ae5d9535067922e95e4a9a4d	packages/database/stryker.pool039.config.json
018dca34dd3857142411301abdd732e7172e7a085725ab886abb95e292ed4de4	packages/database/stryker.pool039043-integration.config.json
abd3bbb0e52e97d160a47e23de8350fdbb6c6c8511da87baf4857937b385f8df	packages/database/stryker.pool042-boundary.config.json
5050e25bb70db6e831be5c64a40f67340e02469603d8e2fa9cd704618896a872	packages/database/stryker.pool042.config.json
3191b0eac6a8c02d4b297a931d03f2fa6b183b36a40cb30ae826221d20b66eb2	packages/database/stryker.pool043-v22.config.json
c7563507febaae40b902707f84813c5478a2cd752d3a3442df6036bf9272a357	packages/database/stryker.pool043.config.json
28455c8ade4f32d5075a16f27561c458aa1b825e040b570a43b0deb8948cf0a1	packages/database/stryker.w20.config.json
6549f95182c0e522f6fe423f472e09a011e8bea22dd5a0654b0ad7cc67f172cb	packages/database/tsconfig.json
e8e205e3dd31f30417cfe9280687e803b00da71d9796475c911197dd2a785365	packages/database/vitest.pool029.mutation.config.ts
fabbc88eb34a40cd8f14d921143456cf97318caf9a911c4c71081dd01f5d9937	packages/database/vitest.pool039.mutation.config.ts
ff8e4f86342f1e444ed8890fa57835b6bc77d26b8621742ecfd9ae474597cf1c	packages/database/vitest.pool042.mutation.config.ts
b9da38a50dd9a37998a2fc7b29cffe31ae784e218c20f2078b72f3f66e02bb48	packages/database/vitest.pool043-v22.mutation.config.ts
416894b7a4548d1a5201c2baaf29f55a386e0ff8daedc703dad484665a19d9eb	packages/database/vitest.pool043.mutation.config.ts
2d07bca70c181fb3e336a55cea9664eb9b631c4966397a702c4b36b3be42eb6f	packages/database/vitest.w20.mutation.config.ts
c5dcf18e5187307f0f772349f7ac40907815858f60e6e7d479dec52b29fe49d4	packages/domain/package.json
a3fd08e9cc4e04dcc07580650df417757644d60b7e17fd1ece29404f70d921b9	packages/domain/reports/mutation/mutation.html
c4681ca0dc48f5a1360d13773e03490983a170161088da3fc93c7eae264c1916	packages/domain/reports/mutation/mutation.json
cd973e3d473602694e6f61110982045273e0e616cfcd24e28068fadf306e05ae	packages/domain/src/__tests__/api-multiplier.test.ts
d8320c1383859b92fd22b2ab1416e2052c359497c561aab67d45f21c5a38df5b	packages/domain/src/__tests__/billing-rule.test.ts
f36f23b5f0006e0043abeec08be81ba6a7d6c7f1a57d340bf098f9c1d25b6e61	packages/domain/src/__tests__/client-identity.test.ts
cf564fffbbac61a24312edec16450a066e284c8fda23f1ece2c23a10b714a575	packages/domain/src/__tests__/dispatch-policy.test.ts
d8ed918bd1e7f8fdf65ed94b74285b3a0788c900f0eb414ba8c8e40b39426482	packages/domain/src/__tests__/domain.test.ts
49fe2ab97788dd076c5c4a7b61181787157d82046745d1bb4631d9016fe323ec	packages/domain/src/__tests__/provider-finance-activation-projection.test.ts
8a18b4980563caa8d36cd10916e6e4b4aa12eb240b636c14605eb46fb05f94b6	packages/domain/src/__tests__/provider-finance-activation.test.ts
2afaa8295d6b8df50ccbdc884484612eccd43cdbcb7251fea6c4f45d60645823	packages/domain/src/__tests__/quota-gate.test.ts
081c93495a74908332605ce0b20cab258c8de9afdae8434155b6258d1248d002	packages/domain/src/__tests__/reconciliation.test.ts
2bc973eaa85fea5ac24bb9f5946f670138a0aef784029943a6ad0b6a303b33ca	packages/domain/src/__tests__/resource-lifecycle.test.ts
c23a5f6b5ef48b14da3479818a2316a07045a436489168374f888c280a2ea37c	packages/domain/src/__tests__/routing-policy.test.ts
30df297fa849597973aefca9a7b6a2b5b465ec4c76a1b41507ded38789e0c70a	packages/domain/src/__tests__/runtime-assurance.test.ts
e3b9a2cfa2f88afefd8ef54206f89c2862f6c8f4b537ebcb4c43c2ab44643625	packages/domain/src/__tests__/supply-forecast.test.ts
83e50ece96cea0bd143289d3e5a206ac6324e4031c47845255d02bcd1c801475	packages/domain/src/billing-rule.ts
0e599422b91cd0c6d79b361d6b0a10c40b0cbe137d54f72bc7a117083855f296	packages/domain/src/client-identity.ts
cadf21bc1c2ec3cb8d9964f918e0988efb90d1c55cf657299a069c0e37b1ecaf	packages/domain/src/dispatch-policy.ts
5c9a9cfba721c94a8ea4d1e724ba00b676214b239515e37330889028674b8e03	packages/domain/src/index.ts
3cf1a27f7513716fdf75788dec45c292813480092832bef3f796f12bc3609995	packages/domain/src/model-display-name.ts
eec28b0789a261c254c4099f0fe6607e95c5b8c3068530b082659b53938c56ac	packages/domain/src/provider-finance-activation-projection.ts
9505cb000478760067f156f8d9f0fa75b02d4ecbb9a1a994280949d2090d96fc	packages/domain/src/provider-finance-activation.ts
c96c7dc2ee11dde793f29d09dbeeb73e1372b20f7d0b9e967d438a3d968375a8	packages/domain/src/provider-finance-balance-components.ts
c532ba01b680de599295bc7dff12262e8ac2d80acf6451d115618558cd527cca	packages/domain/src/quota-gate.ts
9166600fb05610d6c580ced53c141482f6a565c882eb7493c1d10a8d8e96eaed	packages/domain/src/reconciliation.ts
0628fbda9c83cf12e0559a7b1e09ecc81fe32ba1510a25b60db475b94daa7f4e	packages/domain/src/resource-lifecycle.ts
876c570ba8ed406faced6feb97be99f9b0ef24d9822d12eec8063e1135b94c63	packages/domain/src/routing-policy.ts
43a4012d7e02cec1d8b1213c149eb49d73a48052f95a53a5140e47bc46e4d944	packages/domain/src/runtime-assurance.ts
04abfab0fc02e27f12c71297e4b349484382e09fedd0b06557d47113a908a72b	packages/domain/src/supply-forecast.ts
c8a99caaf67c676402808c7a22671b5c035130b9a2aa6937af284007a049f849	packages/domain/stryker.config.json
6549f95182c0e522f6fe423f472e09a011e8bea22dd5a0654b0ad7cc67f172cb	packages/domain/tsconfig.json
2cfe3513ba523ccaef44c5045f67b0e69ce9328a9e00240f818f151dbfed9056	packages/domain/vitest.mutation.config.ts
09d366c4ab6614cb220285886a021f89c3650d2a24419fcd4c1c25ac1eb6f0fe	packages/observability/package.json
807d12bb1f4b9d3a46ea63019b120a9f104937c05747115187984e577972fd90	packages/observability/src/__tests__/graceful-shutdown.test.ts
df4747ae865bcefb4c36ab8cf053c0dce56d163fbd6c0b67696b45ca61fa0a20	packages/observability/src/__tests__/logger.test.ts
f5c60362d097b73739ada1f8af98626fa40dbbae48f503bd98ca21dbb780dbf2	packages/observability/src/canary.ts
23686cd6aefc1f49d8a92b1a56f7f254cf21358ed6a50fbaf3f786a5a8241f37	packages/observability/src/cli/evidence-canary.ts
c95dfe6e42ad75fee90143923a93e9a35e10ca68cb92982f367461ae084e2bf5	packages/observability/src/graceful-shutdown.ts
36163cd58aeece74ec9a434d9be552e87b7f079d9491c775a4c46b09da418791	packages/observability/src/index.ts
06448b842596659db97af60352a8e977906709b8bc024ed09b3744c6d5e51bce	packages/observability/src/logger.ts
b6f0a7ba530584ed164563ffcc52028385db4d19753e8826e82f7ad856c91fcc	packages/observability/src/pg-canary-sink.ts
6549f95182c0e522f6fe423f472e09a011e8bea22dd5a0654b0ad7cc67f172cb	packages/observability/tsconfig.json
d5d3834b56608f3685c87d8acab6fea91e67bffa9ed79c40c196db7606968672	packages/provider-adapters/package.json
740bcd1f15944475668aedf31155f91300fb3603c024e3574a6d965791fc4171	packages/provider-adapters/reports/mutation/pool021-r2.json
7c3bdad75a063983f4454aae3b6453aa5960b31513c486c2b65166e57c5bee3e	packages/provider-adapters/reports/mutation/pool048.json
198add9d5cab7f2c190ef94f76d0a7f312e9e248d25459f3b38a2219d3a50a9e	packages/provider-adapters/src/__tests-integration__/openai-compatible-http.test.ts
2c606d4d1846c2c1a47ef6ff01c085c18533ceac975c1b338737714cd2f9d487	packages/provider-adapters/src/__tests__/coding-plan-quota.test.ts
a822b101bbbd644957fa4e259361a09af7fe6690664bea78fd2b09d248c819cd	packages/provider-adapters/src/__tests__/deepseek-adapter.test.ts
4e2d921c4db8cf9040302d02ca68e745b1d791fedcd055e51d366d61c6d738c4	packages/provider-adapters/src/__tests__/deepseek-model-version.test.ts
f9e2f2d899a78fb485f81ac7f1d42d1fc06b42fee6006d187bc73a6ebf81413d	packages/provider-adapters/src/__tests__/endpoint-policy.test.ts
5c220a1482fba91623ef5c45e4cef87561b6527ddc06e6c0885b4643a87711c7	packages/provider-adapters/src/__tests__/image-audit-boundaries.test.ts
66c56eabc15a9fb7e10161611e1b5cd99ad019b8d22a783585630eca45ee8b82	packages/provider-adapters/src/__tests__/kimi-adapter.test.ts
8290915669b6e5c1af220938570338b7f82f866d438cb0412e3af488290c94f6	packages/provider-adapters/src/__tests__/model-discovery.test.ts
420d79adf0f79a49afd3b8b8fb61a4269ec06b731bd8955fd5aeb10e45fb994e	packages/provider-adapters/src/__tests__/model-image-capability.test.ts
617ee53679c9947d8b1eb7b15ea64a25d2387e1c837a3d0704a866ae242bc6f8	packages/provider-adapters/src/__tests__/model-validation.test.ts
22abb072b9e27b3339346980ee8ed24eb072bb5b3befd5c439888fd1f30ab9a5	packages/provider-adapters/src/__tests__/openai-compatible-caller.test.ts
041f50990135d05610da40c41320fd474071bb45a5a8c3ce14eb12324f829915	packages/provider-adapters/src/__tests__/provider-operating-facts.test.ts
0522b9e0cf10d429ccfbfbeba7c9b20885ffee0ab287defb7e53a48820bacd9b	packages/provider-adapters/src/__tests__/resource-timeout-policy.test.ts
04c7022492eac61b61da0dda22e06c15cdac84aa2e9237a44109083da4f477a1	packages/provider-adapters/src/__tests__/secret-value.test.ts
5e1e125a03811f91c7dcfd7b9ee9c259c6566aacc73f01aabf788d6c57eb0fac	packages/provider-adapters/src/__tests__/upstream-error-evidence.test.ts
45f8ec64dc7b16d0528ce675f191197d6252abc3a0d5080d02304f3ae3da7f22	packages/provider-adapters/src/__tests__/wecom-crypto.test.ts
bb91aef5351872a35a251a758204c100c5b5d545b4c84fa24732e130a40db8ed	packages/provider-adapters/src/__tests__/zhipu-adapter.test.ts
5ec3004eaf08398fa418c1331d4ff04bfb268cec48842f5c598820c9ffe1975a	packages/provider-adapters/src/adapters/deepseek-adapter.ts
6853a250a944cd84bf79f8193f3a0b49368337a6bbfb9ee843bb459354aa5955	packages/provider-adapters/src/adapters/kimi-adapter.ts
3ad304b1fb9ee04e3e80d1d2ed596b2a3397508be2a1ee5e324ce504afa1aec6	packages/provider-adapters/src/adapters/stub-upstream.ts
43be4b7387734439cdfc83565ad074d6c4f0c9d7ab85f4f9ea39cdde6beb83fa	packages/provider-adapters/src/adapters/zhipu-adapter.ts
ea7dd32528bc2dec92028d563393674a2204198aa9f449cbb7aa256be299ca1c	packages/provider-adapters/src/coding-plan-quota.ts
74c9d3a28e27b65f1687ecfdfcdd4cc3b26c9cb49437b33594374a7d114c794d	packages/provider-adapters/src/crypto.ts
1c1d46601b60f6bac294296b0a7880657299f7f78ffdb5d00d35b3154aaf4a22	packages/provider-adapters/src/deepseek-model-version.ts
2dd7146817a447653464775681d88743d446a2d136de49770ef5c197ff0c4992	packages/provider-adapters/src/endpoint-policy.ts
db0ae8d5833b54fec3a5ea42b6bfeb0d0bf58f63320c6937c536745eb239f6da	packages/provider-adapters/src/index.ts
d6dbff1451404476db9e6594757cab34d8142d35ed10ad765c717d08657b54ec	packages/provider-adapters/src/known-providers.ts
13c26c10dffc0f15b7b62d9bd0828ceda5cf800d567ac195a0d73f4cc3e3f673	packages/provider-adapters/src/model-discovery-contract.ts
8f8d744c564f32dff69959fca5877276ba6b9727398b0488e862fa80ab679aba	packages/provider-adapters/src/model-discovery-parser.ts
593f3d8cd562f9bf8e09b92b1c8e320eb1912ce9a86d40289ffae01a50b8705d	packages/provider-adapters/src/model-discovery.ts
0046a08ebbf3aeae174f2d5ca0a2c697b1141baabdadba18af8670b976366e93	packages/provider-adapters/src/model-image-capability.ts
11083a072207119b2516bde661e57ad7cb2166a45e90181f8cb0a1c863b96b52	packages/provider-adapters/src/model-validation.ts
e73437df372e9bad1f5dd4ccb6074da3b2b3d0e08390fa21d6e81bf83a5fcb99	packages/provider-adapters/src/openai-compatible-caller.ts
07d741cecc624f6561ece2fe954cdf7b6cb05ddc14caa55a3af9cbe8c881518c	packages/provider-adapters/src/openai-compatible-conversion.ts
763fdddf560bea0f64babc707e09acc068f424ceb59f290d98dcc414239824f6	packages/provider-adapters/src/openai-compatible-request.ts
2ad4dbd51141639c27b8daf688902b6024260e522cb6509d454328bd229974d2	packages/provider-adapters/src/openai-compatible-response.ts
e2e2cbec1eea14438e18c6ee617b4667d6417ecbaea9b2a68feab6b022174347	packages/provider-adapters/src/openai-compatible-timeout.ts
cf89699fb570e117d2339dd030072063830dc2c7e1f5432cc5571b98c3cfc113	packages/provider-adapters/src/openai-compatible-types.ts
b91e88621a75172284ef56d137673050384aac7947aa2f940e851d5df4207829	packages/provider-adapters/src/provider-code.ts
67c961ebcfabd16f6ee00960173e50284ae6475dd0145866a6edea3bb8725251	packages/provider-adapters/src/provider-operating-facts.ts
a116a2fae3a1b403192e2d1010f46689dfda8658235de6abd968d9c6d8838a7d	packages/provider-adapters/src/resource-timeout-policy.ts
55a2080b26d84ea82a389efa238422d637449a04dbe49516647f19fdd184a07c	packages/provider-adapters/src/secret-value.ts
e3be1c2da60247b236f814cd74a7880bdf241687d2603b606348aa8e85f9788e	packages/provider-adapters/src/upstream-error-evidence.ts
3639d9489060cc0099d8045c00549bce5bda0cbecb6ca3d7a4a41edec26d7495	packages/provider-adapters/src/upstream-failure.ts
bdcd94a8bb239b8b09b465f7bf656aaa03d24bbf33b8082f6cf0be013cc6128c	packages/provider-adapters/src/wecom-crypto.ts
947d0989308081b48db2f0bdc935d54bddae3faa657e2539bb5d0cc7592f5978	packages/provider-adapters/stryker.pool021-r2.config.json
50b177e71084b49b5043f008e31d601cf00415637a82e785b8bee1f138e7d1ab	packages/provider-adapters/stryker.pool030.config.json
b9f89812a40842d1d54e7ad63504ae5e39212f8feba0377c2028d83025d73714	packages/provider-adapters/stryker.pool048.config.json
6549f95182c0e522f6fe423f472e09a011e8bea22dd5a0654b0ad7cc67f172cb	packages/provider-adapters/tsconfig.json
ad7eee2432bb4a8c5c272b7867108fb6439bba6d1c51f861a3f52a9353835cf2	packages/provider-adapters/vitest.pool021-r2.mutation.config.ts
d8010b34bb06837183a65febcc1b6fb4cb08e596a306cda9b7f9e174b789bf2f	packages/provider-adapters/vitest.pool030.config.ts
e4158eb1f3b0094144e79d28f5909536c89e6fdf5dc29716f6e69115957bdca9	packages/provider-adapters/vitest.pool030.mutation.config.ts
dedf754d0a70266b01c324f3a23c71ec04e33c4dc736d46622d10e2b99550dce	packages/provider-adapters/vitest.pool048.mutation.config.ts
4d2f4bcc9f6ad9bacd94e27555c62129df5b7cfc9c742d3ea4eed3fbb7042dec	packages/testing/package.json
a097919c94ad0cfe80e03481a76ee8786bb63e7074bd9cb265043ccf3809ff90	packages/testing/src/index.ts
48a3a7f315cdaf37daf0352ead9fd24e0aa55f1230ba207fe53d9458abd0f122	packages/testing/src/postgres-container.ts
186a5817ed59d82807b695c9ef3700e8eca7963352357d21a01787dc37b9224e	packages/testing/src/redis-container.ts
6549f95182c0e522f6fe423f472e09a011e8bea22dd5a0654b0ad7cc67f172cb	packages/testing/tsconfig.json
2a169b16c2ec2a7912ac4db68f2c4137b63a461f09835f1ed949509a90bc5412	pnpm-lock.yaml
16d3ae2e43b2eae1fa14c02941e308c146e81a837ec932f8d0696e93baa76213	pnpm-workspace.yaml
c60a4d9b02066188c8179fc84752f52b7abdc434213744b105899151b09db66f	scripts/check-architecture.mjs
da2c7a327c85cf0afa84d231f6a5c27af3ae23a29f0191e8454965224c6d0bbe	scripts/check-coverage-ratchet.mjs
12ddab4142381655bb70ee14d63b46b8d007522a969e720acb9fc675e68131ab	scripts/check-licenses.mjs
46110b3542ee0d9d0ca7248743650a7d0e56af797096c59d44eb6743309a36a6	scripts/check-mutation-disposition.mjs
0951d7ecbb0e4b8640d1eb15b0651f9245bb0bdde232730f8ba50a1e9d9ca322	scripts/check-source-size.mjs
ddc0686935ff5eb35a1f46093fced4c9c726fa7143b2b5d2e01a26e0055e9e1b	scripts/create-candidate-lock.mjs
deda74df7d7900ab9f865f55ddccfe719a918dc5b74969a4702ae255a8b01f45	scripts/rehearse-runtime-admin-release.mjs
9586eec8b952b46ba2e5e0aa24a710dd1a7fff64a4baa398d48934415dc5ced2	scripts/run-bounded-vitest.mjs
003f865759b749daaedd83e79733c6253a9c4bbece6e676c33c86fd5a56b81e4	scripts/run-quota-pricing-e2e.ts
484b49d1b615a592257b287b4903405cf631019ab6789c3d00b23d9daf711b44	scripts/verify-operating-reports.mts
f0d9cbb7c07956beabc85d22ac376cd3c8f7eb5816ddbee936280787645aab10	scripts/verify-session-revocation.ts
99a015058c6addc58c3f9737969c8c0cc61da2862cb432e50c091b06494d67b9	scripts/verify-settings-v2.ts
9f9dd48e97d40c3f62171151dd4b3e5110e8ed51a1c76daae8f6134cc4e00318	stryker.pool039043-resource.config.json
642c04e4731554187160a26ee1de2c0ed971125e782cd19f9757bdca9a97c74d	tsconfig.base.json
a013cb34b4401b9cec8b4772ec3417aa495a0e34a31c23caf89a6b50c0980156	vitest.config.ts
0a887b2a13b1481b2fb923da289902f5bb23403da88baadef2e5c60216884a1d	vitest.pool029.config.ts
096e244493fc39ad6bea9e5a248794f9d6852750f6dbe933e87c4fbcb0f8866e	vitest.pool039043-resource.mutation.config.ts
c5a99c1c89bc1b120aa92ba526fc7a7be51f89177fed05d1fe23786db019991a	vitest.pool043.config.ts
