.npmrc	195eb2f0dc4bebcf7ccc847ee9744099479701e0cae22465a7d78e75b1262801	195eb2f0dc4bebcf7ccc847ee9744099479701e0cae22465a7d78e75b1262801
VERSION	91159db74947d9e863ce958ecfec0d85d224dfa20fcd6e6670619b5fed94e931	91159db74947d9e863ce958ecfec0d85d224dfa20fcd6e6670619b5fed94e931
apps/control-api/Dockerfile	f26c6e68dd96ba01ccfc3a65a84a831093c08560de0a60ea97274c823f6a7d51	f26c6e68dd96ba01ccfc3a65a84a831093c08560de0a60ea97274c823f6a7d51
apps/control-api/package.json	bbf441e2f9b0b1953271041ad6d2590b09a14022fb85dbc826646a3ba64b41ab	bbf441e2f9b0b1953271041ad6d2590b09a14022fb85dbc826646a3ba64b41ab
apps/control-api/src/__tests-integration__/credential-chat-probe.test.ts	4c210071d3f04cd41c66dac1065c6599f204cd07ade892bc875971d69ebd54a9	4c210071d3f04cd41c66dac1065c6599f204cd07ade892bc875971d69ebd54a9
apps/control-api/src/__tests-integration__/deepseek-version-sync.test.ts	fc4c413e59521ba941d5309e2f217588f528993e42a330e6ead45d7359d6a067	fc4c413e59521ba941d5309e2f217588f528993e42a330e6ead45d7359d6a067
apps/control-api/src/__tests-integration__/migration-rollback.ts	80912487c90f9d4813618cb80abc2713d9e7f6c80c09fc37e07008e56ed54703	80912487c90f9d4813618cb80abc2713d9e7f6c80c09fc37e07008e56ed54703
apps/control-api/src/__tests-integration__/pool015-admin-lifecycle.test.ts	085cfdf9412f722b8d0c76a80b864c24369391a9e6006deb29f5f46ee2d8ed41	085cfdf9412f722b8d0c76a80b864c24369391a9e6006deb29f5f46ee2d8ed41
apps/control-api/src/__tests-integration__/pool025-operating-bill.test.ts	65111d5a35f77fb07537cc9aeb6e7fc6febbc39d2ce4ce99eda15858357029cd	65111d5a35f77fb07537cc9aeb6e7fc6febbc39d2ce4ce99eda15858357029cd
apps/control-api/src/__tests-integration__/pool026-deployment-logs.test.ts	2dcdc923dbad677d61ae747f262185122fdb1d009b42ea8a7efbecd41325555d	2dcdc923dbad677d61ae747f262185122fdb1d009b42ea8a7efbecd41325555d
apps/control-api/src/__tests-integration__/pool027-provider-model-discovery.test.ts	4fe84852f1f908959019806762fae5f2349500da97f17b7b3847b057c9314bbe	4fe84852f1f908959019806762fae5f2349500da97f17b7b3847b057c9314bbe
apps/control-api/src/__tests-integration__/pool029-employee-model-rules.test.ts	abaeac05b0a0ff9cd75c1d52d4257b62b9dac05379970abcd8421b8dff38f0c0	abaeac05b0a0ff9cd75c1d52d4257b62b9dac05379970abcd8421b8dff38f0c0
apps/control-api/src/__tests-integration__/pool033-access-config-regression.test.ts	4c9c304f68e9f414ac4c40405e2c67367aa902e0317abecf9317303e7a212b61	4c9c304f68e9f414ac4c40405e2c67367aa902e0317abecf9317303e7a212b61
apps/control-api/src/__tests-integration__/pool039-lock-order.test.ts	92ca9e7d855facf22f98e0c2d2b66a19af014386905964e125b46fcec7a1cc7c	92ca9e7d855facf22f98e0c2d2b66a19af014386905964e125b46fcec7a1cc7c
apps/control-api/src/__tests-integration__/pool043-operating-bill-accounts.test.ts	a2934ea346f93b94378389a35d8fba6aac9ff4e11d216e025291798c5a46e18d	a2934ea346f93b94378389a35d8fba6aac9ff4e11d216e025291798c5a46e18d
apps/control-api/src/__tests-integration__/pricing-configurations-http.test.ts	6d6fd8782fb8e06d065ef59c0a386ef2b7289a3d8cb4bd420cda5361cc35b688	6d6fd8782fb8e06d065ef59c0a386ef2b7289a3d8cb4bd420cda5361cc35b688
apps/control-api/src/__tests-integration__/pricing-evidence-boundaries.test.ts	2b2522ad76784e9b3b43d491b9604ba2aa93671e571ec75283381781a9133427	2b2522ad76784e9b3b43d491b9604ba2aa93671e571ec75283381781a9133427
apps/control-api/src/__tests-integration__/provider-finance-activation.http.test.ts	6dc6b46eb8ab42f4d52f31f7b68805ad907d5857d39938000f2b844cdfbf903a	6dc6b46eb8ab42f4d52f31f7b68805ad907d5857d39938000f2b844cdfbf903a
apps/control-api/src/__tests-integration__/provider-finance-wp07-acceptance.http.test.ts	f8e9f3629f8494e2dee9670ae52d1e22706e678414b7e8a40f3b17865e43e93e	f8e9f3629f8494e2dee9670ae52d1e22706e678414b7e8a40f3b17865e43e93e
apps/control-api/src/__tests-integration__/provider-finance.test.ts	90a440a0a26a42da0f235dbd2cc09c84a7d174d4813a771794d484067957a916	90a440a0a26a42da0f235dbd2cc09c84a7d174d4813a771794d484067957a916
apps/control-api/src/__tests-integration__/provider-review.test.ts	a9fdc6062a30da0d8b4977f586b9ddc3bf9dcea849de84401c5e5586406cd8ee	a9fdc6062a30da0d8b4977f586b9ddc3bf9dcea849de84401c5e5586406cd8ee
apps/control-api/src/__tests-integration__/resource-model-visibility.test.ts	0697ad17af108489f3eaa8834f1d500de465f2958cb5d9dbe41e37ecf96f2563	0697ad17af108489f3eaa8834f1d500de465f2958cb5d9dbe41e37ecf96f2563
apps/control-api/src/__tests-integration__/runtime-assurance.test.ts	b34a70c902182ab2879a679ddc5ac1f7a754e42717db50fc4606c78d246bf53f	b34a70c902182ab2879a679ddc5ac1f7a754e42717db50fc4606c78d246bf53f
apps/control-api/src/__tests-integration__/settings-audit-source.test.ts	88378b2474f41a625a0b7a225cb6b718bb9756ee36c22655b21b200892e1e4ff	88378b2474f41a625a0b7a225cb6b718bb9756ee36c22655b21b200892e1e4ff
apps/control-api/src/__tests-integration__/settings-directory-permissions.test.ts	98ee09c6fc600e346f2615c3b0ed426193b5355d83b0664af2a09cd1602f4d7c	98ee09c6fc600e346f2615c3b0ed426193b5355d83b0664af2a09cd1602f4d7c
apps/control-api/src/__tests-integration__/standard-home-route.integration.test.ts	2a190ca73ea280f1cca37101ad2585f40572d5b600634393b3e0ca5147ac8f6e	2a190ca73ea280f1cca37101ad2585f40572d5b600634393b3e0ca5147ac8f6e
apps/control-api/src/__tests-integration__/subscription-renewal-flow.test.ts	406d13bbadc07c63cf126f9421a1f11f62f3525c91232306a8111375c8e65146	406d13bbadc07c63cf126f9421a1f11f62f3525c91232306a8111375c8e65146
apps/control-api/src/__tests-integration__/system-settings-v1.test.ts	d46ab7b72a87bd8f99bc87a42ebf39bd9219bb1d3bd9c13a6cff5a9d44760a9e	d46ab7b72a87bd8f99bc87a42ebf39bd9219bb1d3bd9c13a6cff5a9d44760a9e
apps/control-api/src/__tests-integration__/system-settings-v2.test.ts	ecfee51298e426ed30507945f64a77ddea58a7a154b673f58bd08a37a7c76452	ecfee51298e426ed30507945f64a77ddea58a7a154b673f58bd08a37a7c76452
apps/control-api/src/__tests-integration__/w02-auth-principal.test.ts	f4136e60fabecc0201596f15df1cb7ff3b2273b10f556a7aca8526808d1c316c	f4136e60fabecc0201596f15df1cb7ff3b2273b10f556a7aca8526808d1c316c
apps/control-api/src/__tests-integration__/w03-key-grant.test.ts	ab83adfeea3be797ed0acf51bd76556925751d92af1f5a813bf90016efec09d3	ab83adfeea3be797ed0acf51bd76556925751d92af1f5a813bf90016efec09d3
apps/control-api/src/__tests-integration__/w04-provider-route.test.ts	0d895a263900c4bde61f9416a387202be6b2c3bb2652200b52a3c390bd2f4245	0d895a263900c4bde61f9416a387202be6b2c3bb2652200b52a3c390bd2f4245
apps/control-api/src/__tests-integration__/w18-dashboard-usage.test.ts	568e95fdb10c0a8e00bb9014bd8b483b33551f25d167ba9113f42014fe4e6630	568e95fdb10c0a8e00bb9014bd8b483b33551f25d167ba9113f42014fe4e6630
apps/control-api/src/__tests-integration__/w19-admin-fixture.ts	11b6e1fc5e1ed049cc700a4322907e3c006b8175d4aec9e3332809c7708ec345	11b6e1fc5e1ed049cc700a4322907e3c006b8175d4aec9e3332809c7708ec345
apps/control-api/src/__tests-integration__/w19-admin-writes.test.ts	e7ec8037bf94f4bc30aab99972e78f54d4c779270f1114fb95ced10acea8c0a0	e7ec8037bf94f4bc30aab99972e78f54d4c779270f1114fb95ced10acea8c0a0
apps/control-api/src/__tests-integration__/w19-billing-rules.test.ts	33be032c995133bd6c7813c60415032535e36029363ed6eb55cdbb5157f07013	33be032c995133bd6c7813c60415032535e36029363ed6eb55cdbb5157f07013
apps/control-api/src/__tests-integration__/w19-config-archive.test.ts	10cd2ce87be3b65820ba3e45f0abf44b235ce4a83a50277387db41295745cc57	10cd2ce87be3b65820ba3e45f0abf44b235ce4a83a50277387db41295745cc57
apps/control-api/src/__tests-integration__/w19-dispatch-lifecycle.test.ts	3b8a7d45a4a7744e0f5e7b5323e15247b8421e2a4b2e9297a55854064551e399	3b8a7d45a4a7744e0f5e7b5323e15247b8421e2a4b2e9297a55854064551e399
apps/control-api/src/__tests-integration__/w19-resource-recovery.test.ts	396ac1d287e209429995da9e31aee2856d5d05c0c365238b89a4d185573505fc	396ac1d287e209429995da9e31aee2856d5d05c0c365238b89a4d185573505fc
apps/control-api/src/__tests-integration__/w20-department-costs.test.ts	f4a7136c53b9b4f291367680dde75bcf50d5f98529ffe881bd575223c6faa438	f4a7136c53b9b4f291367680dde75bcf50d5f98529ffe881bd575223c6faa438
apps/control-api/src/__tests-integration__/w20-diagnostics-alerts.test.ts	37297ec4645ab43d765d38b7efccc9f7e60697020e5be4a6906549db443fd4cd	37297ec4645ab43d765d38b7efccc9f7e60697020e5be4a6906549db443fd4cd
apps/control-api/src/__tests-integration__/w20-directory.test.ts	65a1fc54d53399f0ff4b968dcdb11fa2a112f4300b578e66278fa72939ce5c13	65a1fc54d53399f0ff4b968dcdb11fa2a112f4300b578e66278fa72939ce5c13
apps/control-api/src/__tests-integration__/w20-resource-insights.test.ts	e8ad26843785b802ae23646f33ea7ad74ec787c515065b60be725593e921fbd0	e8ad26843785b802ae23646f33ea7ad74ec787c515065b60be725593e921fbd0
apps/control-api/src/__tests-integration__/w20-usage-overview.test.ts	eea0058c05baa6c55b0849381792aa82756a903a21c24491afe18c64b0044100	eea0058c05baa6c55b0849381792aa82756a903a21c24491afe18c64b0044100
apps/control-api/src/admin-writes/archive-routes.ts	488eb0e2efb1708604d0f0136958755f4b11f9561679a84460c0bf1b9f94d2b2	488eb0e2efb1708604d0f0136958755f4b11f9561679a84460c0bf1b9f94d2b2
apps/control-api/src/admin-writes/contracts.ts	9a7e2b243738d6245d207f6655f31524737413a5b63822b6576892f9fe2ab5fc	9a7e2b243738d6245d207f6655f31524737413a5b63822b6576892f9fe2ab5fc
apps/control-api/src/admin-writes/resource-route.ts	9b6187eb7dd43a294611b7013ed726910364c2ca71dd5ca3bb36673389bfe184	9b6187eb7dd43a294611b7013ed726910364c2ca71dd5ca3bb36673389bfe184
apps/control-api/src/admin-writes/routes.ts	03613efdef1aeb8acaef37dcb6962b5392dd1db43c17c096bdf816376187dce4	03613efdef1aeb8acaef37dcb6962b5392dd1db43c17c096bdf816376187dce4
apps/control-api/src/admin-writes/types.ts	214b57d000d6c017b2d9c0e8919dafe51d11fa6485c939024d5f657fceb4f9c1	214b57d000d6c017b2d9c0e8919dafe51d11fa6485c939024d5f657fceb4f9c1
apps/control-api/src/admins/access.ts	c8a60a034b7866f9a5a80dbd3b29bd708803c9ae50db9b68917bc35402c1026f	c8a60a034b7866f9a5a80dbd3b29bd708803c9ae50db9b68917bc35402c1026f
apps/control-api/src/admins/cleanup-route.ts	9e85088b42a02aeef95fc23e519e9cde1015e8bbf4d17567a8b8754e14e9dfe3	9e85088b42a02aeef95fc23e519e9cde1015e8bbf4d17567a8b8754e14e9dfe3
apps/control-api/src/admins/reference-routes.ts	70c18e3ce0914e31e7d65a3d758a8f56ddaab065f6c89d7d3f9988f2d89d5496	70c18e3ce0914e31e7d65a3d758a8f56ddaab065f6c89d7d3f9988f2d89d5496
apps/control-api/src/admins/routes.ts	38ba0cbe931c9a741509865e65a6724fd08e1fdb2bd941b5b687e726586ab144	38ba0cbe931c9a741509865e65a6724fd08e1fdb2bd941b5b687e726586ab144
apps/control-api/src/admins/settings-routes.ts	26809bd01a1d381cd217978af2399ef93eaafce57630270b65d03c55a03a64b2	26809bd01a1d381cd217978af2399ef93eaafce57630270b65d03c55a03a64b2
apps/control-api/src/admins/update-identity.ts	8bd165157687afbe1fcb03cde5fa6dc80bd80164b020c19c1d9d3435ddad7723	8bd165157687afbe1fcb03cde5fa6dc80bd80164b020c19c1d9d3435ddad7723
apps/control-api/src/admins/version-route.test.ts	5f537d2e874dc38c8c7ef666d5b2b440c449ff9258f7c31843d4507e0072efa1	5f537d2e874dc38c8c7ef666d5b2b440c449ff9258f7c31843d4507e0072efa1
apps/control-api/src/admins/version-route.ts	1302e66fa058f817f5ae44a0f52530375cf6e005259c8cb00e9fd9363731476a	1302e66fa058f817f5ae44a0f52530375cf6e005259c8cb00e9fd9363731476a
apps/control-api/src/alerts/routes.ts	6ca7017e31cd043afcd6b96ff508450e198936f54e822a4b4e94d3c0ccc69f55	6ca7017e31cd043afcd6b96ff508450e198936f54e822a4b4e94d3c0ccc69f55
apps/control-api/src/auth/login-rate-limiter.test.ts	62d0cdb639fd1142721514fb0a921a1a9fa828b725c0e3c8155bf02754080877	62d0cdb639fd1142721514fb0a921a1a9fa828b725c0e3c8155bf02754080877
apps/control-api/src/auth/login-rate-limiter.ts	4ec5d197c5fc0af1623f5d63158d5e1e5ca3a7afbe833d9661a53bc885dc0e93	4ec5d197c5fc0af1623f5d63158d5e1e5ca3a7afbe833d9661a53bc885dc0e93
apps/control-api/src/auth/password.ts	3bf0df33e77be5d4bed0cfdb42319a0bdedd0ffa958a0d7da3e400241a2d140b	3bf0df33e77be5d4bed0cfdb42319a0bdedd0ffa958a0d7da3e400241a2d140b
apps/control-api/src/auth/routes.ts	0686a46468eb852eeca775ed6069a0637caa7f347d922cb7b38261b7be3925e9	0686a46468eb852eeca775ed6069a0637caa7f347d922cb7b38261b7be3925e9
apps/control-api/src/cli/import-deployment-manifest.ts	4b98b672aebfaaa596a5c2123f093594e13ff8a32462ea4e76d035848f2d96fd	4b98b672aebfaaa596a5c2123f093594e13ff8a32462ea4e76d035848f2d96fd
apps/control-api/src/cli/reset-admin-password.ts	26f0243a0fa556f3b539f5c912257bc8c257a1cf7a0d430f1c618f96c990e012	26f0243a0fa556f3b539f5c912257bc8c257a1cf7a0d430f1c618f96c990e012
apps/control-api/src/cli/seed-admin.ts	edd79bb231dbaf466577c6fd804f3eac8ec11e41e98cd8383c6f212e094dfaf8	edd79bb231dbaf466577c6fd804f3eac8ec11e41e98cd8383c6f212e094dfaf8
apps/control-api/src/cli/seed-e2e-catalog.ts	f69443302f5816f6b11aadba62dca819ed03a774c5e10448215485e23ce5c6a9	f69443302f5816f6b11aadba62dca819ed03a774c5e10448215485e23ce5c6a9
apps/control-api/src/cli/seed-e2e-ids.ts	622dbb32ac4b64ad53ad32edbdde62b1ead0a548253352e8c72bc514318bde9f	622dbb32ac4b64ad53ad32edbdde62b1ead0a548253352e8c72bc514318bde9f
apps/control-api/src/cli/seed-e2e-operations.ts	2cb2e228f68f7a019a36368a174b6966553697eba8582268606553eb7aae1068	2cb2e228f68f7a019a36368a174b6966553697eba8582268606553eb7aae1068
apps/control-api/src/cli/seed-e2e-pool042.ts	1a0fcfe30c64413643342cbd715c522183f771a7ad5df149e922d4bfaf796b54	1a0fcfe30c64413643342cbd715c522183f771a7ad5df149e922d4bfaf796b54
apps/control-api/src/cli/seed-e2e-pool043.ts	10710d500e5909bf427dff361e58ecb5234c8dea81c929ba07efc7638280cac4	10710d500e5909bf427dff361e58ecb5234c8dea81c929ba07efc7638280cac4
apps/control-api/src/cli/seed-e2e.ts	8003d755c60bd1dd98a8d493f4f78c322e286d97a2662158690cb27f8f88304d	8003d755c60bd1dd98a8d493f4f78c322e286d97a2662158690cb27f8f88304d
apps/control-api/src/cookie-types.d.ts	4656ff89fa02eb3caff9559a4f1b5c8aacc2c36f05c3648cd248a3e99bdd8987	4656ff89fa02eb3caff9559a4f1b5c8aacc2c36f05c3648cd248a3e99bdd8987
apps/control-api/src/dashboard/routes.ts	6e527b42b13b0b34df935872e2678e1637911bbeb2d25da0666cc6cd5c8e3152	6e527b42b13b0b34df935872e2678e1637911bbeb2d25da0666cc6cd5c8e3152
apps/control-api/src/department-costs/contracts.test.ts	d98409fc12960a0e572c66d761b9ce228d2ccd8ba44cf0b72da802938cedfaff	d98409fc12960a0e572c66d761b9ce228d2ccd8ba44cf0b72da802938cedfaff
apps/control-api/src/department-costs/contracts.ts	f575e18d8aba35dc2dbfc255d6373da57d2e3cb90d8bbd6be8ce66d6c95a7bf6	f575e18d8aba35dc2dbfc255d6373da57d2e3cb90d8bbd6be8ce66d6c95a7bf6
apps/control-api/src/department-costs/query.ts	0019cd7c503134f270205115023a351d8e08d32bf0744ef6de14dd9e0e7cc5df	0019cd7c503134f270205115023a351d8e08d32bf0744ef6de14dd9e0e7cc5df
apps/control-api/src/department-costs/routes.ts	61b9920e7b75f8855ae31d428de7578a651a596e709e7a9d1567ad9772d82db8	61b9920e7b75f8855ae31d428de7578a651a596e709e7a9d1567ad9772d82db8
apps/control-api/src/department-costs/types.ts	cc9ab804f80f24dd921584be6109bd5a7cb32a13a3bc9063d874a10fa8c4b2a8	cc9ab804f80f24dd921584be6109bd5a7cb32a13a3bc9063d874a10fa8c4b2a8
apps/control-api/src/department-costs/writes.ts	9542acf68c04a4e1fcd69aa3537790ac55d8e3182d1c1bd80c00ee9981756781	9542acf68c04a4e1fcd69aa3537790ac55d8e3182d1c1bd80c00ee9981756781
apps/control-api/src/deployment-logs/routes.ts	6f4fd91b9be2d70f04b009093569220327dfc43b50281079e7ce9ab1882ff6e3	6f4fd91b9be2d70f04b009093569220327dfc43b50281079e7ce9ab1882ff6e3
apps/control-api/src/directory/contracts.ts	2d79786635b8360a0d588760d9009b290f9a699cd33f35cbca4d3b3735996c45	2d79786635b8360a0d588760d9009b290f9a699cd33f35cbca4d3b3735996c45
apps/control-api/src/directory/excel.test.ts	7fbd4c17d3147935648eab76b6830400e5d62473ff0da972b1b75716c670f84c	7fbd4c17d3147935648eab76b6830400e5d62473ff0da972b1b75716c670f84c
apps/control-api/src/directory/excel.ts	b8ad966272a97e624aa6cf997d134d5ab2b82298643fac37dc56c1864c32cfb4	b8ad966272a97e624aa6cf997d134d5ab2b82298643fac37dc56c1864c32cfb4
apps/control-api/src/directory/routes.ts	126691f65608697a16df93bf243fd2adf16c3a4b5df997d44f80c63185e43d3a	126691f65608697a16df93bf243fd2adf16c3a4b5df997d44f80c63185e43d3a
apps/control-api/src/employee-model-rules/routes.ts	a29b013d1b3a13b61e9388094cd64cf766bef39fd507ae6e563a52a7022d915d	a29b013d1b3a13b61e9388094cd64cf766bef39fd507ae6e563a52a7022d915d
apps/control-api/src/enterprise-settings/routes.ts	23a942485fab91ffea301d0eefc5f55f6cad189d95638b1b1b99e642a27add4a	23a942485fab91ffea301d0eefc5f55f6cad189d95638b1b1b99e642a27add4a
apps/control-api/src/feature-flags.test.ts	8325ec81bc2b194a96e8e88c699362798e8cc5be69645ee2c1edd9ee994470fb	8325ec81bc2b194a96e8e88c699362798e8cc5be69645ee2c1edd9ee994470fb
apps/control-api/src/gateway-requests/routes.ts	9fbf6e7ff7deed89d53b10ca1e8bc2b63f4a8e2dc7a801000f645274d00b338f	9fbf6e7ff7deed89d53b10ca1e8bc2b63f4a8e2dc7a801000f645274d00b338f
apps/control-api/src/grants/routes.ts	9443e64bf09a73f8ac09a8ea48d517725317bc2a063f64f885cf2bc3b93a4513	9443e64bf09a73f8ac09a8ea48d517725317bc2a063f64f885cf2bc3b93a4513
apps/control-api/src/keys/routes.ts	c9506040a8eaae1d41630ecdd87f2901177755cfba8a804eb63ae3a9b9ecd673	c9506040a8eaae1d41630ecdd87f2901177755cfba8a804eb63ae3a9b9ecd673
apps/control-api/src/main.ts	e23bf9c411d0d86553d6cabe554e3e39e4b58098906663a2dcd3a834c0ae1777	e23bf9c411d0d86553d6cabe554e3e39e4b58098906663a2dcd3a834c0ae1777
apps/control-api/src/operating-bills/account-routes.ts	bfb73af9d6b29644c45deab8d018393b6a2f916576d3a24aeb8e7bd8a920f64f	bfb73af9d6b29644c45deab8d018393b6a2f916576d3a24aeb8e7bd8a920f64f
apps/control-api/src/operating-bills/analysis-route.ts	0e6d1261e2957c902e2a6e5bd8ee1195aad249923e9e85bebfb8de4e6a7f63f0	0e6d1261e2957c902e2a6e5bd8ee1195aad249923e9e85bebfb8de4e6a7f63f0
apps/control-api/src/operating-bills/opening-balance-route.ts	7a0b0e561ebbc7c0be1ccdf08b2044ab9e20df73ba3f63ebe8238fab66389d5b	7a0b0e561ebbc7c0be1ccdf08b2044ab9e20df73ba3f63ebe8238fab66389d5b
apps/control-api/src/operating-bills/routes.ts	afb30698ad763d918672572461b1e015a200b1b1eddb5770568507e782d00bae	afb30698ad763d918672572461b1e015a200b1b1eddb5770568507e782d00bae
apps/control-api/src/plugins/audit-query.ts	e7bfacb7778865d817b2b6b0c7429ee3480af79cafb33422d511e429e78e7bab	e7bfacb7778865d817b2b6b0c7429ee3480af79cafb33422d511e429e78e7bab
apps/control-api/src/plugins/audit-routes.ts	a302d9353363a8e5d48f50b27aa6560d576efb90d2a2b1b84dc19aeab86440c3	a302d9353363a8e5d48f50b27aa6560d576efb90d2a2b1b84dc19aeab86440c3
apps/control-api/src/plugins/auth-guard.ts	001e3512c5e5f86e54389003444bb9aef1dd432632aa4e69d58004e1382d080d	001e3512c5e5f86e54389003444bb9aef1dd432632aa4e69d58004e1382d080d
apps/control-api/src/principals/access-configuration-schema.test.ts	4fb1983aa296a526a56ba11ebcfde7f297b7db885869587790a6bbc56cf3b79a	4fb1983aa296a526a56ba11ebcfde7f297b7db885869587790a6bbc56cf3b79a
apps/control-api/src/principals/access-configuration-schema.ts	8a142a85f70d1709f3a838ebfdc1fba1f3aef6e6ca24c26f1f7c703f5781415e	8a142a85f70d1709f3a838ebfdc1fba1f3aef6e6ca24c26f1f7c703f5781415e
apps/control-api/src/principals/access-configuration.ts	21ed7517ebdf377d08dff831394527ba075d032860544384d55bf9cc14618c92	21ed7517ebdf377d08dff831394527ba075d032860544384d55bf9cc14618c92
apps/control-api/src/principals/accounting-route.ts	2c3e2a5f904854912bb1d084406640ad7b37e7e1419db3b10b58339fc0a175a7	2c3e2a5f904854912bb1d084406640ad7b37e7e1419db3b10b58339fc0a175a7
apps/control-api/src/principals/attribution-backfill-route.ts	9ab65f9a8c3fb602a6c7cac8f0463f86e501143512729cfad89bcaa0d8834439	9ab65f9a8c3fb602a6c7cac8f0463f86e501143512729cfad89bcaa0d8834439
apps/control-api/src/principals/routes.ts	dc369e272acda9781b2ef7ba810fd29bf4f57eb480408cea53b942a6b3efdf4a	dc369e272acda9781b2ef7ba810fd29bf4f57eb480408cea53b942a6b3efdf4a
apps/control-api/src/provider-finance/activation-contracts.test.ts	1ec4f923d44d834e52e9ce703ce18da06bda6fd56c880769e9bf999ca7f050fc	1ec4f923d44d834e52e9ce703ce18da06bda6fd56c880769e9bf999ca7f050fc
apps/control-api/src/provider-finance/activation-contracts.ts	a9aa81d73275aae821504171b3c2d8519acb86dcd07520126d3553ee19682d20	a9aa81d73275aae821504171b3c2d8519acb86dcd07520126d3553ee19682d20
apps/control-api/src/provider-finance/activation-routes.ts	ed9088c982f0ae5f134d547e02046997c22242aeccb6ee30873e7e24c4f23bd8	ed9088c982f0ae5f134d547e02046997c22242aeccb6ee30873e7e24c4f23bd8
apps/control-api/src/provider-finance/consumer-projection.test.ts	c5794a4dedd82262dec2ffbbfc15c03d49f66cc7b55b443d33d21a719e816a08	c5794a4dedd82262dec2ffbbfc15c03d49f66cc7b55b443d33d21a719e816a08
apps/control-api/src/provider-finance/contracts.test.ts	f109a92b58501be0a278209919a6854a790d6e7e18be152dfdde98128e4a9892	f109a92b58501be0a278209919a6854a790d6e7e18be152dfdde98128e4a9892
apps/control-api/src/provider-finance/contracts.ts	d173d3cea0d938aa13434c6e58f0a97503217d58b6597a36e4d3625c73467069	d173d3cea0d938aa13434c6e58f0a97503217d58b6597a36e4d3625c73467069
apps/control-api/src/provider-finance/dashboard-projection.test.ts	1e3780d705819ffbb5687fb53d887d1f657fffad02d8c7f8eb4312fc4cbd2ec6	1e3780d705819ffbb5687fb53d887d1f657fffad02d8c7f8eb4312fc4cbd2ec6
apps/control-api/src/provider-finance/dashboard-projection.ts	a46441e58c65f01e8a1db3797b2595e6a205ba09a0adec36cd7f60e9a13fb3d1	a46441e58c65f01e8a1db3797b2595e6a205ba09a0adec36cd7f60e9a13fb3d1
apps/control-api/src/provider-finance/routes.ts	c53fe70580da650a30855fab299e7d5d983a83d92d0a3168394530b3cc10dc96	c53fe70580da650a30855fab299e7d5d983a83d92d0a3168394530b3cc10dc96
apps/control-api/src/providers/contracts-ready.test.ts	3a28e4ff20f93c89605d6649e43eb24016c0a8c5e2c293df19fc6f557d2325b8	3a28e4ff20f93c89605d6649e43eb24016c0a8c5e2c293df19fc6f557d2325b8
apps/control-api/src/providers/contracts.ts	ff9619c3b40fa002b876f5e3d8b61efa448c0459402cf58cbfae47bd9bdcdf01	ff9619c3b40fa002b876f5e3d8b61efa448c0459402cf58cbfae47bd9bdcdf01
apps/control-api/src/providers/credential-probe-routes.ts	aa1a68e04c2b8a1a8a3c211e10dbe3bb4022e2e13bc4b2cc5126a1167bb8af5b	aa1a68e04c2b8a1a8a3c211e10dbe3bb4022e2e13bc4b2cc5126a1167bb8af5b
apps/control-api/src/providers/finance-usage-overview.ts	de57077114b3a99c23aea4062e7ff4f272e1c1b694bf94412f91f750c57e1d3a	de57077114b3a99c23aea4062e7ff4f272e1c1b694bf94412f91f750c57e1d3a
apps/control-api/src/providers/health-routes.ts	eb32803d712894f01813859a1c6d3680cf1b98975d0efd092cc1848c0e261968	eb32803d712894f01813859a1c6d3680cf1b98975d0efd092cc1848c0e261968
apps/control-api/src/providers/model-discovery-routes.ts	c78ecd6647fd42afdd76410cc32088c9e13b1eb65ef89071a8e20e64c60a7dfc	c78ecd6647fd42afdd76410cc32088c9e13b1eb65ef89071a8e20e64c60a7dfc
apps/control-api/src/providers/probe-evidence.ts	718cb71bab407badc6db8b41bf127b9b4a115a8f28920b257ea11925262074b6	718cb71bab407badc6db8b41bf127b9b4a115a8f28920b257ea11925262074b6
apps/control-api/src/providers/quota-window-routes.ts	1a21df047af6ecdf0ec1ba4887b715a8480b53178c7fd8fee952c6d29bf3e4d8	1a21df047af6ecdf0ec1ba4887b715a8480b53178c7fd8fee952c6d29bf3e4d8
apps/control-api/src/providers/resource-model-visibility.ts	b5327f6d0cd7d063297578457495f96f03f0e316d4fdf00b45ec7763f3e7b44c	b5327f6d0cd7d063297578457495f96f03f0e316d4fdf00b45ec7763f3e7b44c
apps/control-api/src/providers/routes.test.ts	5f07b23c6bb43852a8ac48c317f08e806ce417ddad1d78ed855f2cbd58f5bd6b	5f07b23c6bb43852a8ac48c317f08e806ce417ddad1d78ed855f2cbd58f5bd6b
apps/control-api/src/providers/routes.ts	8aeaf3d99c21ac846299a8b6e5388c886698a47c44555708fb0c103b49db1751	8aeaf3d99c21ac846299a8b6e5388c886698a47c44555708fb0c103b49db1751
apps/control-api/src/providers/usage-overview-routes.ts	9b9b10b19738a3f6927a6a2d8d98634bd97c956d5c5f199e2e63f0b3ab344115	9b9b10b19738a3f6927a6a2d8d98634bd97c956d5c5f199e2e63f0b3ab344115
apps/control-api/src/read-models/billing-rule-contract.ts	ef043e036f32f630e2245c814390085ae971ae88a1f220687f0af6bbb4dc077d	ef043e036f32f630e2245c814390085ae971ae88a1f220687f0af6bbb4dc077d
apps/control-api/src/read-models/dispatch-policy-contract.ts	6ac0a86313b09bab2b2eaade9092e265342660458048ec16f674ea62d5a3c086	6ac0a86313b09bab2b2eaade9092e265342660458048ec16f674ea62d5a3c086
apps/control-api/src/read-models/pricing-configuration-routes.ts	b851ef96176e414f32173e4de03a2925ecb2d8abb950cd3ca8276fec8a2a4d6b	b851ef96176e414f32173e4de03a2925ecb2d8abb950cd3ca8276fec8a2a4d6b
apps/control-api/src/read-models/routes.ts	f19ed5ef631c242c8a0ace37980a9e39ef71ff01768d9023efd9b6dc8a1156d3	f19ed5ef631c242c8a0ace37980a9e39ef71ff01768d9023efd9b6dc8a1156d3
apps/control-api/src/release-pool048-contract.test.ts	4096e182c8e3e1db1fbac5e3b5aff2baed613eb42c1c238d4420ff993e72c9fb	4096e182c8e3e1db1fbac5e3b5aff2baed613eb42c1c238d4420ff993e72c9fb
apps/control-api/src/release-v21-r2-contract.test.ts	9ddb662cc67ef1e4d2caaa4295b7ec3d7c4e39081818205bf8555fcef30618bd	9ddb662cc67ef1e4d2caaa4295b7ec3d7c4e39081818205bf8555fcef30618bd
apps/control-api/src/resource-insights/budget-routes.ts	0b87bf31ac696ebed173cf7cfb7f5be2c0fad3f9afd3f94ea3bc92a9800dc43f	0b87bf31ac696ebed173cf7cfb7f5be2c0fad3f9afd3f94ea3bc92a9800dc43f
apps/control-api/src/resource-insights/projection.ts	6f5dc3efa2d524bd9a5a07a4f8c2b5e67e6c7ffff73e491f6632c01c81763164	6f5dc3efa2d524bd9a5a07a4f8c2b5e67e6c7ffff73e491f6632c01c81763164
apps/control-api/src/resource-insights/query.ts	2991ad14b81bfbacdc9d88e76c7d2b940339d8bdbedefae4dddfd0d5f2d67cd2	2991ad14b81bfbacdc9d88e76c7d2b940339d8bdbedefae4dddfd0d5f2d67cd2
apps/control-api/src/resource-insights/routes.test.ts	35459efa5366c28b56f295a034ac70a1b1470b0b2c9ef6466e13cf4aadc4590a	35459efa5366c28b56f295a034ac70a1b1470b0b2c9ef6466e13cf4aadc4590a
apps/control-api/src/resource-insights/routes.ts	f33203510e56dab25ace5791521a5dbb6149ebbb6dc42100e6421e3b63afaca9	f33203510e56dab25ace5791521a5dbb6149ebbb6dc42100e6421e3b63afaca9
apps/control-api/src/resource-insights/token-utilization.ts	581b6c8b45a6cb409cf3ae47e01a8b821c63c4613ecd04b653e999ae1396dc1f	581b6c8b45a6cb409cf3ae47e01a8b821c63c4613ecd04b653e999ae1396dc1f
apps/control-api/src/runtime-assurance/routes.ts	cf954c6a7c2fc4e457453622baa443ca6d69d7ef9f16b3cd0470e76c0868d7f9	cf954c6a7c2fc4e457453622baa443ca6d69d7ef9f16b3cd0470e76c0868d7f9
apps/control-api/src/security/origin-policy.integration.test.ts	459ee20a028b17d335e04f7388dd6c09e67d8518e4df58c8af57276385bd48dc	459ee20a028b17d335e04f7388dd6c09e67d8518e4df58c8af57276385bd48dc
apps/control-api/src/security/origin-policy.test.ts	1c16ada2df72e0521f97049bdaf2103805cf0404c621071e13b8b93a087a1350	1c16ada2df72e0521f97049bdaf2103805cf0404c621071e13b8b93a087a1350
apps/control-api/src/security/origin-policy.ts	ed168270d5827b493acce60ef364d964ba1376e5b3c5bcfc8c3968aaf37d8b00	ed168270d5827b493acce60ef364d964ba1376e5b3c5bcfc8c3968aaf37d8b00
apps/control-api/src/server-body-limit.test.ts	5c6c24f3c96168b7129e5f8cc7a7259945d21d5ac595dad59598483c6aa231a4	5c6c24f3c96168b7129e5f8cc7a7259945d21d5ac595dad59598483c6aa231a4
apps/control-api/src/server.ts	adf67f96eb944cb1cce133933dee0b21ab91024bcc2f98aa1891535b789daef3	adf67f96eb944cb1cce133933dee0b21ab91024bcc2f98aa1891535b789daef3
apps/control-api/src/usage/routes.ts	911f444e67c3e6e52dca84af307c8847bbff69fea72a5edfa41846c1abb835c8	911f444e67c3e6e52dca84af307c8847bbff69fea72a5edfa41846c1abb835c8
apps/control-api/src/wecom/__tests__/callback-routes.test.ts	0e21147cab887e7b72eb576f8998f097826f3db88c1360944c45d70e104523b4	0e21147cab887e7b72eb576f8998f097826f3db88c1360944c45d70e104523b4
apps/control-api/src/wecom/__tests__/intent-parser.test.ts	0056c28b99e5d4bf7e767df4530bd63cc347e0c8f221970eb11da3dbc8af3396	0056c28b99e5d4bf7e767df4530bd63cc347e0c8f221970eb11da3dbc8af3396
apps/control-api/src/wecom/__tests__/message-handler.test.ts	6c1458cf88052a44b3d7aa29e699628581a19a24acef5026c7c7be857390779d	6c1458cf88052a44b3d7aa29e699628581a19a24acef5026c7c7be857390779d
apps/control-api/src/wecom/callback-routes.ts	3289aa26c3e2f97869cd521cf33dbce46e6790ee56884bf70d065b71da51556c	3289aa26c3e2f97869cd521cf33dbce46e6790ee56884bf70d065b71da51556c
apps/control-api/src/wecom/intent-parser.ts	88ea3404efdc721e8dd22ba6c4ad195ef202466e199f0199dd3c59aeb113175f	88ea3404efdc721e8dd22ba6c4ad195ef202466e199f0199dd3c59aeb113175f
apps/control-api/src/wecom/message-handler.ts	b6713c5f5ee8e589c58efaf0360ac242f1326ffded975c9a1514ec03d010839e	b6713c5f5ee8e589c58efaf0360ac242f1326ffded975c9a1514ec03d010839e
apps/control-api/stryker.pool041.config.json	3fea0182f7f7733d06dd2b3606b6c190b78d2472258da2c0cbb5f0a6688fc340	3fea0182f7f7733d06dd2b3606b6c190b78d2472258da2c0cbb5f0a6688fc340
apps/control-api/stryker.w20.config.json	05a01925f75339d68ca86f08bd5088e1d843f85662a72a120286ffbce7032565	05a01925f75339d68ca86f08bd5088e1d843f85662a72a120286ffbce7032565
apps/control-api/tsconfig.json	6549f95182c0e522f6fe423f472e09a011e8bea22dd5a0654b0ad7cc67f172cb	6549f95182c0e522f6fe423f472e09a011e8bea22dd5a0654b0ad7cc67f172cb
apps/control-api/vitest.pool041.mutation.config.ts	964a70ac81313d58a8c92cccc49d7c49b47c3826ea812efb2b1a5939655ac822	964a70ac81313d58a8c92cccc49d7c49b47c3826ea812efb2b1a5939655ac822
apps/control-api/vitest.w20.mutation.config.ts	a4ab96711e6dec22f0d1e5eee471ef807759b9cf71592c8ac998542e6018af80	a4ab96711e6dec22f0d1e5eee471ef807759b9cf71592c8ac998542e6018af80
apps/gateway/package.json	7ac96a47dd97056e5867256beabc4c364f2c021338a8a2934d846dddc3059f6c	7ac96a47dd97056e5867256beabc4c364f2c021338a8a2934d846dddc3059f6c
apps/web/package.json	afab2dea302c08c0033707e0f3fee006f2560570e787f793eacbba96c6f8bd02	afab2dea302c08c0033707e0f3fee006f2560570e787f793eacbba96c6f8bd02
apps/worker/package.json	e7336229a3791411a43c5c27e91beae620597a8a63b89b29845c9bd7a8eed3e3	e7336229a3791411a43c5c27e91beae620597a8a63b89b29845c9bd7a8eed3e3
package.json	00b8246b12dcc8535a4258da869153db1332b376d97d6b4a847d709fc655de44	00b8246b12dcc8535a4258da869153db1332b376d97d6b4a847d709fc655de44
packages/config/package.json	128013c311ea280a7540bf84cf3a0784aeba18168d0a97c8d635c339166c4317	128013c311ea280a7540bf84cf3a0784aeba18168d0a97c8d635c339166c4317
packages/config/src/__tests__/config.test.ts	50172470640bf8f1a63f204bc51b0385310f0d81542ad5ab8ed7547be1985d9b	50172470640bf8f1a63f204bc51b0385310f0d81542ad5ab8ed7547be1985d9b
packages/config/src/index.ts	f2f4f64916550fe0c7a081f73f3f002bbde83620b74a207ffd47c82f53ed4904	f2f4f64916550fe0c7a081f73f3f002bbde83620b74a207ffd47c82f53ed4904
packages/config/tsconfig.json	6549f95182c0e522f6fe423f472e09a011e8bea22dd5a0654b0ad7cc67f172cb	6549f95182c0e522f6fe423f472e09a011e8bea22dd5a0654b0ad7cc67f172cb
packages/contracts/package.json	859eea59b883c2fd29bacd92e4b756b61252a6382b87b985beb9dcb44d75093d	859eea59b883c2fd29bacd92e4b756b61252a6382b87b985beb9dcb44d75093d
packages/contracts/src/__tests__/contracts.test.ts	a5d40c6abe3807b61bd9a13e460e9dbd2ba9eef964948d352f6a4115533d4e2b	a5d40c6abe3807b61bd9a13e460e9dbd2ba9eef964948d352f6a4115533d4e2b
packages/contracts/src/admin-permissions.ts	56e41e673b1845df7dd221fcb847f0ade9ffad8b0551015ad2dc6b8af5bbbef2	56e41e673b1845df7dd221fcb847f0ade9ffad8b0551015ad2dc6b8af5bbbef2
packages/contracts/src/diagnostic-evidence.ts	e688818abfd7ac14aca4cdde1cec07862f38e182b0b58a58b1242dda69472729	e688818abfd7ac14aca4cdde1cec07862f38e182b0b58a58b1242dda69472729
packages/contracts/src/index.ts	3ce5eaa956c45b6fb7854a232f1c2ec7b19a66a801aa091bc1ab7b61f81ce1b2	3ce5eaa956c45b6fb7854a232f1c2ec7b19a66a801aa091bc1ab7b61f81ce1b2
packages/contracts/src/northbound.ts	00a9728f857919684c2bb78b507eee350715aaf898926d2fe3479f5ab790f0ac	00a9728f857919684c2bb78b507eee350715aaf898926d2fe3479f5ab790f0ac
packages/contracts/tsconfig.json	6549f95182c0e522f6fe423f472e09a011e8bea22dd5a0654b0ad7cc67f172cb	6549f95182c0e522f6fe423f472e09a011e8bea22dd5a0654b0ad7cc67f172cb
packages/database/migrations/0000_baseline_probe.js	130bfefb16681bcc418558e29e66f19354920004d40374bd20e7b7fe5f8ffaa6	130bfefb16681bcc418558e29e66f19354920004d40374bd20e7b7fe5f8ffaa6
packages/database/migrations/0001_enterprise_admin_session.js	b6d8e512221c935dd1620dbb3b78fc10c299257cc4720976c3e5add4c41540a6	b6d8e512221c935dd1620dbb3b78fc10c299257cc4720976c3e5add4c41540a6
packages/database/migrations/0002_principal.js	22e8954c9f6004859fe75fc2145531afbc680efc656f470e578a7469ba46d088	22e8954c9f6004859fe75fc2145531afbc680efc656f470e578a7469ba46d088
packages/database/migrations/0003_principal_key.js	6d531f5d2a94ec07a00ae3b0d74786042c69d03f27fbfb03d07c505b856d01bd	6d531f5d2a94ec07a00ae3b0d74786042c69d03f27fbfb03d07c505b856d01bd
packages/database/migrations/0004_principal_grant.js	7b6191648cf07eac451cb074c645a16bd0897b07b5a1e528fb7a25b4a4dee9c3	7b6191648cf07eac451cb074c645a16bd0897b07b5a1e528fb7a25b4a4dee9c3
packages/database/migrations/0005_provider_resource_route.js	abbbd9d12bee1acf8febb16ef843d822186b4266f5056d4f67ed3e40502eebd8	abbbd9d12bee1acf8febb16ef843d822186b4266f5056d4f67ed3e40502eebd8
packages/database/migrations/0006_operation_log.js	f8a3f09b15dbef4573bbe91618f0141ed3c0eb88b41f1aca578faad9a6be7dca	f8a3f09b15dbef4573bbe91618f0141ed3c0eb88b41f1aca578faad9a6be7dca
packages/database/migrations/0007_gateway_request.js	58daf8027d9a6e9eec47edf8228fa1e3a3cb1c998cc0330c9c5c6016cf1212ca	58daf8027d9a6e9eec47edf8228fa1e3a3cb1c998cc0330c9c5c6016cf1212ca
packages/database/migrations/0008_attempt_usage.js	b2423d234e7ffda5f7c395bccf438fbb05ee34f800d7bdc39263a9220647472b	b2423d234e7ffda5f7c395bccf438fbb05ee34f800d7bdc39263a9220647472b
packages/database/migrations/0009_ledger.js	f9d53a9d84bfc7f442f5d44075b4d2827fbeaab60e89ff6c6a98e216bc17e1ae	f9d53a9d84bfc7f442f5d44075b4d2827fbeaab60e89ff6c6a98e216bc17e1ae
packages/database/migrations/0010_resource_credential_lifecycle.js	97fbce7505e132e19ae9741da625591ba3131e2349d1a4b855ebd7c33822490a	97fbce7505e132e19ae9741da625591ba3131e2349d1a4b855ebd7c33822490a
packages/database/migrations/0011_billing_rule.js	1f085ec37535cc5bc7d614af9f7cfc0fc12ba9e7890541e6a7bb281bff493c55	1f085ec37535cc5bc7d614af9f7cfc0fc12ba9e7890541e6a7bb281bff493c55
packages/database/migrations/0012_concurrency_lease.js	55297c198f873eb2ec3e6f94a775887d965d44823e21a6491fff996ca77a6b0e	55297c198f873eb2ec3e6f94a775887d965d44823e21a6491fff996ca77a6b0e
packages/database/migrations/0013_supply_forecast.js	2e19ba38e77e3d8885bd821474023affc6381100e146b8093df22ca6902c92d7	2e19ba38e77e3d8885bd821474023affc6381100e146b8093df22ca6902c92d7
packages/database/migrations/0014_dispatch_policy.js	bbc65f225f73215401fe6b0fd63884a29bc7111ef7081dc940a58f2651bfca8f	bbc65f225f73215401fe6b0fd63884a29bc7111ef7081dc940a58f2651bfca8f
packages/database/migrations/0015_reconciliation.js	d719ec5dc62b3c8790641c854b10a06d0020340bfbadec1cf97a4c254e80c54e	d719ec5dc62b3c8790641c854b10a06d0020340bfbadec1cf97a4c254e80c54e
packages/database/migrations/0016_alert_disposition_type.js	1607b4eaf252b2ec831d25fa26fa752a9442566c7c53658182313c19cfb64be0	1607b4eaf252b2ec831d25fa26fa752a9442566c7c53658182313c19cfb64be0
packages/database/migrations/0017_alert_event_and_version.js	e21b5d03bd8223de9c413cbfa74ee6e261a018b8a6cda73ba14c79b618c99e61	e21b5d03bd8223de9c413cbfa74ee6e261a018b8a6cda73ba14c79b618c99e61
packages/database/migrations/0018_billing_rule_version.js	326c5b8e5b5fe5caab94155a024dfea89f7966f537b1ae760c08e8aa64696a7a	326c5b8e5b5fe5caab94155a024dfea89f7966f537b1ae760c08e8aa64696a7a
packages/database/migrations/0019_alert_source_clear.js	c213086a12771f629ce5c96194e40c6ea92ddff5a0b58aa853313b9e2d32d29f	c213086a12771f629ce5c96194e40c6ea92ddff5a0b58aa853313b9e2d32d29f
packages/database/migrations/0020_p0_billing_snapshot_and_reasoning_usage.js	9db350ed63198bcf575946d5d276f65b914ee825644dc2ff9539d19cdd7e900d	9db350ed63198bcf575946d5d276f65b914ee825644dc2ff9539d19cdd7e900d
packages/database/migrations/0021_billing_rule_multi_windows.js	e229963f30afabbb732d2be738d1c561d975dcdd0ff17744d688c378e91f5a96	e229963f30afabbb732d2be738d1c561d975dcdd0ff17744d688c378e91f5a96
packages/database/migrations/0022_principal_key_minimum_model_permissions.js	588ce80a37573e4db97d8cd877cac7c0a6bc3c02639ed3d0afa13af180df2b18	588ce80a37573e4db97d8cd877cac7c0a6bc3c02639ed3d0afa13af180df2b18
packages/database/migrations/0023_principal_key_single_active.js	c6db7a81d618fce16534c95d26e2c4054af20c98f44f2cddbb0dcbb0b973b88a	c6db7a81d618fce16534c95d26e2c4054af20c98f44f2cddbb0dcbb0b973b88a
packages/database/migrations/0024_gateway_request_idempotency.js	f8f30b2dea1bf5eaf359981367ce721985861c93d33a94681705c537bb1e9a89	f8f30b2dea1bf5eaf359981367ce721985861c93d33a94681705c537bb1e9a89
packages/database/migrations/0025_principal_archive.js	0d7df71b1b153a934d4f4210b8a18ae57a6da904b9a99188adfd840505fc86c3	0d7df71b1b153a934d4f4210b8a18ae57a6da904b9a99188adfd840505fc86c3
packages/database/migrations/0026_provider_resource_operating_snapshot.js	cbd3e75444a004976311f6c62a39c04141b8c6768ab238e384ce9123ea30428b	cbd3e75444a004976311f6c62a39c04141b8c6768ab238e384ce9123ea30428b
packages/database/migrations/0027_usage_ledger_filters.js	778a67e516b389c6258010274b9f923dbf79bfa2e45380381309d01ed6eb260a	778a67e516b389c6258010274b9f923dbf79bfa2e45380381309d01ed6eb260a
packages/database/migrations/0028_enterprise_reference_guards.js	8d41e86545a3a0a0ac4d1194cc55da4f1602e5b05d2ba3e3aebcb9b2d085430a	8d41e86545a3a0a0ac4d1194cc55da4f1602e5b05d2ba3e3aebcb9b2d085430a
packages/database/migrations/0029_provider_quota_auto_calculation.js	2e5127f59154ce5cb42c5ad6921b56c6b250a87cf9226fc690152a22f03677bc	2e5127f59154ce5cb42c5ad6921b56c6b250a87cf9226fc690152a22f03677bc
packages/database/migrations/0030_runtime_assurance_foundation.js	480612e93b15f1b54ffec11de2d149c2826999488bfc15a4e02954b1bf2feab6	480612e93b15f1b54ffec11de2d149c2826999488bfc15a4e02954b1bf2feab6
packages/database/migrations/0031_gateway_stream_resilience.js	9fcb5fade54f6ef0d88a6ffb31c8ca6747e756ba6b9e1dc870820d8996e75cd4	9fcb5fade54f6ef0d88a6ffb31c8ca6747e756ba6b9e1dc870820d8996e75cd4
packages/database/migrations/0032_admin_lifecycle.js	7d5f811d95429505bde41fd3811ae1c2de0c1f6ef63ebff2fdcb1c120afba21b	7d5f811d95429505bde41fd3811ae1c2de0c1f6ef63ebff2fdcb1c120afba21b
packages/database/migrations/0033_operating_bill.js	7767bcf9c3af7d13f235612791cd009194dbf4fb71c421988c9513853a766255	7767bcf9c3af7d13f235612791cd009194dbf4fb71c421988c9513853a766255
packages/database/migrations/0034_supply_forecast_production.js	997ba47e6993f2e8d5ccbc317a421d33f4dcdb5b39fac21fac020ea1e252a64f	997ba47e6993f2e8d5ccbc317a421d33f4dcdb5b39fac21fac020ea1e252a64f
packages/database/migrations/0035_deployment_log.js	2d24226dff74893940baa3faf70170069280726d548c3a16e4b6ce7b8e1c4911	2d24226dff74893940baa3faf70170069280726d548c3a16e4b6ce7b8e1c4911
packages/database/migrations/0036_provider_model_discovery.js	8a6ccccf7df44b6838a51b2e14c687b36ca11da46b3882273aafe3b5398a3050	8a6ccccf7df44b6838a51b2e14c687b36ca11da46b3882273aafe3b5398a3050
packages/database/migrations/0037_client_identity.js	216ea1f39dce53f4b85c90974925c160ced2b56d952174d69e82d1e8016344ea	216ea1f39dce53f4b85c90974925c160ced2b56d952174d69e82d1e8016344ea
packages/database/migrations/0038_employee_model_authorization_rule.js	1e2fca1c50a9edb748d909ae631d7da1ef2cbde83f438e0fd9cff25fa8ec4f33	1e2fca1c50a9edb748d909ae631d7da1ef2cbde83f438e0fd9cff25fa8ec4f33
packages/database/migrations/0039_principal_provider_pool.js	6512672ac059fb5daabcb8c0b64e40990bb0773d60a6329afe09f8448caea74b	6512672ac059fb5daabcb8c0b64e40990bb0773d60a6329afe09f8448caea74b
packages/database/migrations/0040_employee_model_rule_pool_quotas.js	4df4ce112c67aa030c3f1c21db5ad3efb3bfd7b0dafde841d6956ce17d1c9993	4df4ce112c67aa030c3f1c21db5ad3efb3bfd7b0dafde841d6956ce17d1c9993
packages/database/migrations/0041_provider_quota_window.js	9ed075abbd71fb362d942cb4e45d393d9a87a54f56c4fa3580d8a7335bf68aad	9ed075abbd71fb362d942cb4e45d393d9a87a54f56c4fa3580d8a7335bf68aad
packages/database/migrations/0042_alias_ql_format.js	27270cc00f5598b7c3c52484777596c7e5326efef0cffcad6c06b2e98f1f735c	27270cc00f5598b7c3c52484777596c7e5326efef0cffcad6c06b2e98f1f735c
packages/database/migrations/0043_single_owner_rule_history.js	f116a7309ad580b8593332ebadb5cb9d742891d4c738dde4a83354ce6fc207af	f116a7309ad580b8593332ebadb5cb9d742891d4c738dde4a83354ce6fc207af
packages/database/migrations/0044_operating_bill_model_identity.js	6e56824f8aac8cd29f8bd7c33260a51d69dacc1f20ed181489a8d84459218ea5	6e56824f8aac8cd29f8bd7c33260a51d69dacc1f20ed181489a8d84459218ea5
packages/database/migrations/0045_zhipu_weekday_window_alias.js	74ae28b311dfe486ea2e9bddbb7371c1f52b90099d2e07c2e29a6147eb15f1ff	74ae28b311dfe486ea2e9bddbb7371c1f52b90099d2e07c2e29a6147eb15f1ff
packages/database/migrations/0046_directory_import_foundation.js	af9e36e000f434452e3cc237fc6c36b491e9be6944d2ac39ab18cecff90e1a75	af9e36e000f434452e3cc237fc6c36b491e9be6944d2ac39ab18cecff90e1a75
packages/database/migrations/0047_usage_bucket_aggregate.js	8051824c9378a68129be29f1af8540d483d025ad9001c90cf36989d44fdb42b7	8051824c9378a68129be29f1af8540d483d025ad9001c90cf36989d44fdb42b7
packages/database/migrations/0048_department_cost_budget_and_purchase.js	53bb7ed0d905ccd964f6577b40806cd0a0233cff449504755ef5c17ab8e71d75	53bb7ed0d905ccd964f6577b40806cd0a0233cff449504755ef5c17ab8e71d75
packages/database/migrations/0049_resource_utilization_and_procurement_review.js	d251c5a2e50b19664347d092b4a55fc18df0f8a99e149b8335b0c615c848b18f	d251c5a2e50b19664347d092b4a55fc18df0f8a99e149b8335b0c615c848b18f
packages/database/migrations/0050_group2_policy_lifecycle.js	51654a12f82ecfbc79610ae197beffda66cc6e73a05741d1be4a44b7ce26678d	51654a12f82ecfbc79610ae197beffda66cc6e73a05741d1be4a44b7ce26678d
packages/database/migrations/0051_pool20_operating_sync_and_closing_confirmation.js	4088a1261c708c78ecd2fd11f6f7e4f82189651ff5c65524ba52b729bc99ced8	4088a1261c708c78ecd2fd11f6f7e4f82189651ff5c65524ba52b729bc99ced8
packages/database/migrations/0052_dispatch_restore_and_resource_utilization.js	a1d699fea202b3ab3019efcac22021d29f8d4b2c122fba3d62dc1da464bde611	a1d699fea202b3ab3019efcac22021d29f8d4b2c122fba3d62dc1da464bde611
packages/database/migrations/0053_operating_bill_opening_balance.js	8cc62aa4f40771cbdf2388206d59ebfe2712cd922c288d841f4a62d4878fde95	8cc62aa4f40771cbdf2388206d59ebfe2712cd922c288d841f4a62d4878fde95
packages/database/migrations/0054_usage_aggregate_settlement_time.js	1dbe3f62b7ec5320f948f083aa4f6dc46af9b882c28e4a2732e5b8f81c7cbab4	1dbe3f62b7ec5320f948f083aa4f6dc46af9b882c28e4a2732e5b8f81c7cbab4
packages/database/migrations/0055_upstream_error_evidence.js	f4cc59604369761e0e6b228c2d30a455aa8cc0a44d4babb2fc08b2635a1ffb3c	f4cc59604369761e0e6b228c2d30a455aa8cc0a44d4babb2fc08b2635a1ffb3c
packages/database/migrations/0056_resource_monthly_budget.js	839bad27fe58cf4922ea82dfcf3f7360841ce39d3c1f3bccae50abdbafd27420	839bad27fe58cf4922ea82dfcf3f7360841ce39d3c1f3bccae50abdbafd27420
packages/database/migrations/0057_model_discovery_v12.js	e523ccfb7508f7d804c8ce0df8c3b11fe5c74b801a5bf03810f009019f38d99e	e523ccfb7508f7d804c8ce0df8c3b11fe5c74b801a5bf03810f009019f38d99e
packages/database/migrations/0058_principal_grant_archive.js	9cf7a7d16c1fcf12f00478673a4c77d150aae094755de00dbff2644c109846f7	9cf7a7d16c1fcf12f00478673a4c77d150aae094755de00dbff2644c109846f7
packages/database/migrations/0059_provider_finance_ledger.js	3169e55580528ce8856b657f6eae915902a023b32dcff0a3ab3a6cbf55d8044d	3169e55580528ce8856b657f6eae915902a023b32dcff0a3ab3a6cbf55d8044d
packages/database/migrations/0060_provider_finance_legacy_cost_resolution.js	055c2289513b52bb978e36a427435984e70282266042b935a32108b3a1ba4790	055c2289513b52bb978e36a427435984e70282266042b935a32108b3a1ba4790
packages/database/migrations/0061_provider_finance_audit_hardening.js	2cdbe1b586ca7697f3201fed3c62d0bad578132223c3f3c5cf839aa085bcfaf9	2cdbe1b586ca7697f3201fed3c62d0bad578132223c3f3c5cf839aa085bcfaf9
packages/database/migrations/0062_resource_fact_reconciliation.js	e00c192a080ad31396f7ca893b9c78a444e329ddc5c7b9c105365e13eadc75e2	e00c192a080ad31396f7ca893b9c78a444e329ddc5c7b9c105365e13eadc75e2
packages/database/migrations/0063_operating_snapshot_subscription_period.js	d47da38d16890b6c5a820806989943817877122a826bc6a7a2def05294dd4395	d47da38d16890b6c5a820806989943817877122a826bc6a7a2def05294dd4395
packages/database/migrations/0064_quota_pricing_and_policy_archive.js	ae4c6d055b703da1d1a73fb29d283f419d0e4feade01e55ed796c18d802d3827	ae4c6d055b703da1d1a73fb29d283f419d0e4feade01e55ed796c18d802d3827
packages/database/migrations/0065_principal_accounting_assignment.js	d5a8bc87b536ab757f7fc4dd633c9b526534762f20f2a3dfbefb5bc59862d3aa	d5a8bc87b536ab757f7fc4dd633c9b526534762f20f2a3dfbefb5bc59862d3aa
packages/database/migrations/0066_subscription_auto_renewal.js	87130de75aa5008a3c02c34f9bb8f50ae9062764aa4caf5b41a5f4b76626b622	87130de75aa5008a3c02c34f9bb8f50ae9062764aa4caf5b41a5f4b76626b622
packages/database/migrations/0067_admin_cleanup.js	3bcb5061f57be11fe9a3817789863ba9894ea8b6f60ddd582d5c13499cca6a78	3bcb5061f57be11fe9a3817789863ba9894ea8b6f60ddd582d5c13499cca6a78
packages/database/migrations/0068_alert_resource_context.js	43359791f7b6473eb49655d99abeb83b8c9c2e99e7345f75dc7a9046f6920e80	43359791f7b6473eb49655d99abeb83b8c9c2e99e7345f75dc7a9046f6920e80
packages/database/migrations/0069_auth_error_evidence.js	193ac8628b278b150abcd9ce15795a8d936bd2b7e5caeb846f67e31f855d68b6	193ac8628b278b150abcd9ce15795a8d936bd2b7e5caeb846f67e31f855d68b6
packages/database/migrations/0070_alert_recovery_evidence.js	8847f1898128d4a4cc004e747611d20134015e9d4d9f744048f09b198537ac51	8847f1898128d4a4cc004e747611d20134015e9d4d9f744048f09b198537ac51
packages/database/migrations/0071_enterprise_contact_details.js	df71891f6c6aaad30334392fd0ebf851bbec4a3ebc7955087798e781ae655f9f	df71891f6c6aaad30334392fd0ebf851bbec4a3ebc7955087798e781ae655f9f
packages/database/migrations/0072_admin_roles_security.js	74c599fc8180c93f8dc9678f274dae077b0669a907db5125c6abd6250be7b90a	74c599fc8180c93f8dc9678f274dae077b0669a907db5125c6abd6250be7b90a
packages/database/migrations/0073_credential_chat_probe.js	04fb892e6bcfaab723b28fe8029e9e14d7acd7dbf0382bc58fa560847dc78273	04fb892e6bcfaab723b28fe8029e9e14d7acd7dbf0382bc58fa560847dc78273
packages/database/migrations/0074_runtime_notification_recipients.js	3d73bf0d8ed0eb0c79fa69a80076457a46ffe14ab580fa2ca424d63d714dbe2d	3d73bf0d8ed0eb0c79fa69a80076457a46ffe14ab580fa2ca424d63d714dbe2d
packages/database/migrations/0075_provider_resource_archive.js	43960cc14d80c2d544551e088637eb6aa8cfbe4ffdc73eaa977e2fa4177258ee	43960cc14d80c2d544551e088637eb6aa8cfbe4ffdc73eaa977e2fa4177258ee
packages/database/migrations/0076_provider_model_probe.js	cf99f269048e4cfdff1b6493d93c6700b1fd3350d98dbb591dc7ea9d37dd61fb	cf99f269048e4cfdff1b6493d93c6700b1fd3350d98dbb591dc7ea9d37dd61fb
packages/database/migrations/0077_provider_model_probe_run_identity.js	373125273893c3f6a737c8727107b5e88a91bf28a8ae36506494b7dcd2c0c654	373125273893c3f6a737c8727107b5e88a91bf28a8ae36506494b7dcd2c0c654
packages/database/migrations/0078_provider_finance_activation.js	d6b9d8854eca6ff36231a3d6b7b848d94c12aa49134aedc0e56d6e00f10bf3fa	d6b9d8854eca6ff36231a3d6b7b848d94c12aa49134aedc0e56d6e00f10bf3fa
packages/database/migrations/0079_provider_finance_candidate_draft.js	d3fbed996c5750998657700ae4b148132f6dfde59933cbb279d2ee83fdc29988	d3fbed996c5750998657700ae4b148132f6dfde59933cbb279d2ee83fdc29988
packages/database/package.json	06d13a5c436f219ade5f59af682dcab46bb3473e08e95fe68154116f7ebb992e	06d13a5c436f219ade5f59af682dcab46bb3473e08e95fe68154116f7ebb992e
packages/database/reports/mutation/pool039.json	00b7fe0efe03c83ad757d3e19a0503cceb2a89651f2a8c948402c69743bbd63f	00b7fe0efe03c83ad757d3e19a0503cceb2a89651f2a8c948402c69743bbd63f
packages/database/reports/mutation/pool039043-integration.json	b2bb6a7ccf98942b2e689e715425cae8ec52c9425a1d1f44a899a4e6688b63ac	b2bb6a7ccf98942b2e689e715425cae8ec52c9425a1d1f44a899a4e6688b63ac
packages/database/reports/mutation/pool039043-resource.json	dfd14277ed79bf6e63a6ad24d3bd4fc3612a0ad9662df7ec6a46be99e4017e35	dfd14277ed79bf6e63a6ad24d3bd4fc3612a0ad9662df7ec6a46be99e4017e35
packages/database/reports/mutation/pool043-v22.json	5d49e8b5af373f997a589e0110ab14563946d143be1cc9c1a5141079ea7fe381	5d49e8b5af373f997a589e0110ab14563946d143be1cc9c1a5141079ea7fe381
packages/database/reports/mutation/pool043.json	6a1c5a2bd7523b39afce1c7845b8802eb89234351b57d8bb39616ed08682d783	6a1c5a2bd7523b39afce1c7845b8802eb89234351b57d8bb39616ed08682d783
packages/database/src/__tests-integration__/alert-event-dispatch-scale.integration.test.ts	601655c483ee8f5e3186f38fc7f8380cd5408c74bf4ce5855876df994d55b90e	601655c483ee8f5e3186f38fc7f8380cd5408c74bf4ce5855876df994d55b90e
packages/database/src/__tests-integration__/billing-rule-multi-window-migration.integration.test.ts	fbef14decf22ce1d15f2144972e9ef8aa89d18abf11c7381ba414a90cdc53eb2	fbef14decf22ce1d15f2144972e9ef8aa89d18abf11c7381ba414a90cdc53eb2
packages/database/src/__tests-integration__/credential-probe-migration.test.ts	1bbc96345cf1361d47288497829ea47a08d8907d1ace4b0a5fa9bff35fef7dc5	1bbc96345cf1361d47288497829ea47a08d8907d1ace4b0a5fa9bff35fef7dc5
packages/database/src/__tests-integration__/directory-repository.integration.test.ts	e88da73dcb9e2d89de5b2eb5841ee756ab4c8cb873b3d0cf5003db83837063df	e88da73dcb9e2d89de5b2eb5841ee756ab4c8cb873b3d0cf5003db83837063df
packages/database/src/__tests-integration__/dispatch-pricing-concurrency.test.ts	db8ab2be3180072483c4139478519120cab1201b3648ea88132bf19d530f835e	db8ab2be3180072483c4139478519120cab1201b3648ea88132bf19d530f835e
packages/database/src/__tests-integration__/dispatch-pricing-readiness.test.ts	436ddcb729c3378ae063b298ae1f3c9769d1fd31791600edb6e20743bf1f822c	436ddcb729c3378ae063b298ae1f3c9769d1fd31791600edb6e20743bf1f822c
packages/database/src/__tests-integration__/exception-center-contract.integration.test.ts	f1083eb1111fd2bec9139b7da69bb9d850480b1125a7f49174441b466505a573	f1083eb1111fd2bec9139b7da69bb9d850480b1125a7f49174441b466505a573
packages/database/src/__tests-integration__/fixtures/operating-analysis.ts	c7b85795b3b28aa5caef96a65a24fb97259224a6dce35eaf9c837bc4e7e9adcf	c7b85795b3b28aa5caef96a65a24fb97259224a6dce35eaf9c837bc4e7e9adcf
packages/database/src/__tests-integration__/migration-rollback.ts	6fa353c9427f5f5201373405725233e6a3e384cf6af0999953138f19aeade1b9	6fa353c9427f5f5201373405725233e6a3e384cf6af0999953138f19aeade1b9
packages/database/src/__tests-integration__/migration.integration.test.ts	68f13ca172c6f4e72b523265e00d6bb7bf99d4fd948af4dd788e3c8197d7d70b	68f13ca172c6f4e72b523265e00d6bb7bf99d4fd948af4dd788e3c8197d7d70b
packages/database/src/__tests-integration__/model-probe-migration.test.ts	ed19a69e97ebee89a11a11dd6d26aff9c2c3afa88a10c9958d8808d14ba07b49	ed19a69e97ebee89a11a11dd6d26aff9c2c3afa88a10c9958d8808d14ba07b49
packages/database/src/__tests-integration__/operating-analysis.integration.test.ts	7ea7863cde7f219f5dfac39c9204e62e000929d5a264fc0f397f1e30331c56c8	7ea7863cde7f219f5dfac39c9204e62e000929d5a264fc0f397f1e30331c56c8
packages/database/src/__tests-integration__/operating-feedback.integration.test.ts	6961e94b370c4d76fe6f621cc87d3261046784db148ccf95034141e3c7a92ea3	6961e94b370c4d76fe6f621cc87d3261046784db148ccf95034141e3c7a92ea3
packages/database/src/__tests-integration__/operating-snapshot-subscription-period-migration.integration.test.ts	8ce5964e870bd6a3ed1d3702a3380edb6fc138a0c86384af69bdb4d60c306765	8ce5964e870bd6a3ed1d3702a3380edb6fc138a0c86384af69bdb4d60c306765
packages/database/src/__tests-integration__/pool010-provider-operating.test.ts	fdde858badc0c4632cc7707ba06cc8b98c9b7e6a8634259b53c30b608b53c443	fdde858badc0c4632cc7707ba06cc8b98c9b7e6a8634259b53c30b608b53c443
packages/database/src/__tests-integration__/pool022-supply-forecast.test.ts	3a3454b208f71b0e2f89537d90e6d9e1306ce6ab5d4af52f09e8a0fa2df030b7	3a3454b208f71b0e2f89537d90e6d9e1306ce6ab5d4af52f09e8a0fa2df030b7
packages/database/src/__tests-integration__/pool029-authorization-rule-migration.test.ts	34e63c1bce549319e1fc7fff631a722fbf006cce68d54449e673e5eb33ab7f95	34e63c1bce549319e1fc7fff631a722fbf006cce68d54449e673e5eb33ab7f95
packages/database/src/__tests-integration__/pool032-provider-quota-window-migration.test.ts	f615f7bd7fef7814478a1720e4e81310292b001f68fcb9a123394ae241cd13d8	f615f7bd7fef7814478a1720e4e81310292b001f68fcb9a123394ae241cd13d8
packages/database/src/__tests-integration__/pool035-pool-quotas-migration.test.ts	f8b5613079058a3b1ab7ad9897339c44f6b96265685aaf82a60b10b99d4b5697	f8b5613079058a3b1ab7ad9897339c44f6b96265685aaf82a60b10b99d4b5697
packages/database/src/__tests-integration__/pool039-lock-order-migration.integration.test.ts	c059682ca31695a6d1a9d59e8c55bd447c9b935f86b352dd87f10cc669f7369e	c059682ca31695a6d1a9d59e8c55bd447c9b935f86b352dd87f10cc669f7369e
packages/database/src/__tests-integration__/pool042-dashboard-resource-usage.integration.test.ts	e1a3d3ac879e1d3329ed16ee50741143a7b0327aa02e2f722c93c552118c85b1	e1a3d3ac879e1d3329ed16ee50741143a7b0327aa02e2f722c93c552118c85b1
packages/database/src/__tests-integration__/pool043-model-identity-migration.test.ts	4057f07aba9a74b2c20da9ec4beeac2d7c6ab0704d3e3ed47cf37d0269b9ba91	4057f07aba9a74b2c20da9ec4beeac2d7c6ab0704d3e3ed47cf37d0269b9ba91
packages/database/src/__tests-integration__/pool043-operating-bill-accounts.integration.test.ts	d98b3ae7c1f3d2ba5478242a1732268370e5419f9e94bfc93ad38dbc9a621d43	d98b3ae7c1f3d2ba5478242a1732268370e5419f9e94bfc93ad38dbc9a621d43
packages/database/src/__tests-integration__/pool043-operating-bill-concurrency.integration.test.ts	f5bd77b0af2a38bf57b5a2b773b4eb0eadb17499b2ff0fb17ef7ab23f41c1117	f5bd77b0af2a38bf57b5a2b773b4eb0eadb17499b2ff0fb17ef7ab23f41c1117
packages/database/src/__tests-integration__/pool046-zhipu-window-alias-migration.test.ts	f71a4922e5994b75852ef529b853c1c654d419fef09e7cbcc5ba47f2354afe7e	f71a4922e5994b75852ef529b853c1c654d419fef09e7cbcc5ba47f2354afe7e
packages/database/src/__tests-integration__/pool047-resource-monthly-budget-migration.integration.test.ts	58a5bceace050ab20ee75da0c4fb258a40bbcec1d86283a9ff71c03c8ff8d8d8	58a5bceace050ab20ee75da0c4fb258a40bbcec1d86283a9ff71c03c8ff8d8d8
packages/database/src/__tests-integration__/pool048-upstream-error-evidence.integration.test.ts	0ae1d66dbbd5e3852cfc4f1d0b6e2b0133607440172b34b9ffefef38917dfb31	0ae1d66dbbd5e3852cfc4f1d0b6e2b0133607440172b34b9ffefef38917dfb31
packages/database/src/__tests-integration__/principal-attribution-backfill.integration.test.ts	dd76480e58afa731381cbfbf99e04772598198a3007c07d99b6320fa4ed65704	dd76480e58afa731381cbfbf99e04772598198a3007c07d99b6320fa4ed65704
packages/database/src/__tests-integration__/principal-key-permission-migration.integration.test.ts	717cfc78908d055ee8da954d7a09d7703765a74872d05b379848ef74419f1f88	717cfc78908d055ee8da954d7a09d7703765a74872d05b379848ef74419f1f88
packages/database/src/__tests-integration__/principal-key-single-active-migration.integration.test.ts	4a29e86943103ec9a0b845c18b173f87d498aeceb54e99eb7124e72ccc84fde1	4a29e86943103ec9a0b845c18b173f87d498aeceb54e99eb7124e72ccc84fde1
packages/database/src/__tests-integration__/provider-finance-activation-apply.integration.test.ts	d9416182c7a591ebfc30bc6c5d280a4133f385b63ff227d3de445053215826ca	d9416182c7a591ebfc30bc6c5d280a4133f385b63ff227d3de445053215826ca
packages/database/src/__tests-integration__/provider-finance-activation-migration.integration.test.ts	1055644f87ce17dd1f63f7798ce7cfa9d03c31245a79b4dc76bac2205a30d45e	1055644f87ce17dd1f63f7798ce7cfa9d03c31245a79b4dc76bac2205a30d45e
packages/database/src/__tests-integration__/provider-finance-activation-preview.integration.test.ts	d216892135a317d6295833961dc8696fb7ff5ca0e8c31bce4815e0ba3d2b6e67	d216892135a317d6295833961dc8696fb7ff5ca0e8c31bce4815e0ba3d2b6e67
packages/database/src/__tests-integration__/provider-finance-cutover.integration.test.ts	21b9ff4ed1fe244fc8ac9d3c5a0c712ee35d982f5e6cceb8cb3ddc3b86017083	21b9ff4ed1fe244fc8ac9d3c5a0c712ee35d982f5e6cceb8cb3ddc3b86017083
packages/database/src/__tests-integration__/provider-finance-ledger.integration.test.ts	1a9c0ca51a2ad2f20ae65eb72e8c49999f1ab888f44ab89b8bdae5ff9a0b5e82	1a9c0ca51a2ad2f20ae65eb72e8c49999f1ab888f44ab89b8bdae5ff9a0b5e82
packages/database/src/__tests-integration__/provider-finance-repository.integration.test.ts	76e671719e04515919ad0dc010b5f8d1e4af3b0ccfef0a6c145298a21780dc7c	76e671719e04515919ad0dc010b5f8d1e4af3b0ccfef0a6c145298a21780dc7c
packages/database/src/__tests-integration__/quota-pricing-configuration.test.ts	6cb01b7c7ebe01785282fdd8d0ffe3350baca0520381ee11772b96a7f22efa18	6cb01b7c7ebe01785282fdd8d0ffe3350baca0520381ee11772b96a7f22efa18
packages/database/src/__tests-integration__/resource-fact-reconciliation-migration.integration.test.ts	3ec057c1318d0556472af539774dafc1d2070321e5d3f4050cece65ed749e94d	3ec057c1318d0556472af539774dafc1d2070321e5d3f4050cece65ed749e94d
packages/database/src/__tests-integration__/runtime-admin-migrations.integration.test.ts	47adb0c79d062ec6afa3e3cd4af2f27d5793f2b9d5cdff3cabefdcc3e1b4d072	47adb0c79d062ec6afa3e3cd4af2f27d5793f2b9d5cdff3cabefdcc3e1b4d072
packages/database/src/__tests-integration__/runtime-admin-release-rehearsal.integration.test.ts	5b01432dcdefe9dd0c86e09a280d9af4ecf193e754be85dfedc71a6193f03679	5b01432dcdefe9dd0c86e09a280d9af4ecf193e754be85dfedc71a6193f03679
packages/database/src/__tests-integration__/runtime-assurance-foundation.integration.test.ts	bed3281decc39e5ae916e7bb1c6c1b46a77d61e835fd8b7af03b59dc92f06e98	bed3281decc39e5ae916e7bb1c6c1b46a77d61e835fd8b7af03b59dc92f06e98
packages/database/src/__tests-integration__/standard-home.integration.test.ts	f4bfef11d132e96ac50d997493c6e4d8e36f045b90f2acb4ebe92b1b51f775d6	f4bfef11d132e96ac50d997493c6e4d8e36f045b90f2acb4ebe92b1b51f775d6
packages/database/src/__tests-integration__/subscription-auto-renewal.integration.test.ts	c242f1078d0b138d53e9b472f7d416b35b70fa58e6a2acb9109d4c954caedd31	c242f1078d0b138d53e9b472f7d416b35b70fa58e6a2acb9109d4c954caedd31
packages/database/src/__tests-integration__/usage-aggregate-migration-capacity.integration.test.ts	5d221b5e5ac9b5b622bf96c18db41cdc28400fa60f0a0d2501dd3bd19985096b	5d221b5e5ac9b5b622bf96c18db41cdc28400fa60f0a0d2501dd3bd19985096b
packages/database/src/__tests-integration__/usage-aggregate.integration.test.ts	f8f2bdaf6964f279c14833b673545e0ef75b85da5c033e227504884cec670cae	f8f2bdaf6964f279c14833b673545e0ef75b85da5c033e227504884cec670cae
packages/database/src/__tests-integration__/usage-overview.integration.test.ts	3599218659e41ed1f1ffccd4423b33217b777ce8ebc633533310f9829241e24f	3599218659e41ed1f1ffccd4423b33217b777ce8ebc633533310f9829241e24f
packages/database/src/__tests-integration__/usage-repository.integration.test.ts	b10cfbbf69b90a98b72e50bcafa5b9170437349e7841ce40f8dad6717c0ce618	b10cfbbf69b90a98b72e50bcafa5b9170437349e7841ce40f8dad6717c0ce618
packages/database/src/__tests-integration__/w17-reconciliation.test.ts	4a28a342b0c8276543463db8a19b6bd714cb2f555ef7aad632ea4d15f3102165	4a28a342b0c8276543463db8a19b6bd714cb2f555ef7aad632ea4d15f3102165
packages/database/src/__tests-integration__/w20-final-migration.integration.test.ts	837cfed790ed61979fb36fcac340dd9cdd335f5ccb6f7886d63e5f82d7d6002a	837cfed790ed61979fb36fcac340dd9cdd335f5ccb6f7886d63e5f82d7d6002a
packages/database/src/__tests-integration__/w20-resource-procurement-migration.integration.test.ts	8e642773eec3f01d8c6276e12b361ab66a32b5c9f5ed7aa77e4e8ff93faa5daf	8e642773eec3f01d8c6276e12b361ab66a32b5c9f5ed7aa77e4e8ff93faa5daf
packages/database/src/__tests-integration__/w20-standard-capacity.integration.test.ts	250c2e8af0d89d1011c39e5e52aabf756f318d306cc44d6325fa6fa17a69e6bb	250c2e8af0d89d1011c39e5e52aabf756f318d306cc44d6325fa6fa17a69e6bb
packages/database/src/cli/migrate.ts	5b2539c9fbd629774b51a6afc498a975496a8ce3609946156fd4e1cf050ef46f	5b2539c9fbd629774b51a6afc498a975496a8ce3609946156fd4e1cf050ef46f
packages/database/src/cli/provider-finance-activate.test.ts	dc8378ace7236ae6b9600e2538b86c35f62f94dfea42fc39e3a49671c430d31c	dc8378ace7236ae6b9600e2538b86c35f62f94dfea42fc39e3a49671c430d31c
packages/database/src/cli/provider-finance-activate.ts	45b06053f4325db1fca75e4ce15fa1f388779f2f1a073753abc59115f7d915a5	45b06053f4325db1fca75e4ce15fa1f388779f2f1a073753abc59115f7d915a5
packages/database/src/cli/provider-finance-preflight-policy.test.ts	822099fcf4acd4520a73b8aa99759e7f797425d50846ae522eb03d92fc06b55a	822099fcf4acd4520a73b8aa99759e7f797425d50846ae522eb03d92fc06b55a
packages/database/src/cli/provider-finance-preflight-policy.ts	f97656ac19e40848a63ee88efab18ce9146740c66099bb294bf1b1aa768e6b83	f97656ac19e40848a63ee88efab18ce9146740c66099bb294bf1b1aa768e6b83
packages/database/src/cli/provider-finance-preflight.ts	a6141dd2f7dff49cd224a389e489199e215f765a4c67a3fb1765dabf00eed8c4	a6141dd2f7dff49cd224a389e489199e215f765a4c67a3fb1765dabf00eed8c4
packages/database/src/employee-model-rule-types.ts	06d4502fe7f38d73ff870b1116e601d424eba2b659f1ab46a363ce1b92f3284a	06d4502fe7f38d73ff870b1116e601d424eba2b659f1ab46a363ce1b92f3284a
packages/database/src/index.ts	63cfc5e6c4f1e450e6a53beb1d69f8858018c63ead442630743b77d2d6c5a7af	63cfc5e6c4f1e450e6a53beb1d69f8858018c63ead442630743b77d2d6c5a7af
packages/database/src/kysely-admin-tables.ts	2c91ec13cb03f06171ce2bff8c1e3b8125d53b33fbcab8c06748c0a939979fab	2c91ec13cb03f06171ce2bff8c1e3b8125d53b33fbcab8c06748c0a939979fab
packages/database/src/kysely-availability-tables.ts	21a42f3e5cfbcd40bfc0727d0d0dd1345010b06a0fbd763087f71638606478f3	21a42f3e5cfbcd40bfc0727d0d0dd1345010b06a0fbd763087f71638606478f3
packages/database/src/kysely-core-tables.ts	73c456c2b5850c08b31f6738745cb19e78636e4bfd735bc44d402282e40e918d	73c456c2b5850c08b31f6738745cb19e78636e4bfd735bc44d402282e40e918d
packages/database/src/kysely-directory-tables.ts	faaa48e8b3e541e6b974b208f01704ce7775b84f9523530287f8af743bf70748	faaa48e8b3e541e6b974b208f01704ce7775b84f9523530287f8af743bf70748
packages/database/src/kysely-finance-activation-tables.ts	6b0f1541e55550b9528d15314ff92ef0c8ea1172adb7f43f18ae3ca94deb58a9	6b0f1541e55550b9528d15314ff92ef0c8ea1172adb7f43f18ae3ca94deb58a9
packages/database/src/kysely-finance-tables.ts	b7d8a922c3ac1fb6a9491fb0ace98bb8dc66d20e416854deb4a3dacffc87aacc	b7d8a922c3ac1fb6a9491fb0ace98bb8dc66d20e416854deb4a3dacffc87aacc
packages/database/src/kysely-ledger-tables.ts	4baaaea7a148a7c828f6ba2220496da57086f5dfda8300d204ba6232afad413d	4baaaea7a148a7c828f6ba2220496da57086f5dfda8300d204ba6232afad413d
packages/database/src/kysely-operations-tables.ts	b5737555bb20e04ffe670d7a27c7e782bd6b8d1ac7a403c1b97a1c9767a9d79b	b5737555bb20e04ffe670d7a27c7e782bd6b8d1ac7a403c1b97a1c9767a9d79b
packages/database/src/kysely-resource-tables.ts	b3fbe7ebb0335e88bfb7261457cdd54d1135f0f9d492c999c89db9a57d9016f9	b3fbe7ebb0335e88bfb7261457cdd54d1135f0f9d492c999c89db9a57d9016f9
packages/database/src/kysely-w20-tables.ts	c9bd1b61e39f0c5ace66a4d52e8801047ebf0e1b84a1edef744fd314ea8983ae	c9bd1b61e39f0c5ace66a4d52e8801047ebf0e1b84a1edef744fd314ea8983ae
packages/database/src/kysely.ts	23278b56a005e8218f712dbfdcd741375f6d0e9b296f41bb47d07a85cf76281b	23278b56a005e8218f712dbfdcd741375f6d0e9b296f41bb47d07a85cf76281b
packages/database/src/migrator.ts	311d4422ae519b1f6f19775be187d901d5a5b4ce6e1122dae0dd5fa327729f44	311d4422ae519b1f6f19775be187d901d5a5b4ce6e1122dae0dd5fa327729f44
packages/database/src/provider-quota-window-types.ts	968f4eeb94af87a902921f40fd0219f4f4c5508c400dd3d5fb584f79fe0ad3c9	968f4eeb94af87a902921f40fd0219f4f4c5508c400dd3d5fb584f79fe0ad3c9
packages/database/src/repositories/admin-billing-writes.ts	0c87a95bf1accac66a700ee697365a7d428251f64b567634ea109f6b13dd6245	0c87a95bf1accac66a700ee697365a7d428251f64b567634ea109f6b13dd6245
packages/database/src/repositories/admin-repository.ts	f82a6406f90d1598684d526b19c4a98bac94c8f1efdeeaae4dd60ab58d523eb1	f82a6406f90d1598684d526b19c4a98bac94c8f1efdeeaae4dd60ab58d523eb1
packages/database/src/repositories/admin-write-repository.ts	fed586dbf487171c9e0de46404bef72a1e5a6dac0e0d6d34a3670ea17427f70d	fed586dbf487171c9e0de46404bef72a1e5a6dac0e0d6d34a3670ea17427f70d
packages/database/src/repositories/alert-event-background.ts	05f574be5fbfa11cee9b3c25a126688ebe004057938269ab39b4419cff381c6c	05f574be5fbfa11cee9b3c25a126688ebe004057938269ab39b4419cff381c6c
packages/database/src/repositories/alert-event-department-budget.ts	ed7755d079825daac49b0eca7198b458f0f9c6091004f34f1808d38e9c9b4ef4	ed7755d079825daac49b0eca7198b458f0f9c6091004f34f1808d38e9c9b4ef4
packages/database/src/repositories/alert-event-exclusions.ts	ad56fb0d382847902423e2e5f753d4be31a28b12d2e2eb3aa0e68a2f31706c4a	ad56fb0d382847902423e2e5f753d4be31a28b12d2e2eb3aa0e68a2f31706c4a
packages/database/src/repositories/alert-event-operational-derivations.ts	8463676af6df8877f97fa550889d573b8860816dc7cc9a2faccaf271c51e765d	8463676af6df8877f97fa550889d573b8860816dc7cc9a2faccaf271c51e765d
packages/database/src/repositories/alert-event-recovery.ts	ecbd9c874538e46dfafa827763124a2e04a16bf6597ae09c72735ed1513c4018	ecbd9c874538e46dfafa827763124a2e04a16bf6597ae09c72735ed1513c4018
packages/database/src/repositories/alert-event-repository.ts	892ef1e49ffa19d00abf8e5522adc7c90229c851b63ca3e1d64cebeccb1cc3dc	892ef1e49ffa19d00abf8e5522adc7c90229c851b63ca3e1d64cebeccb1cc3dc
packages/database/src/repositories/alert-event-request-derivations.ts	7e9bb9551cd7e9cad88a63498a92b3e220e6522956154259b41cd7fd3cafee0d	7e9bb9551cd7e9cad88a63498a92b3e220e6522956154259b41cd7fd3cafee0d
packages/database/src/repositories/alert-event-types.ts	7014b043917974ba21cb3a7bc387d7ace8de953014dcedbd87917ea8fb734b53	7014b043917974ba21cb3a7bc387d7ace8de953014dcedbd87917ea8fb734b53
packages/database/src/repositories/alert-observation-writer.ts	88e51e7a56b2a6dc1c73bfd01139b6aa6fc334d0d6178342f570f942e2a53e72	88e51e7a56b2a6dc1c73bfd01139b6aa6fc334d0d6178342f570f942e2a53e72
packages/database/src/repositories/audit-repository.ts	d33f3e8b6383b3ea772e3d89204df6680470dcf20cb2299e6930720ca62b274d	d33f3e8b6383b3ea772e3d89204df6680470dcf20cb2299e6930720ca62b274d
packages/database/src/repositories/billing-rule-applicability.ts	715d01a9a132c0745ae1e44be7af2006cfbce935544431d351fe27927125630a	715d01a9a132c0745ae1e44be7af2006cfbce935544431d351fe27927125630a
packages/database/src/repositories/billing-rule-persistence.ts	f78dd6d8b3f28d25f8adf73f288cc0c410b0d7ad85e57de4fb4515c1f8792b79	f78dd6d8b3f28d25f8adf73f288cc0c410b0d7ad85e57de4fb4515c1f8792b79
packages/database/src/repositories/credential-chat-probe.ts	ab1127628436e630d406f544815dfbbc285eee71a045a564461c128d04542e40	ab1127628436e630d406f544815dfbbc285eee71a045a564461c128d04542e40
packages/database/src/repositories/credential-probe-models.ts	023efd5c035611fc56f6a91c5f9d8455c7a226e063d48665090ce9e5ae34f5e2	023efd5c035611fc56f6a91c5f9d8455c7a226e063d48665090ce9e5ae34f5e2
packages/database/src/repositories/dashboard-breakdown.ts	d0c11e1e42e877b4d5bdfe1a490b2eebf41d98589f46570cb42d037d8fb28381	d0c11e1e42e877b4d5bdfe1a490b2eebf41d98589f46570cb42d037d8fb28381
packages/database/src/repositories/dashboard-helpers.ts	65ef0c162ece6365f3f1134958a53a7ee1403316d84c412e9337b38565527635	65ef0c162ece6365f3f1134958a53a7ee1403316d84c412e9337b38565527635
packages/database/src/repositories/dashboard-home-costs.test.ts	7f3b4f6b42353b60651a06a7b911a51b78edf531047864ef094d4e672052ac1f	7f3b4f6b42353b60651a06a7b911a51b78edf531047864ef094d4e672052ac1f
packages/database/src/repositories/dashboard-home-costs.ts	9fc00d6c0e378bc7c32bf4bce68009c64cda98033cade7e13a1b9ffda51685e6	9fc00d6c0e378bc7c32bf4bce68009c64cda98033cade7e13a1b9ffda51685e6
packages/database/src/repositories/dashboard-home-metrics.ts	b457e9f260de6a91059adb73b3f00e35390ce848f6ec0238a169c84f768fea94	b457e9f260de6a91059adb73b3f00e35390ce848f6ec0238a169c84f768fea94
packages/database/src/repositories/dashboard-home-providers.test.ts	c63a509e6c1e459c781d69d0a58350c5bda350b534f4ba8180933c84e6b0ed38	c63a509e6c1e459c781d69d0a58350c5bda350b534f4ba8180933c84e6b0ed38
packages/database/src/repositories/dashboard-home-providers.ts	ae13ffdb35abac5610815a429b239e3b204a3fff417b14b4186a2b3eba48bb32	ae13ffdb35abac5610815a429b239e3b204a3fff417b14b4186a2b3eba48bb32
packages/database/src/repositories/dashboard-home-types.ts	6633b1c48a7608ccba26e984632c2f1778a3a99da948b4bdc60261cad1810d7a	6633b1c48a7608ccba26e984632c2f1778a3a99da948b4bdc60261cad1810d7a
packages/database/src/repositories/dashboard-home.test.ts	6321bc556e15622d8dc3e8662fe936068e0ff02482f11dcb444fc9d8ba3422ea	6321bc556e15622d8dc3e8662fe936068e0ff02482f11dcb444fc9d8ba3422ea
packages/database/src/repositories/dashboard-home.ts	3499ef87aaed76d4b868ad6af6b849a85aec228a3983404c0d5a50b83ec22280	3499ef87aaed76d4b868ad6af6b849a85aec228a3983404c0d5a50b83ec22280
packages/database/src/repositories/dashboard-monthly-spend.test.ts	b66343bef8717ab1481f1644596111ef4626429ea7af05340b89f9a18625ebff	b66343bef8717ab1481f1644596111ef4626429ea7af05340b89f9a18625ebff
packages/database/src/repositories/dashboard-monthly-spend.ts	6106187d4a0ab73899b268300c56933b98c02e80fafcac308e7e748323241b1b	6106187d4a0ab73899b268300c56933b98c02e80fafcac308e7e748323241b1b
packages/database/src/repositories/dashboard-overages.mutation.test.ts	93d99612aec3d97108fb8cb02d896c57f2f1832b17d3337ac196237e01033b85	93d99612aec3d97108fb8cb02d896c57f2f1832b17d3337ac196237e01033b85
packages/database/src/repositories/dashboard-overages.ts	5a42ad0e80e22ee7eea0bf8c43e1bb501d691058ee3ffcfd5ee618dcec66f650	5a42ad0e80e22ee7eea0bf8c43e1bb501d691058ee3ffcfd5ee618dcec66f650
packages/database/src/repositories/dashboard-repository.ts	b06a9648999c9b6eb9b4bbed9138fe33ec10b158a815660326f20950f5121fec	b06a9648999c9b6eb9b4bbed9138fe33ec10b158a815660326f20950f5121fec
packages/database/src/repositories/dashboard-resource-status.ts	620dbb5d0e6a5c84babc8e14883d58043ea8a4d149b3206e66d5346fe077e914	620dbb5d0e6a5c84babc8e14883d58043ea8a4d149b3206e66d5346fe077e914
packages/database/src/repositories/dashboard-resource-usage.ts	438a682ed34df48fed07b4d7005be08542d2f299d38cb2bd1cec9759ecfccfcb	438a682ed34df48fed07b4d7005be08542d2f299d38cb2bd1cec9759ecfccfcb
packages/database/src/repositories/dashboard-types.ts	ee3e4a7f009dd31df65e8fa4563e48b1568b36a30d7f616cbdcaecba061a1350	ee3e4a7f009dd31df65e8fa4563e48b1568b36a30d7f616cbdcaecba061a1350
packages/database/src/repositories/department-cost-evidence.test.ts	4a724626fd7879fe5210c37b50ea9f8708903e5d5ee74ce07372d8af0086019f	4a724626fd7879fe5210c37b50ea9f8708903e5d5ee74ce07372d8af0086019f
packages/database/src/repositories/department-cost-evidence.ts	92a42d8d49afd6f59ef632ce09b0d90be8ea01b69e1e32da319e4d1ee0087e89	92a42d8d49afd6f59ef632ce09b0d90be8ea01b69e1e32da319e4d1ee0087e89
packages/database/src/repositories/department-cost-read-model-query-types.ts	e9d4fc366628d60dcdb3ee2aa0230b7d0afabfb63758b9dd2700874ada87ff84	e9d4fc366628d60dcdb3ee2aa0230b7d0afabfb63758b9dd2700874ada87ff84
packages/database/src/repositories/department-cost-read-model-query.ts	4d0acce8d5974cda6358d39a9705cd77e6ec59e827b297df81346d79c138c4a6	4d0acce8d5974cda6358d39a9705cd77e6ec59e827b297df81346d79c138c4a6
packages/database/src/repositories/department-cost-read-model-rows.ts	b92a31e145908314fa31df6554135990e3c881ab138c12661b0da402bcbfe7ac	b92a31e145908314fa31df6554135990e3c881ab138c12661b0da402bcbfe7ac
packages/database/src/repositories/department-cost-read-model-summary.ts	08d949d349184d7c8a96aa175c254d88ff0aad55169af0063f4d037345327443	08d949d349184d7c8a96aa175c254d88ff0aad55169af0063f4d037345327443
packages/database/src/repositories/department-cost-read-model.ts	75827ed0d5737617d11e260b84b17bd40c7009ae67342556a41c8c03d416adb0	75827ed0d5737617d11e260b84b17bd40c7009ae67342556a41c8c03d416adb0
packages/database/src/repositories/department-cost-types.ts	4dfb731c52800f05838df5755fed51697a833e5240159bc66708a6835f4096b9	4dfb731c52800f05838df5755fed51697a833e5240159bc66708a6835f4096b9
packages/database/src/repositories/deployment-log-repository.ts	4f6e59c1b2040b87d36ed78e850cd29a6bd143f288710127f4ba83cb4f385ba3	4f6e59c1b2040b87d36ed78e850cd29a6bd143f288710127f4ba83cb4f385ba3
packages/database/src/repositories/directory-import-apply.ts	991774710bef703dc51c2d9dee6c3d2dcf3a94e735eff76718d694c0a38fb979	991774710bef703dc51c2d9dee6c3d2dcf3a94e735eff76718d694c0a38fb979
packages/database/src/repositories/directory-repository-source-run.ts	95c08ec9e8ffe7c06256188773886ce780cc3fdfdcca733cfd54edceb39e90bc	95c08ec9e8ffe7c06256188773886ce780cc3fdfdcca733cfd54edceb39e90bc
packages/database/src/repositories/directory-repository-staging-validation.ts	1767298be2574ea9cbb2d32e2bfa219fd71874de985e6637d2a1e75a78398dbf	1767298be2574ea9cbb2d32e2bfa219fd71874de985e6637d2a1e75a78398dbf
packages/database/src/repositories/directory-repository-types.ts	51f2ba0ad3586b260abe72681bc1189a89c8781f12a033915c0363f3794f5d0b	51f2ba0ad3586b260abe72681bc1189a89c8781f12a033915c0363f3794f5d0b
packages/database/src/repositories/directory-repository.ts	fb99959e13669ceeb61d0f167a4fce7700259cb19465cce3cf2637228b3fa0ad	fb99959e13669ceeb61d0f167a4fce7700259cb19465cce3cf2637228b3fa0ad
packages/database/src/repositories/dispatch-operating-input.ts	26d7a9845aa55a58d892800f076738d86c9c6027e01f2be7b214d0c8ec6a767e	26d7a9845aa55a58d892800f076738d86c9c6027e01f2be7b214d0c8ec6a767e
packages/database/src/repositories/dispatch-policy-archive.ts	6a8e4c1e03fd107d3a9ee04b1dada270a65be858247304e7531e21aab14596a0	6a8e4c1e03fd107d3a9ee04b1dada270a65be858247304e7531e21aab14596a0
packages/database/src/repositories/dispatch-policy-clone.test.ts	6d93830fddaa68e3531a711873acdbcd9f8e89aba9695d9670d5508df4f076de	6d93830fddaa68e3531a711873acdbcd9f8e89aba9695d9670d5508df4f076de
packages/database/src/repositories/dispatch-policy-clone.ts	e2963d91c238e9d2b45e6e4468274d3b2ef5d593d224f25e13ce5aa39c28988f	e2963d91c238e9d2b45e6e4468274d3b2ef5d593d224f25e13ce5aa39c28988f
packages/database/src/repositories/dispatch-policy-mapping.ts	da877c25df224b23f918fe78703b1996f50eb9a42921b44b0bc966e31820fff9	da877c25df224b23f918fe78703b1996f50eb9a42921b44b0bc966e31820fff9
packages/database/src/repositories/dispatch-policy-repository.ts	dee358d56e9075c8b6ddc9921aa1353384fb0101dcd1de391c4b57a19227e04e	dee358d56e9075c8b6ddc9921aa1353384fb0101dcd1de391c4b57a19227e04e
packages/database/src/repositories/dispatch-pricing-readiness.ts	d10f44f47ee672c878f63fee6222ddfc46acc8b6e65232bc84c2476a6ed07a0d	d10f44f47ee672c878f63fee6222ddfc46acc8b6e65232bc84c2476a6ed07a0d
packages/database/src/repositories/employee-model-authorization-policy.test.ts	94c94b009ed77b2de2566a1f29bf3dfe98c626fe926a91ce2ed8963f801e0f1b	94c94b009ed77b2de2566a1f29bf3dfe98c626fe926a91ce2ed8963f801e0f1b
packages/database/src/repositories/employee-model-authorization-policy.ts	ba5f4408c4e53f6d817e080e08d569d72384f864d4829dca472bfe87f58483b0	ba5f4408c4e53f6d817e080e08d569d72384f864d4829dca472bfe87f58483b0
packages/database/src/repositories/employee-model-rule-lifecycle.mutation.test.ts	01524add9346bfe97f75270f2296e0d1db140307eb7dbf79add9c4fa62450fb9	01524add9346bfe97f75270f2296e0d1db140307eb7dbf79add9c4fa62450fb9
packages/database/src/repositories/employee-model-rule-lifecycle.ts	52a3dc63de7ec22a02a74b1eb372b55c92380669a73a66218081e496bf9cd8ce	52a3dc63de7ec22a02a74b1eb372b55c92380669a73a66218081e496bf9cd8ce
packages/database/src/repositories/employee-model-rule-lock-context.ts	e591d63300bff7f5dbf438375455663a8b0885bb0823a47663e12d905425f4c7	e591d63300bff7f5dbf438375455663a8b0885bb0823a47663e12d905425f4c7
packages/database/src/repositories/employee-model-rule-quota.ts	6f602d93916a05d8de0b06d63452341097ee3957fa103829588197611053f7ca	6f602d93916a05d8de0b06d63452341097ee3957fa103829588197611053f7ca
packages/database/src/repositories/employee-model-rule-repository.mutation.test.ts	dd57e3a1d5485dd1087d25894fe49763dea67f1838874902ba90f80b467275a4	dd57e3a1d5485dd1087d25894fe49763dea67f1838874902ba90f80b467275a4
packages/database/src/repositories/employee-model-rule-repository.ts	dc70358f4b470fd8445da27ba55491fcbd96bc989001cb4225aeae46f58a966b	dc70358f4b470fd8445da27ba55491fcbd96bc989001cb4225aeae46f58a966b
packages/database/src/repositories/employee-model-rule-validation.ts	02ac5886725f9945e67e5df3fbc464b9e71a4531071e771b55a9550bc157d39a	02ac5886725f9945e67e5df3fbc464b9e71a4531071e771b55a9550bc157d39a
packages/database/src/repositories/gateway-ledger-guarded-writes.ts	bc03ac508cfc5aab4e99afe19b5c786b9116fe4b7828319a3a5d5c571f9c3fe9	bc03ac508cfc5aab4e99afe19b5c786b9116fe4b7828319a3a5d5c571f9c3fe9
packages/database/src/repositories/gateway-ledger-repository.ts	d3231429b499b93306de2d575cff3f265b939534e9558d0f5d9ba6fefb45a07f	d3231429b499b93306de2d575cff3f265b939534e9558d0f5d9ba6fefb45a07f
packages/database/src/repositories/gateway-ledger-request-facts.ts	c133e343f7561a6e42864588259b1323abf2af11ee4fb6e580f265fc9fbd0e50	c133e343f7561a6e42864588259b1323abf2af11ee4fb6e580f265fc9fbd0e50
packages/database/src/repositories/gateway-ledger-settlement-assertions.ts	4b358a33234fd5cc63329ff51b31ca2c4e15104af82b46744ab2440e3563f191	4b358a33234fd5cc63329ff51b31ca2c4e15104af82b46744ab2440e3563f191
packages/database/src/repositories/gateway-ledger-settlement-quality.test.ts	633fb10d1fb865897ce1441738c9ce4e4f03a8cfc08e0531e9e65cdd3297b31e	633fb10d1fb865897ce1441738c9ce4e4f03a8cfc08e0531e9e65cdd3297b31e
packages/database/src/repositories/gateway-ledger-settlement.ts	d7d43178fa21bc35cdc7cab3277915e42b216ea1be8813f5a5b575671a84b357	d7d43178fa21bc35cdc7cab3277915e42b216ea1be8813f5a5b575671a84b357
packages/database/src/repositories/gateway-ledger-terminal-rejection.ts	b3561dcae5fe141d6ffd0bd9aa0c29e74da6adfd6df377b345042cc549c99360	b3561dcae5fe141d6ffd0bd9aa0c29e74da6adfd6df377b345042cc549c99360
packages/database/src/repositories/gateway-ledger-types.ts	1d68b2e173d6d174114faf976bf8d4c8b99075a84bd82898ec3478f15d1ddda0	1d68b2e173d6d174114faf976bf8d4c8b99075a84bd82898ec3478f15d1ddda0
packages/database/src/repositories/grant-repository.ts	ee46896ba15601fb6fe68c9da5b5347117756bb934ff3fd332303356ca5e3f2d	ee46896ba15601fb6fe68c9da5b5347117756bb934ff3fd332303356ca5e3f2d
packages/database/src/repositories/key-repository.ts	b086bdec48653966c59e2ec9f5a7d1878f6ef3c54c7f5324d5985c80d52addbf	b086bdec48653966c59e2ec9f5a7d1878f6ef3c54c7f5324d5985c80d52addbf
packages/database/src/repositories/monthly-operating-cost.test.ts	0cd8afa874b2f7ac75ea5fb02f735a473043c41de44618d3be428ab9c422fe6a	0cd8afa874b2f7ac75ea5fb02f735a473043c41de44618d3be428ab9c422fe6a
packages/database/src/repositories/monthly-operating-cost.ts	17dc2ea7fcb7047853a952a7c760b2d5637337940d9c1828644e85476121491b	17dc2ea7fcb7047853a952a7c760b2d5637337940d9c1828644e85476121491b
packages/database/src/repositories/monthly-operating-summary.ts	6328a438f3649bb640573ea5695bb451eab8141dcb3b49e549f0667f13c0dbef	6328a438f3649bb640573ea5695bb451eab8141dcb3b49e549f0667f13c0dbef
packages/database/src/repositories/operating-analysis-purchases.ts	9f6fde6ffe76b035a613d929f8328b6b9a964213b7784345dc1e3a804df9a89e	9f6fde6ffe76b035a613d929f8328b6b9a964213b7784345dc1e3a804df9a89e
packages/database/src/repositories/operating-analysis-repository.ts	5e8531f3efadccf7e5019956e66d50735df33c2a165334011e42f98d85af13d4	5e8531f3efadccf7e5019956e66d50735df33c2a165334011e42f98d85af13d4
packages/database/src/repositories/operating-analysis-usage.ts	e547a356c586b15bc7db1b7c3c5224f57423f818447383319f54369187faae4e	e547a356c586b15bc7db1b7c3c5224f57423f818447383319f54369187faae4e
packages/database/src/repositories/operating-bill-account-aggregate.test.ts	810b1cfae85c2eb94416f0b868f084920815e79fd2cebe3bc33343c4013c56db	810b1cfae85c2eb94416f0b868f084920815e79fd2cebe3bc33343c4013c56db
packages/database/src/repositories/operating-bill-account-aggregate.ts	157fbc24c0246e8836143cd1554a0900f057ad143f610b6428ee2efce61e2543	157fbc24c0246e8836143cd1554a0900f057ad143f610b6428ee2efce61e2543
packages/database/src/repositories/operating-bill-account-detail.ts	28b1545168c289d646291e4f2455199a6dfadd1b9ae513e3ff4173ed99288b39	28b1545168c289d646291e4f2455199a6dfadd1b9ae513e3ff4173ed99288b39
packages/database/src/repositories/operating-bill-account-frozen-detail.ts	175cfba06dd19ef4e606a8eb178f94ead7d1a268dbd57383626695628386743e	175cfba06dd19ef4e606a8eb178f94ead7d1a268dbd57383626695628386743e
packages/database/src/repositories/operating-bill-account-frozen.ts	5681cba362cf4e275f539ab058ab70919e21ba87f0ade6c911a7e54869b8f89d	5681cba362cf4e275f539ab058ab70919e21ba87f0ade6c911a7e54869b8f89d
packages/database/src/repositories/operating-bill-account-live-detail.ts	2969dcc95f3254c388ea4b81a4c04ea2a4f38c94544f010c706a7935d5201e4b	2969dcc95f3254c388ea4b81a4c04ea2a4f38c94544f010c706a7935d5201e4b
packages/database/src/repositories/operating-bill-account-live.ts	1d5d1224509510d54ee03991816d5297b5f49bede9ee2d7d26077911c948e22b	1d5d1224509510d54ee03991816d5297b5f49bede9ee2d7d26077911c948e22b
packages/database/src/repositories/operating-bill-account-month-lines.ts	ca3e1d55948ce490215e219e346c388860dc8d18421d52cfa96befe98894d373	ca3e1d55948ce490215e219e346c388860dc8d18421d52cfa96befe98894d373
packages/database/src/repositories/operating-bill-account-repository.ts	9482ea105ad73ebf31b49a0b2dfbf324d9938ece908b9856205d1ae091930152	9482ea105ad73ebf31b49a0b2dfbf324d9938ece908b9856205d1ae091930152
packages/database/src/repositories/operating-bill-account-types.ts	58105b931050e51fdd642217348ec36699312b01d2710e3e1048567d604a00e1	58105b931050e51fdd642217348ec36699312b01d2710e3e1048567d604a00e1
packages/database/src/repositories/operating-bill-concurrency.test.ts	540d39bb53351d821af85a19618177b5c777c9ec9cb634a747bf2ebddf5041d2	540d39bb53351d821af85a19618177b5c777c9ec9cb634a747bf2ebddf5041d2
packages/database/src/repositories/operating-bill-concurrency.ts	3d43d91f07dc630f4f3f5fcbd34af8a8d4b5b5d693de6301040420c781369e85	3d43d91f07dc630f4f3f5fcbd34af8a8d4b5b5d693de6301040420c781369e85
packages/database/src/repositories/operating-bill-cost-quality.test.ts	1ce44453470123786bc0a95b12996348aab8c3cc0a5960b2e12c0dfd4ce21458	1ce44453470123786bc0a95b12996348aab8c3cc0a5960b2e12c0dfd4ce21458
packages/database/src/repositories/operating-bill-cost-quality.ts	49192a8183fcf3b0ee758c36ab558feb024aea72a2f7c528b44d8327f16d4dc3	49192a8183fcf3b0ee758c36ab558feb024aea72a2f7c528b44d8327f16d4dc3
packages/database/src/repositories/operating-bill-draft-policy.ts	aaa5d8723281414b45518f3fe4280794a297ea24213fb6e34b995ac33fdd84cc	aaa5d8723281414b45518f3fe4280794a297ea24213fb6e34b995ac33fdd84cc
packages/database/src/repositories/operating-bill-draft-rows.ts	e3bf2386b4a6d6b4bf20122b6a76e09722a4af2ab8e748c8b876d361d3fc6836	e3bf2386b4a6d6b4bf20122b6a76e09722a4af2ab8e748c8b876d361d3fc6836
packages/database/src/repositories/operating-bill-draft.ts	e172d8683121f966acdecac9a160c3cceab07382ab07a72e692dcaa62d8f197f	e172d8683121f966acdecac9a160c3cceab07382ab07a72e692dcaa62d8f197f
packages/database/src/repositories/operating-bill-errors.ts	b99bc601d942122f39dddc83aac8eb6c931ffa8c85c080b74f526e8ae39123d0	b99bc601d942122f39dddc83aac8eb6c931ffa8c85c080b74f526e8ae39123d0
packages/database/src/repositories/operating-bill-finance-projection.ts	b44eec00c1a4f698f393d87a38c1046a7339243621c2df2c5eec2d0ca87991f3	b44eec00c1a4f698f393d87a38c1046a7339243621c2df2c5eec2d0ca87991f3
packages/database/src/repositories/operating-bill-month.ts	cd288bd5175fd97a4acfe9ae930aadfda9a8382ebfa0203284f1216f7b9e168c	cd288bd5175fd97a4acfe9ae930aadfda9a8382ebfa0203284f1216f7b9e168c
packages/database/src/repositories/operating-bill-monthly-cost.test.ts	0f5e4205de283a5e253f9ef821bdf3f41aa5b842a849425910638783d3a216a4	0f5e4205de283a5e253f9ef821bdf3f41aa5b842a849425910638783d3a216a4
packages/database/src/repositories/operating-bill-monthly-cost.ts	db7e33e846476d5e49973ea0c71e2c20ae4d299306168c68106deb8c9993ea74	db7e33e846476d5e49973ea0c71e2c20ae4d299306168c68106deb8c9993ea74
packages/database/src/repositories/operating-bill-opening-balance.ts	7fe9a74058cf4913dcfcd8867dacae85e00dfd64e265534622d77686854a49a6	7fe9a74058cf4913dcfcd8867dacae85e00dfd64e265534622d77686854a49a6
packages/database/src/repositories/operating-bill-period.ts	e6406400034ba8324ab36b941ad95bc96825330848ea1ce3a7807b842fb66c8f	e6406400034ba8324ab36b941ad95bc96825330848ea1ce3a7807b842fb66c8f
packages/database/src/repositories/operating-bill-project-attribution.ts	5216571c9efb3cca7ca713d59e1cbbe6a486abef56a7a0c186ff1147a96ca0f2	5216571c9efb3cca7ca713d59e1cbbe6a486abef56a7a0c186ff1147a96ca0f2
packages/database/src/repositories/operating-bill-project-metadata.ts	597cfc9810cc9b9f620bedb845d82027e78c84f600cd1f4cb4afeb3c3168b830	597cfc9810cc9b9f620bedb845d82027e78c84f600cd1f4cb4afeb3c3168b830
packages/database/src/repositories/operating-bill-provider-evidence.ts	d010edea030e3c5a840c03c7a2e97ee6b94f8fd04479d458b35e6d555fb71c33	d010edea030e3c5a840c03c7a2e97ee6b94f8fd04479d458b35e6d555fb71c33
packages/database/src/repositories/operating-bill-read.ts	f2c3f0cb473f55581372754072a3308cbe2eb49e4f29568fadc6ceeddb3017d1	f2c3f0cb473f55581372754072a3308cbe2eb49e4f29568fadc6ceeddb3017d1
packages/database/src/repositories/operating-bill-repository.ts	6a78b3047c1ffb73d982f37c60c336c27ba834916242e524ce8d6925b0bcf522	6a78b3047c1ffb73d982f37c60c336c27ba834916242e524ce8d6925b0bcf522
packages/database/src/repositories/operating-bill-types.ts	5df4ec2430880bb2440af046f7dedf312b753362b13d6f4a37151f0ca7f32b2a	5df4ec2430880bb2440af046f7dedf312b753362b13d6f4a37151f0ca7f32b2a
packages/database/src/repositories/operating-bill-write-barrier.test.ts	e06abdb10cea6f10db46ceb2eecd32faa5f1b652b24271a2e0b4d938ec32e773	e06abdb10cea6f10db46ceb2eecd32faa5f1b652b24271a2e0b4d938ec32e773
packages/database/src/repositories/operating-bill-write-barrier.ts	4d25dbfa162796ab3c3b054995c6c6728337c811be60199e07ce28bbb78eafdc	4d25dbfa162796ab3c3b054995c6c6728337c811be60199e07ce28bbb78eafdc
packages/database/src/repositories/operating-consumption-filter.ts	344344c61d1e328083d66a5d50732adfdf852dbdb84c1783a21073029ecb2b2a	344344c61d1e328083d66a5d50732adfdf852dbdb84c1783a21073029ecb2b2a
packages/database/src/repositories/operating-department-accounts.ts	98a7c18b972672027cee760ca642f48f9ad6c78d68b9436df2a0db9b476b6a92	98a7c18b972672027cee760ca642f48f9ad6c78d68b9436df2a0db9b476b6a92
packages/database/src/repositories/operating-department-rules.ts	0b1023810e81aa7278ad6af091a4f3ddcaf7da60c1e046bb26d0e4c968ee8873	0b1023810e81aa7278ad6af091a4f3ddcaf7da60c1e046bb26d0e4c968ee8873
packages/database/src/repositories/operational-fault-repository.ts	294378f76eb585ba270159ad4f2f2d367e6ce223ad962c1f8a9d3e71c3ea04ed	294378f76eb585ba270159ad4f2f2d367e6ce223ad962c1f8a9d3e71c3ea04ed
packages/database/src/repositories/pool039-repositories.mutation.test.ts	02469f1a6c14d6c4a54b444fb46c6fb020f7a021253b52e6252db2c10e5953a4	02469f1a6c14d6c4a54b444fb46c6fb020f7a021253b52e6252db2c10e5953a4
packages/database/src/repositories/pricing-set-validation.test.ts	33e5a51f88b0ac9a8db5d579a106f73d7f64eb66646b2adfd25470288c6c5677	33e5a51f88b0ac9a8db5d579a106f73d7f64eb66646b2adfd25470288c6c5677
packages/database/src/repositories/pricing-set-validation.ts	52ca1ec370a894e664e6316000bd57765a99dc0a9ad4f04da60892fb5a51948e	52ca1ec370a894e664e6316000bd57765a99dc0a9ad4f04da60892fb5a51948e
packages/database/src/repositories/pricing-write-guard.ts	927811b0417219c894021371fd38784875c657df93204eeda76ee429af643179	927811b0417219c894021371fd38784875c657df93204eeda76ee429af643179
packages/database/src/repositories/principal-access-config-repository.mutation.test.ts	22e4f45e87348117ced6e0f73c02a2b442adda3574de2c3cc04da51fd66bfc25	22e4f45e87348117ced6e0f73c02a2b442adda3574de2c3cc04da51fd66bfc25
packages/database/src/repositories/principal-access-config-repository.test.ts	2a74e0597f31a9aed8e645759ea2659e87b4dd566e31fbbaeab2c73ec5ed8130	2a74e0597f31a9aed8e645759ea2659e87b4dd566e31fbbaeab2c73ec5ed8130
packages/database/src/repositories/principal-access-config-repository.ts	90a724dd70328822b0becad19eee6f7c2152e50110c0a484ee4d9518a04e215d	90a724dd70328822b0becad19eee6f7c2152e50110c0a484ee4d9518a04e215d
packages/database/src/repositories/principal-access-config-utils.ts	cbf8cb927f9069d3ffdea7d5cf9e0af1617e8490b2efadcbbaea63b57c32e623	cbf8cb927f9069d3ffdea7d5cf9e0af1617e8490b2efadcbbaea63b57c32e623
packages/database/src/repositories/principal-access-locks.mutation.test.ts	7d38594d19f8ef146464090161596a1179e23e26616f4e5492124d13652b098e	7d38594d19f8ef146464090161596a1179e23e26616f4e5492124d13652b098e
packages/database/src/repositories/principal-access-locks.ts	9509d77f75823132f0279615bd6777884642186e3863e973825272f27ecbb830	9509d77f75823132f0279615bd6777884642186e3863e973825272f27ecbb830
packages/database/src/repositories/principal-access-read-model.mutation.test.ts	18a6fe88453f3bcb81fdbc176d478931c3031cebe65a63d4a67159a6f653e560	18a6fe88453f3bcb81fdbc176d478931c3031cebe65a63d4a67159a6f653e560
packages/database/src/repositories/principal-access-read-model.ts	461d5e88b5b1bf54186b82d3d8bbe06e1a905df27decf35d67a3fdf1ba8edb79	461d5e88b5b1bf54186b82d3d8bbe06e1a905df27decf35d67a3fdf1ba8edb79
packages/database/src/repositories/principal-accounting.ts	298f63ed404e01086fbe324b23951030027ef5d8d8c9c1a8b75f118f597f2259	298f63ed404e01086fbe324b23951030027ef5d8d8c9c1a8b75f118f597f2259
packages/database/src/repositories/principal-attribution-backfill.ts	3a1ddf8d10bc473b8a32d88d9ea2074c341df10b151c5b313596dc5a7bd34438	3a1ddf8d10bc473b8a32d88d9ea2074c341df10b151c5b313596dc5a7bd34438
packages/database/src/repositories/principal-cleanup-preview.ts	c52ed94acb3ccc20d4b88e8c994f52c18677607e6da5e50d847470351742cfbc	c52ed94acb3ccc20d4b88e8c994f52c18677607e6da5e50d847470351742cfbc
packages/database/src/repositories/principal-department-query.ts	9d924c55788dbe2d15c07fdf6e19a9f1c6aea70b329938ec87917b6c72570a7f	9d924c55788dbe2d15c07fdf6e19a9f1c6aea70b329938ec87917b6c72570a7f
packages/database/src/repositories/principal-repository.ts	43fabf0c0c7f31b9015e2b7375676f6c8287bf52adc857ab04a3835ce7ebfff5	43fabf0c0c7f31b9015e2b7375676f6c8287bf52adc857ab04a3835ce7ebfff5
packages/database/src/repositories/principal-single-rule.ts	b6559f15aa7043119af6114c5766ba0d258497e5792bb39f8e3346b00b271656	b6559f15aa7043119af6114c5766ba0d258497e5792bb39f8e3346b00b271656
packages/database/src/repositories/provider-deletion.ts	b51e744995948cac122cb73a4d990f93ec43da3b9a1036da3f2b15a9a7667713	b51e744995948cac122cb73a4d990f93ec43da3b9a1036da3f2b15a9a7667713
packages/database/src/repositories/provider-finance-activation-coordinator.ts	98d76163063c45a4f21c8dc99fc1da4d2110ddc2a62298433ab83713a38e0159	98d76163063c45a4f21c8dc99fc1da4d2110ddc2a62298433ab83713a38e0159
packages/database/src/repositories/provider-finance-activation-facts.ts	460ccc2a108cec6c37d523656ef5a136302dbba32fd81c5047c181a1cd5e8937	460ccc2a108cec6c37d523656ef5a136302dbba32fd81c5047c181a1cd5e8937
packages/database/src/repositories/provider-finance-activation-preview.ts	cdcfe175bcdf1e18a7837b29ed58f45c2743d8e604ad758de32e87aa7449a034	cdcfe175bcdf1e18a7837b29ed58f45c2743d8e604ad758de32e87aa7449a034
packages/database/src/repositories/provider-finance-activation-repository.ts	1fae222fcd6d5aa5346343d5195675735371c257d77bad2504434ccc6a9cb696	1fae222fcd6d5aa5346343d5195675735371c257d77bad2504434ccc6a9cb696
packages/database/src/repositories/provider-finance-activation-types.ts	704a301ac12d4d75873d7c9e5bf63de1167515cb24e2c7d4949440cab422e165	704a301ac12d4d75873d7c9e5bf63de1167515cb24e2c7d4949440cab422e165
packages/database/src/repositories/provider-finance-activation-writes.ts	6fc51e54b25c35dc265a375bc53ca287ca2a8e0678bd3e0dbc3d58be22fb2bed	6fc51e54b25c35dc265a375bc53ca287ca2a8e0678bd3e0dbc3d58be22fb2bed
packages/database/src/repositories/provider-finance-balance-facts.ts	bfc0828faea2af8449ca0284316fa4f9b56203ea1aafd72f711d64f545003523	bfc0828faea2af8449ca0284316fa4f9b56203ea1aafd72f711d64f545003523
packages/database/src/repositories/provider-finance-balances.ts	e4ec31fa5497eb83526c03bbc8579c6e26863835f515b67002c695ed036fa89a	e4ec31fa5497eb83526c03bbc8579c6e26863835f515b67002c695ed036fa89a
packages/database/src/repositories/provider-finance-core.ts	90cb36eaae25a2e0a2bb6ec1c78a4cb7827f3bdbb8f79ec5875c373c8e1dae71	90cb36eaae25a2e0a2bb6ec1c78a4cb7827f3bdbb8f79ec5875c373c8e1dae71
packages/database/src/repositories/provider-finance-cutover-repository.ts	9e323c441255a7a91da68ee06dda519f073e59ed3bed4df4c9c499357805be77	9e323c441255a7a91da68ee06dda519f073e59ed3bed4df4c9c499357805be77
packages/database/src/repositories/provider-finance-cutover-types.ts	80044d4ad6692cfc7cade3b24bab5fe7bade12f754e7032025fb5bc86f271f09	80044d4ad6692cfc7cade3b24bab5fe7bade12f754e7032025fb5bc86f271f09
packages/database/src/repositories/provider-finance-events.ts	88244fccab7ed8c8cfae3a85c76b7f84f4d35dfba211c45591f26c56d84efba9	88244fccab7ed8c8cfae3a85c76b7f84f4d35dfba211c45591f26c56d84efba9
packages/database/src/repositories/provider-finance-gaps.test.ts	fd81c2f78f1e7325d0e5bd337013824eb583e60f41ddb33f9a9f3e6ba8520362	fd81c2f78f1e7325d0e5bd337013824eb583e60f41ddb33f9a9f3e6ba8520362
packages/database/src/repositories/provider-finance-gaps.ts	478aa6fa98778a2190b76d037fce7913dbbac67779bc199f5c887a12c4f788fa	478aa6fa98778a2190b76d037fce7913dbbac67779bc199f5c887a12c4f788fa
packages/database/src/repositories/provider-finance-legacy-resolution.ts	3adb3eb4c774fffa7c8285c2e93a91a98db55120f786b50f64140313ca267f24	3adb3eb4c774fffa7c8285c2e93a91a98db55120f786b50f64140313ca267f24
packages/database/src/repositories/provider-finance-month-opening.ts	3c7d21f8372c9f9d231a2964272186781f39a2e973943f2c43290380e462dcef	3c7d21f8372c9f9d231a2964272186781f39a2e973943f2c43290380e462dcef
packages/database/src/repositories/provider-finance-period-facts.ts	28e6e611937ebc65a43eeb1825354aa6d08f29d071a2aeab921fde779388377c	28e6e611937ebc65a43eeb1825354aa6d08f29d071a2aeab921fde779388377c
packages/database/src/repositories/provider-finance-quiescence.ts	fd8a3fd86ab5d870fb97fd080a132a4f04c7829a8a7ee4215e7d60d874cd3c30	fd8a3fd86ab5d870fb97fd080a132a4f04c7829a8a7ee4215e7d60d874cd3c30
packages/database/src/repositories/provider-finance-reconciliation.ts	c7a4784fe6147d8257a21c3814382babed37988e677516bb6ef8d7588e4302ea	c7a4784fe6147d8257a21c3814382babed37988e677516bb6ef8d7588e4302ea
packages/database/src/repositories/provider-finance-registered-history.ts	2adf546073a1a24040d248da05f89b1f0e6bf67c1b894e29679557ca022499d8	2adf546073a1a24040d248da05f89b1f0e6bf67c1b894e29679557ca022499d8
packages/database/src/repositories/provider-finance-renewal.ts	fb461629d850402778c5e4a099bd4e9a846c9952b405ebe9e2dd5cde244a7493	fb461629d850402778c5e4a099bd4e9a846c9952b405ebe9e2dd5cde244a7493
packages/database/src/repositories/provider-finance-repository.ts	b695536fffa6461c7efa64b997a0d2e4b255caa9b78d97f90b102927fb1c65ba	b695536fffa6461c7efa64b997a0d2e4b255caa9b78d97f90b102927fb1c65ba
packages/database/src/repositories/provider-finance-types.ts	d5b0a26b6d299c33ae47b4602d9ffc76b0fb991ec628e4609bece662ee44f98b	d5b0a26b6d299c33ae47b4602d9ffc76b0fb991ec628e4609bece662ee44f98b
packages/database/src/repositories/provider-finance-usage-backfill.ts	c10029ebe5ed97744660540a95a59a6191df5e9049baceeb199216afb6cfd8e3	c10029ebe5ed97744660540a95a59a6191df5e9049baceeb199216afb6cfd8e3
packages/database/src/repositories/provider-finance-usage-repairs.ts	269645d8644c2dd2a6d62e4ded14e6ee208fa428edf19e50506e8a3334378019	269645d8644c2dd2a6d62e4ded14e6ee208fa428edf19e50506e8a3334378019
packages/database/src/repositories/provider-model-discovery-repository.ts	815200bd271e288a1cb5f7d6795a14c5e74f51db2e8ada926f6d716a59821edc	815200bd271e288a1cb5f7d6795a14c5e74f51db2e8ada926f6d716a59821edc
packages/database/src/repositories/provider-model-utils.ts	443b994170debcbdda63bbe5402abcc39ea1774a994ad19126d8254f573fc835	443b994170debcbdda63bbe5402abcc39ea1774a994ad19126d8254f573fc835
packages/database/src/repositories/provider-operating-repository.ts	fc772bd09ac8ca71c383e3d816877ea6855f03ef202befd07eebcc5120006f8c	fc772bd09ac8ca71c383e3d816877ea6855f03ef202befd07eebcc5120006f8c
packages/database/src/repositories/provider-operating-snapshot-writer.ts	85d16c33e2f7b4a40d3e6cc951ab7be15306e37c3b740cd3a638cf2ebd4e964a	85d16c33e2f7b4a40d3e6cc951ab7be15306e37c3b740cd3a638cf2ebd4e964a
packages/database/src/repositories/provider-operating.test.ts	656014eea2f2d7c106fecdb6f7deb6b73ec907b3547e17461b3bd6215c9861f6	656014eea2f2d7c106fecdb6f7deb6b73ec907b3547e17461b3bd6215c9861f6
packages/database/src/repositories/provider-operating.ts	ae3ae8ebbe0f22d184faee31a74a70e931e36687f1f693a468284330b8bccdd7	ae3ae8ebbe0f22d184faee31a74a70e931e36687f1f693a468284330b8bccdd7
packages/database/src/repositories/provider-quota-window-repository.ts	7171dd3c893988c23268bb397c9d919e4893fba42c66b29481ce923e0f2da2a4	7171dd3c893988c23268bb397c9d919e4893fba42c66b29481ce923e0f2da2a4
packages/database/src/repositories/provider-repository.ts	2c56fe2e496a8fcd5479a5ddfcfdcb6fcf98032e95bd49195ff4c6e32721179c	2c56fe2e496a8fcd5479a5ddfcfdcb6fcf98032e95bd49195ff4c6e32721179c
packages/database/src/repositories/provider-types.ts	cfdcc05da3b803e108e81f9fece9189f7967f96901f20c87c425eaffbb730585	cfdcc05da3b803e108e81f9fece9189f7967f96901f20c87c425eaffbb730585
packages/database/src/repositories/quota-gate-repository.ts	16f9928299b4823934accc3d7778690fd134bf7d2df5aaeb8a9554f6619642e0	16f9928299b4823934accc3d7778690fd134bf7d2df5aaeb8a9554f6619642e0
packages/database/src/repositories/quota-pricing-configuration.ts	62a834cdc4154cf142a25ae2b8c7e27dfbe8803c0d148202b59ff87edaa5fc94	62a834cdc4154cf142a25ae2b8c7e27dfbe8803c0d148202b59ff87edaa5fc94
packages/database/src/repositories/reconciliation-repository.ts	45394e10f474f80a3dda8a0855f473e4ab88cfadad7616149933bb720dd23a69	45394e10f474f80a3dda8a0855f473e4ab88cfadad7616149933bb720dd23a69
packages/database/src/repositories/request-attribution-writer.ts	8b326ef80ba668c1e22997ee632c601677f037b07f3c1d2d1dfef12dbd72ea26	8b326ef80ba668c1e22997ee632c601677f037b07f3c1d2d1dfef12dbd72ea26
packages/database/src/repositories/resource-model-usage.ts	7787951f0ca775db068f3daf0d7e71dc10337f8814eb6d90d84478a255f7c595	7787951f0ca775db068f3daf0d7e71dc10337f8814eb6d90d84478a255f7c595
packages/database/src/repositories/resource-pool-repository.ts	864c48acd9871b14b43bab6055d2c3ea17923c58c8313a3651f42199519773fd	864c48acd9871b14b43bab6055d2c3ea17923c58c8313a3651f42199519773fd
packages/database/src/repositories/runtime-assurance-core.ts	340bfd1f6d1215f23191b0f4f826bae89e7d8936e4eccef62852709a2143dcef	340bfd1f6d1215f23191b0f4f826bae89e7d8936e4eccef62852709a2143dcef
packages/database/src/repositories/runtime-assurance-directory.ts	7dc75bff286cc135923dcfd45425f250d98b803c4275acd1e4dc855d38b093ff	7dc75bff286cc135923dcfd45425f250d98b803c4275acd1e4dc855d38b093ff
packages/database/src/repositories/runtime-assurance-events.ts	f0608109a9468df1889a1a1a319e287dc530a877f18e563edbb678c5304cccbb	f0608109a9468df1889a1a1a319e287dc530a877f18e563edbb678c5304cccbb
packages/database/src/repositories/runtime-assurance-repository.ts	0deb841299426da2e1968486282510fd46b5edec7c70d54087b808de0ed16603	0deb841299426da2e1968486282510fd46b5edec7c70d54087b808de0ed16603
packages/database/src/repositories/runtime-assurance-rules.ts	b9ece89e33b548db9534eda6810a9808b5810c41c492fd1d1fb1995f9a8235a5	b9ece89e33b548db9534eda6810a9808b5810c41c492fd1d1fb1995f9a8235a5
packages/database/src/repositories/subscription-period-attribution.ts	21e830c391ce6306e52ab0bae0422a6339419501307c59abe9aa820ae74ab3c1	21e830c391ce6306e52ab0bae0422a6339419501307c59abe9aa820ae74ab3c1
packages/database/src/repositories/subscription-renewal-calendar.test.ts	28130a8365a6a3693efbaa27817e5665503d82829f6bce0f1a6449a53fdcd508	28130a8365a6a3693efbaa27817e5665503d82829f6bce0f1a6449a53fdcd508
packages/database/src/repositories/subscription-renewal-calendar.ts	581adafb9b5c83fe29dd6fe0ab82072284447e4274c24eb60803c9f6ea0ed06e	581adafb9b5c83fe29dd6fe0ab82072284447e4274c24eb60803c9f6ea0ed06e
packages/database/src/repositories/supply-forecast-repository.ts	4eb39b2551060648ca5e4b11af99ec6b2617b7b43a8276d1df889710d97a4bd1	4eb39b2551060648ca5e4b11af99ec6b2617b7b43a8276d1df889710d97a4bd1
packages/database/src/repositories/usage-aggregate-rebuild.ts	39c44269a6ae25a97e2acec6ece1a41f6e2f564222022812217323a2132232dc	39c44269a6ae25a97e2acec6ece1a41f6e2f564222022812217323a2132232dc
packages/database/src/repositories/usage-aggregate-repository.ts	bed4dc6a2f4b36f30bafead774aa03ecce583d2e385721b5fa187aa2bed14427	bed4dc6a2f4b36f30bafead774aa03ecce583d2e385721b5fa187aa2bed14427
packages/database/src/repositories/usage-overview-facts.ts	bce1a15af003ee10a36396921906377c9ec9722b22c5cefc87c1d42fc9e50b08	bce1a15af003ee10a36396921906377c9ec9722b22c5cefc87c1d42fc9e50b08
packages/database/src/repositories/usage-overview-repository.ts	7311ac42fe94fd5695653ba9d06047c897f5fcf64e7913312d43f0d03f992cc6	7311ac42fe94fd5695653ba9d06047c897f5fcf64e7913312d43f0d03f992cc6
packages/database/src/repositories/usage-quality.test.ts	b8a4c5423bd8182de9fea4022a832daaf7370694c09103dd450c23ff3fc062e4	b8a4c5423bd8182de9fea4022a832daaf7370694c09103dd450c23ff3fc062e4
packages/database/src/repositories/usage-quality.ts	59bf2b4a4e09e6bb4450dac6355b2d6a53c203d15cf879c9bf01e3eb60a19bd4	59bf2b4a4e09e6bb4450dac6355b2d6a53c203d15cf879c9bf01e3eb60a19bd4
packages/database/src/repositories/usage-repository.ts	c41ae5ef8cd23fa8dfaac1882d5ef75eb8d38b5f78c2d941dc2922929907b5d1	c41ae5ef8cd23fa8dfaac1882d5ef75eb8d38b5f78c2d941dc2922929907b5d1
packages/database/stryker.pool029.config.json	3157f2e91bed6d07331b55ff4c98b48190d47d5a63e50a84eb02f215c266bd65	3157f2e91bed6d07331b55ff4c98b48190d47d5a63e50a84eb02f215c266bd65
packages/database/stryker.pool039.config.json	0f9423a856bb739eaed34043149df1ab32ec2b39ae5d9535067922e95e4a9a4d	0f9423a856bb739eaed34043149df1ab32ec2b39ae5d9535067922e95e4a9a4d
packages/database/stryker.pool039043-integration.config.json	018dca34dd3857142411301abdd732e7172e7a085725ab886abb95e292ed4de4	018dca34dd3857142411301abdd732e7172e7a085725ab886abb95e292ed4de4
packages/database/stryker.pool042-boundary.config.json	abd3bbb0e52e97d160a47e23de8350fdbb6c6c8511da87baf4857937b385f8df	abd3bbb0e52e97d160a47e23de8350fdbb6c6c8511da87baf4857937b385f8df
packages/database/stryker.pool042.config.json	5050e25bb70db6e831be5c64a40f67340e02469603d8e2fa9cd704618896a872	5050e25bb70db6e831be5c64a40f67340e02469603d8e2fa9cd704618896a872
packages/database/stryker.pool043-v22.config.json	3191b0eac6a8c02d4b297a931d03f2fa6b183b36a40cb30ae826221d20b66eb2	3191b0eac6a8c02d4b297a931d03f2fa6b183b36a40cb30ae826221d20b66eb2
packages/database/stryker.pool043.config.json	c7563507febaae40b902707f84813c5478a2cd752d3a3442df6036bf9272a357	c7563507febaae40b902707f84813c5478a2cd752d3a3442df6036bf9272a357
packages/database/stryker.w20.config.json	28455c8ade4f32d5075a16f27561c458aa1b825e040b570a43b0deb8948cf0a1	28455c8ade4f32d5075a16f27561c458aa1b825e040b570a43b0deb8948cf0a1
packages/database/tsconfig.json	6549f95182c0e522f6fe423f472e09a011e8bea22dd5a0654b0ad7cc67f172cb	6549f95182c0e522f6fe423f472e09a011e8bea22dd5a0654b0ad7cc67f172cb
packages/database/vitest.pool029.mutation.config.ts	e8e205e3dd31f30417cfe9280687e803b00da71d9796475c911197dd2a785365	e8e205e3dd31f30417cfe9280687e803b00da71d9796475c911197dd2a785365
packages/database/vitest.pool039.mutation.config.ts	fabbc88eb34a40cd8f14d921143456cf97318caf9a911c4c71081dd01f5d9937	fabbc88eb34a40cd8f14d921143456cf97318caf9a911c4c71081dd01f5d9937
packages/database/vitest.pool042.mutation.config.ts	ff8e4f86342f1e444ed8890fa57835b6bc77d26b8621742ecfd9ae474597cf1c	ff8e4f86342f1e444ed8890fa57835b6bc77d26b8621742ecfd9ae474597cf1c
packages/database/vitest.pool043-v22.mutation.config.ts	b9da38a50dd9a37998a2fc7b29cffe31ae784e218c20f2078b72f3f66e02bb48	b9da38a50dd9a37998a2fc7b29cffe31ae784e218c20f2078b72f3f66e02bb48
packages/database/vitest.pool043.mutation.config.ts	416894b7a4548d1a5201c2baaf29f55a386e0ff8daedc703dad484665a19d9eb	416894b7a4548d1a5201c2baaf29f55a386e0ff8daedc703dad484665a19d9eb
packages/database/vitest.w20.mutation.config.ts	2d07bca70c181fb3e336a55cea9664eb9b631c4966397a702c4b36b3be42eb6f	2d07bca70c181fb3e336a55cea9664eb9b631c4966397a702c4b36b3be42eb6f
packages/domain/package.json	c5dcf18e5187307f0f772349f7ac40907815858f60e6e7d479dec52b29fe49d4	c5dcf18e5187307f0f772349f7ac40907815858f60e6e7d479dec52b29fe49d4
packages/domain/reports/mutation/mutation.html	a3fd08e9cc4e04dcc07580650df417757644d60b7e17fd1ece29404f70d921b9	a3fd08e9cc4e04dcc07580650df417757644d60b7e17fd1ece29404f70d921b9
packages/domain/reports/mutation/mutation.json	c4681ca0dc48f5a1360d13773e03490983a170161088da3fc93c7eae264c1916	c4681ca0dc48f5a1360d13773e03490983a170161088da3fc93c7eae264c1916
packages/domain/src/__tests__/api-multiplier.test.ts	cd973e3d473602694e6f61110982045273e0e616cfcd24e28068fadf306e05ae	cd973e3d473602694e6f61110982045273e0e616cfcd24e28068fadf306e05ae
packages/domain/src/__tests__/billing-rule.test.ts	d8320c1383859b92fd22b2ab1416e2052c359497c561aab67d45f21c5a38df5b	d8320c1383859b92fd22b2ab1416e2052c359497c561aab67d45f21c5a38df5b
packages/domain/src/__tests__/client-identity.test.ts	f36f23b5f0006e0043abeec08be81ba6a7d6c7f1a57d340bf098f9c1d25b6e61	f36f23b5f0006e0043abeec08be81ba6a7d6c7f1a57d340bf098f9c1d25b6e61
packages/domain/src/__tests__/dispatch-policy.test.ts	cf564fffbbac61a24312edec16450a066e284c8fda23f1ece2c23a10b714a575	cf564fffbbac61a24312edec16450a066e284c8fda23f1ece2c23a10b714a575
packages/domain/src/__tests__/domain.test.ts	d8ed918bd1e7f8fdf65ed94b74285b3a0788c900f0eb414ba8c8e40b39426482	d8ed918bd1e7f8fdf65ed94b74285b3a0788c900f0eb414ba8c8e40b39426482
packages/domain/src/__tests__/provider-finance-activation-projection.test.ts	49fe2ab97788dd076c5c4a7b61181787157d82046745d1bb4631d9016fe323ec	49fe2ab97788dd076c5c4a7b61181787157d82046745d1bb4631d9016fe323ec
packages/domain/src/__tests__/provider-finance-activation.test.ts	8a18b4980563caa8d36cd10916e6e4b4aa12eb240b636c14605eb46fb05f94b6	8a18b4980563caa8d36cd10916e6e4b4aa12eb240b636c14605eb46fb05f94b6
packages/domain/src/__tests__/quota-gate.test.ts	2afaa8295d6b8df50ccbdc884484612eccd43cdbcb7251fea6c4f45d60645823	2afaa8295d6b8df50ccbdc884484612eccd43cdbcb7251fea6c4f45d60645823
packages/domain/src/__tests__/reconciliation.test.ts	081c93495a74908332605ce0b20cab258c8de9afdae8434155b6258d1248d002	081c93495a74908332605ce0b20cab258c8de9afdae8434155b6258d1248d002
packages/domain/src/__tests__/resource-lifecycle.test.ts	2bc973eaa85fea5ac24bb9f5946f670138a0aef784029943a6ad0b6a303b33ca	2bc973eaa85fea5ac24bb9f5946f670138a0aef784029943a6ad0b6a303b33ca
packages/domain/src/__tests__/routing-policy.test.ts	c23a5f6b5ef48b14da3479818a2316a07045a436489168374f888c280a2ea37c	c23a5f6b5ef48b14da3479818a2316a07045a436489168374f888c280a2ea37c
packages/domain/src/__tests__/runtime-assurance.test.ts	30df297fa849597973aefca9a7b6a2b5b465ec4c76a1b41507ded38789e0c70a	30df297fa849597973aefca9a7b6a2b5b465ec4c76a1b41507ded38789e0c70a
packages/domain/src/__tests__/supply-forecast.test.ts	e3b9a2cfa2f88afefd8ef54206f89c2862f6c8f4b537ebcb4c43c2ab44643625	e3b9a2cfa2f88afefd8ef54206f89c2862f6c8f4b537ebcb4c43c2ab44643625
packages/domain/src/billing-rule.ts	83e50ece96cea0bd143289d3e5a206ac6324e4031c47845255d02bcd1c801475	83e50ece96cea0bd143289d3e5a206ac6324e4031c47845255d02bcd1c801475
packages/domain/src/client-identity.ts	0e599422b91cd0c6d79b361d6b0a10c40b0cbe137d54f72bc7a117083855f296	0e599422b91cd0c6d79b361d6b0a10c40b0cbe137d54f72bc7a117083855f296
packages/domain/src/dispatch-policy.ts	cadf21bc1c2ec3cb8d9964f918e0988efb90d1c55cf657299a069c0e37b1ecaf	cadf21bc1c2ec3cb8d9964f918e0988efb90d1c55cf657299a069c0e37b1ecaf
packages/domain/src/index.ts	5c9a9cfba721c94a8ea4d1e724ba00b676214b239515e37330889028674b8e03	5c9a9cfba721c94a8ea4d1e724ba00b676214b239515e37330889028674b8e03
packages/domain/src/model-display-name.ts	3cf1a27f7513716fdf75788dec45c292813480092832bef3f796f12bc3609995	3cf1a27f7513716fdf75788dec45c292813480092832bef3f796f12bc3609995
packages/domain/src/provider-finance-activation-projection.ts	eec28b0789a261c254c4099f0fe6607e95c5b8c3068530b082659b53938c56ac	eec28b0789a261c254c4099f0fe6607e95c5b8c3068530b082659b53938c56ac
packages/domain/src/provider-finance-activation.ts	9505cb000478760067f156f8d9f0fa75b02d4ecbb9a1a994280949d2090d96fc	9505cb000478760067f156f8d9f0fa75b02d4ecbb9a1a994280949d2090d96fc
packages/domain/src/provider-finance-balance-components.ts	c96c7dc2ee11dde793f29d09dbeeb73e1372b20f7d0b9e967d438a3d968375a8	c96c7dc2ee11dde793f29d09dbeeb73e1372b20f7d0b9e967d438a3d968375a8
packages/domain/src/quota-gate.ts	c532ba01b680de599295bc7dff12262e8ac2d80acf6451d115618558cd527cca	c532ba01b680de599295bc7dff12262e8ac2d80acf6451d115618558cd527cca
packages/domain/src/reconciliation.ts	9166600fb05610d6c580ced53c141482f6a565c882eb7493c1d10a8d8e96eaed	9166600fb05610d6c580ced53c141482f6a565c882eb7493c1d10a8d8e96eaed
packages/domain/src/resource-lifecycle.ts	0628fbda9c83cf12e0559a7b1e09ecc81fe32ba1510a25b60db475b94daa7f4e	0628fbda9c83cf12e0559a7b1e09ecc81fe32ba1510a25b60db475b94daa7f4e
packages/domain/src/routing-policy.ts	876c570ba8ed406faced6feb97be99f9b0ef24d9822d12eec8063e1135b94c63	876c570ba8ed406faced6feb97be99f9b0ef24d9822d12eec8063e1135b94c63
packages/domain/src/runtime-assurance.ts	43a4012d7e02cec1d8b1213c149eb49d73a48052f95a53a5140e47bc46e4d944	43a4012d7e02cec1d8b1213c149eb49d73a48052f95a53a5140e47bc46e4d944
packages/domain/src/supply-forecast.ts	04abfab0fc02e27f12c71297e4b349484382e09fedd0b06557d47113a908a72b	04abfab0fc02e27f12c71297e4b349484382e09fedd0b06557d47113a908a72b
packages/domain/stryker.config.json	c8a99caaf67c676402808c7a22671b5c035130b9a2aa6937af284007a049f849	c8a99caaf67c676402808c7a22671b5c035130b9a2aa6937af284007a049f849
packages/domain/tsconfig.json	6549f95182c0e522f6fe423f472e09a011e8bea22dd5a0654b0ad7cc67f172cb	6549f95182c0e522f6fe423f472e09a011e8bea22dd5a0654b0ad7cc67f172cb
packages/domain/vitest.mutation.config.ts	2cfe3513ba523ccaef44c5045f67b0e69ce9328a9e00240f818f151dbfed9056	2cfe3513ba523ccaef44c5045f67b0e69ce9328a9e00240f818f151dbfed9056
packages/observability/package.json	09d366c4ab6614cb220285886a021f89c3650d2a24419fcd4c1c25ac1eb6f0fe	09d366c4ab6614cb220285886a021f89c3650d2a24419fcd4c1c25ac1eb6f0fe
packages/observability/src/__tests__/graceful-shutdown.test.ts	807d12bb1f4b9d3a46ea63019b120a9f104937c05747115187984e577972fd90	807d12bb1f4b9d3a46ea63019b120a9f104937c05747115187984e577972fd90
packages/observability/src/__tests__/logger.test.ts	df4747ae865bcefb4c36ab8cf053c0dce56d163fbd6c0b67696b45ca61fa0a20	df4747ae865bcefb4c36ab8cf053c0dce56d163fbd6c0b67696b45ca61fa0a20
packages/observability/src/canary.ts	f5c60362d097b73739ada1f8af98626fa40dbbae48f503bd98ca21dbb780dbf2	f5c60362d097b73739ada1f8af98626fa40dbbae48f503bd98ca21dbb780dbf2
packages/observability/src/cli/evidence-canary.ts	23686cd6aefc1f49d8a92b1a56f7f254cf21358ed6a50fbaf3f786a5a8241f37	23686cd6aefc1f49d8a92b1a56f7f254cf21358ed6a50fbaf3f786a5a8241f37
packages/observability/src/graceful-shutdown.ts	c95dfe6e42ad75fee90143923a93e9a35e10ca68cb92982f367461ae084e2bf5	c95dfe6e42ad75fee90143923a93e9a35e10ca68cb92982f367461ae084e2bf5
packages/observability/src/index.ts	36163cd58aeece74ec9a434d9be552e87b7f079d9491c775a4c46b09da418791	36163cd58aeece74ec9a434d9be552e87b7f079d9491c775a4c46b09da418791
packages/observability/src/logger.ts	06448b842596659db97af60352a8e977906709b8bc024ed09b3744c6d5e51bce	06448b842596659db97af60352a8e977906709b8bc024ed09b3744c6d5e51bce
packages/observability/src/pg-canary-sink.ts	b6f0a7ba530584ed164563ffcc52028385db4d19753e8826e82f7ad856c91fcc	b6f0a7ba530584ed164563ffcc52028385db4d19753e8826e82f7ad856c91fcc
packages/observability/tsconfig.json	6549f95182c0e522f6fe423f472e09a011e8bea22dd5a0654b0ad7cc67f172cb	6549f95182c0e522f6fe423f472e09a011e8bea22dd5a0654b0ad7cc67f172cb
packages/provider-adapters/package.json	d5d3834b56608f3685c87d8acab6fea91e67bffa9ed79c40c196db7606968672	d5d3834b56608f3685c87d8acab6fea91e67bffa9ed79c40c196db7606968672
packages/provider-adapters/reports/mutation/pool021-r2.json	740bcd1f15944475668aedf31155f91300fb3603c024e3574a6d965791fc4171	740bcd1f15944475668aedf31155f91300fb3603c024e3574a6d965791fc4171
packages/provider-adapters/reports/mutation/pool048.json	7c3bdad75a063983f4454aae3b6453aa5960b31513c486c2b65166e57c5bee3e	7c3bdad75a063983f4454aae3b6453aa5960b31513c486c2b65166e57c5bee3e
packages/provider-adapters/src/__tests-integration__/openai-compatible-http.test.ts	198add9d5cab7f2c190ef94f76d0a7f312e9e248d25459f3b38a2219d3a50a9e	198add9d5cab7f2c190ef94f76d0a7f312e9e248d25459f3b38a2219d3a50a9e
packages/provider-adapters/src/__tests__/coding-plan-quota.test.ts	2c606d4d1846c2c1a47ef6ff01c085c18533ceac975c1b338737714cd2f9d487	2c606d4d1846c2c1a47ef6ff01c085c18533ceac975c1b338737714cd2f9d487
packages/provider-adapters/src/__tests__/deepseek-adapter.test.ts	a822b101bbbd644957fa4e259361a09af7fe6690664bea78fd2b09d248c819cd	a822b101bbbd644957fa4e259361a09af7fe6690664bea78fd2b09d248c819cd
packages/provider-adapters/src/__tests__/deepseek-model-version.test.ts	4e2d921c4db8cf9040302d02ca68e745b1d791fedcd055e51d366d61c6d738c4	4e2d921c4db8cf9040302d02ca68e745b1d791fedcd055e51d366d61c6d738c4
packages/provider-adapters/src/__tests__/endpoint-policy.test.ts	f9e2f2d899a78fb485f81ac7f1d42d1fc06b42fee6006d187bc73a6ebf81413d	f9e2f2d899a78fb485f81ac7f1d42d1fc06b42fee6006d187bc73a6ebf81413d
packages/provider-adapters/src/__tests__/image-audit-boundaries.test.ts	5c220a1482fba91623ef5c45e4cef87561b6527ddc06e6c0885b4643a87711c7	5c220a1482fba91623ef5c45e4cef87561b6527ddc06e6c0885b4643a87711c7
packages/provider-adapters/src/__tests__/kimi-adapter.test.ts	66c56eabc15a9fb7e10161611e1b5cd99ad019b8d22a783585630eca45ee8b82	66c56eabc15a9fb7e10161611e1b5cd99ad019b8d22a783585630eca45ee8b82
packages/provider-adapters/src/__tests__/model-discovery.test.ts	8290915669b6e5c1af220938570338b7f82f866d438cb0412e3af488290c94f6	8290915669b6e5c1af220938570338b7f82f866d438cb0412e3af488290c94f6
packages/provider-adapters/src/__tests__/model-image-capability.test.ts	420d79adf0f79a49afd3b8b8fb61a4269ec06b731bd8955fd5aeb10e45fb994e	420d79adf0f79a49afd3b8b8fb61a4269ec06b731bd8955fd5aeb10e45fb994e
packages/provider-adapters/src/__tests__/model-validation.test.ts	617ee53679c9947d8b1eb7b15ea64a25d2387e1c837a3d0704a866ae242bc6f8	617ee53679c9947d8b1eb7b15ea64a25d2387e1c837a3d0704a866ae242bc6f8
packages/provider-adapters/src/__tests__/openai-compatible-caller.test.ts	22abb072b9e27b3339346980ee8ed24eb072bb5b3befd5c439888fd1f30ab9a5	22abb072b9e27b3339346980ee8ed24eb072bb5b3befd5c439888fd1f30ab9a5
packages/provider-adapters/src/__tests__/provider-operating-facts.test.ts	041f50990135d05610da40c41320fd474071bb45a5a8c3ce14eb12324f829915	041f50990135d05610da40c41320fd474071bb45a5a8c3ce14eb12324f829915
packages/provider-adapters/src/__tests__/resource-timeout-policy.test.ts	0522b9e0cf10d429ccfbfbeba7c9b20885ffee0ab287defb7e53a48820bacd9b	0522b9e0cf10d429ccfbfbeba7c9b20885ffee0ab287defb7e53a48820bacd9b
packages/provider-adapters/src/__tests__/secret-value.test.ts	04c7022492eac61b61da0dda22e06c15cdac84aa2e9237a44109083da4f477a1	04c7022492eac61b61da0dda22e06c15cdac84aa2e9237a44109083da4f477a1
packages/provider-adapters/src/__tests__/upstream-error-evidence.test.ts	5e1e125a03811f91c7dcfd7b9ee9c259c6566aacc73f01aabf788d6c57eb0fac	5e1e125a03811f91c7dcfd7b9ee9c259c6566aacc73f01aabf788d6c57eb0fac
packages/provider-adapters/src/__tests__/wecom-crypto.test.ts	45f8ec64dc7b16d0528ce675f191197d6252abc3a0d5080d02304f3ae3da7f22	45f8ec64dc7b16d0528ce675f191197d6252abc3a0d5080d02304f3ae3da7f22
packages/provider-adapters/src/__tests__/zhipu-adapter.test.ts	bb91aef5351872a35a251a758204c100c5b5d545b4c84fa24732e130a40db8ed	bb91aef5351872a35a251a758204c100c5b5d545b4c84fa24732e130a40db8ed
packages/provider-adapters/src/adapters/deepseek-adapter.ts	5ec3004eaf08398fa418c1331d4ff04bfb268cec48842f5c598820c9ffe1975a	5ec3004eaf08398fa418c1331d4ff04bfb268cec48842f5c598820c9ffe1975a
packages/provider-adapters/src/adapters/kimi-adapter.ts	6853a250a944cd84bf79f8193f3a0b49368337a6bbfb9ee843bb459354aa5955	6853a250a944cd84bf79f8193f3a0b49368337a6bbfb9ee843bb459354aa5955
packages/provider-adapters/src/adapters/stub-upstream.ts	3ad304b1fb9ee04e3e80d1d2ed596b2a3397508be2a1ee5e324ce504afa1aec6	3ad304b1fb9ee04e3e80d1d2ed596b2a3397508be2a1ee5e324ce504afa1aec6
packages/provider-adapters/src/adapters/zhipu-adapter.ts	43be4b7387734439cdfc83565ad074d6c4f0c9d7ab85f4f9ea39cdde6beb83fa	43be4b7387734439cdfc83565ad074d6c4f0c9d7ab85f4f9ea39cdde6beb83fa
packages/provider-adapters/src/coding-plan-quota.ts	ea7dd32528bc2dec92028d563393674a2204198aa9f449cbb7aa256be299ca1c	ea7dd32528bc2dec92028d563393674a2204198aa9f449cbb7aa256be299ca1c
packages/provider-adapters/src/crypto.ts	74c9d3a28e27b65f1687ecfdfcdd4cc3b26c9cb49437b33594374a7d114c794d	74c9d3a28e27b65f1687ecfdfcdd4cc3b26c9cb49437b33594374a7d114c794d
packages/provider-adapters/src/deepseek-model-version.ts	1c1d46601b60f6bac294296b0a7880657299f7f78ffdb5d00d35b3154aaf4a22	1c1d46601b60f6bac294296b0a7880657299f7f78ffdb5d00d35b3154aaf4a22
packages/provider-adapters/src/endpoint-policy.ts	2dd7146817a447653464775681d88743d446a2d136de49770ef5c197ff0c4992	2dd7146817a447653464775681d88743d446a2d136de49770ef5c197ff0c4992
packages/provider-adapters/src/index.ts	db0ae8d5833b54fec3a5ea42b6bfeb0d0bf58f63320c6937c536745eb239f6da	db0ae8d5833b54fec3a5ea42b6bfeb0d0bf58f63320c6937c536745eb239f6da
packages/provider-adapters/src/known-providers.ts	d6dbff1451404476db9e6594757cab34d8142d35ed10ad765c717d08657b54ec	d6dbff1451404476db9e6594757cab34d8142d35ed10ad765c717d08657b54ec
packages/provider-adapters/src/model-discovery-contract.ts	13c26c10dffc0f15b7b62d9bd0828ceda5cf800d567ac195a0d73f4cc3e3f673	13c26c10dffc0f15b7b62d9bd0828ceda5cf800d567ac195a0d73f4cc3e3f673
packages/provider-adapters/src/model-discovery-parser.ts	8f8d744c564f32dff69959fca5877276ba6b9727398b0488e862fa80ab679aba	8f8d744c564f32dff69959fca5877276ba6b9727398b0488e862fa80ab679aba
packages/provider-adapters/src/model-discovery.ts	593f3d8cd562f9bf8e09b92b1c8e320eb1912ce9a86d40289ffae01a50b8705d	593f3d8cd562f9bf8e09b92b1c8e320eb1912ce9a86d40289ffae01a50b8705d
packages/provider-adapters/src/model-image-capability.ts	0046a08ebbf3aeae174f2d5ca0a2c697b1141baabdadba18af8670b976366e93	0046a08ebbf3aeae174f2d5ca0a2c697b1141baabdadba18af8670b976366e93
packages/provider-adapters/src/model-validation.ts	11083a072207119b2516bde661e57ad7cb2166a45e90181f8cb0a1c863b96b52	11083a072207119b2516bde661e57ad7cb2166a45e90181f8cb0a1c863b96b52
packages/provider-adapters/src/openai-compatible-caller.ts	e73437df372e9bad1f5dd4ccb6074da3b2b3d0e08390fa21d6e81bf83a5fcb99	e73437df372e9bad1f5dd4ccb6074da3b2b3d0e08390fa21d6e81bf83a5fcb99
packages/provider-adapters/src/openai-compatible-conversion.ts	07d741cecc624f6561ece2fe954cdf7b6cb05ddc14caa55a3af9cbe8c881518c	07d741cecc624f6561ece2fe954cdf7b6cb05ddc14caa55a3af9cbe8c881518c
packages/provider-adapters/src/openai-compatible-request.ts	763fdddf560bea0f64babc707e09acc068f424ceb59f290d98dcc414239824f6	763fdddf560bea0f64babc707e09acc068f424ceb59f290d98dcc414239824f6
packages/provider-adapters/src/openai-compatible-response.ts	2ad4dbd51141639c27b8daf688902b6024260e522cb6509d454328bd229974d2	2ad4dbd51141639c27b8daf688902b6024260e522cb6509d454328bd229974d2
packages/provider-adapters/src/openai-compatible-timeout.ts	e2e2cbec1eea14438e18c6ee617b4667d6417ecbaea9b2a68feab6b022174347	e2e2cbec1eea14438e18c6ee617b4667d6417ecbaea9b2a68feab6b022174347
packages/provider-adapters/src/openai-compatible-types.ts	cf89699fb570e117d2339dd030072063830dc2c7e1f5432cc5571b98c3cfc113	cf89699fb570e117d2339dd030072063830dc2c7e1f5432cc5571b98c3cfc113
packages/provider-adapters/src/provider-code.ts	b91e88621a75172284ef56d137673050384aac7947aa2f940e851d5df4207829	b91e88621a75172284ef56d137673050384aac7947aa2f940e851d5df4207829
packages/provider-adapters/src/provider-operating-facts.ts	67c961ebcfabd16f6ee00960173e50284ae6475dd0145866a6edea3bb8725251	67c961ebcfabd16f6ee00960173e50284ae6475dd0145866a6edea3bb8725251
packages/provider-adapters/src/resource-timeout-policy.ts	a116a2fae3a1b403192e2d1010f46689dfda8658235de6abd968d9c6d8838a7d	a116a2fae3a1b403192e2d1010f46689dfda8658235de6abd968d9c6d8838a7d
packages/provider-adapters/src/secret-value.ts	55a2080b26d84ea82a389efa238422d637449a04dbe49516647f19fdd184a07c	55a2080b26d84ea82a389efa238422d637449a04dbe49516647f19fdd184a07c
packages/provider-adapters/src/upstream-error-evidence.ts	e3be1c2da60247b236f814cd74a7880bdf241687d2603b606348aa8e85f9788e	e3be1c2da60247b236f814cd74a7880bdf241687d2603b606348aa8e85f9788e
packages/provider-adapters/src/upstream-failure.ts	3639d9489060cc0099d8045c00549bce5bda0cbecb6ca3d7a4a41edec26d7495	3639d9489060cc0099d8045c00549bce5bda0cbecb6ca3d7a4a41edec26d7495
packages/provider-adapters/src/wecom-crypto.ts	bdcd94a8bb239b8b09b465f7bf656aaa03d24bbf33b8082f6cf0be013cc6128c	bdcd94a8bb239b8b09b465f7bf656aaa03d24bbf33b8082f6cf0be013cc6128c
packages/provider-adapters/stryker.pool021-r2.config.json	947d0989308081b48db2f0bdc935d54bddae3faa657e2539bb5d0cc7592f5978	947d0989308081b48db2f0bdc935d54bddae3faa657e2539bb5d0cc7592f5978
packages/provider-adapters/stryker.pool030.config.json	50b177e71084b49b5043f008e31d601cf00415637a82e785b8bee1f138e7d1ab	50b177e71084b49b5043f008e31d601cf00415637a82e785b8bee1f138e7d1ab
packages/provider-adapters/stryker.pool048.config.json	b9f89812a40842d1d54e7ad63504ae5e39212f8feba0377c2028d83025d73714	b9f89812a40842d1d54e7ad63504ae5e39212f8feba0377c2028d83025d73714
packages/provider-adapters/tsconfig.json	6549f95182c0e522f6fe423f472e09a011e8bea22dd5a0654b0ad7cc67f172cb	6549f95182c0e522f6fe423f472e09a011e8bea22dd5a0654b0ad7cc67f172cb
packages/provider-adapters/vitest.pool021-r2.mutation.config.ts	ad7eee2432bb4a8c5c272b7867108fb6439bba6d1c51f861a3f52a9353835cf2	ad7eee2432bb4a8c5c272b7867108fb6439bba6d1c51f861a3f52a9353835cf2
packages/provider-adapters/vitest.pool030.config.ts	d8010b34bb06837183a65febcc1b6fb4cb08e596a306cda9b7f9e174b789bf2f	d8010b34bb06837183a65febcc1b6fb4cb08e596a306cda9b7f9e174b789bf2f
packages/provider-adapters/vitest.pool030.mutation.config.ts	e4158eb1f3b0094144e79d28f5909536c89e6fdf5dc29716f6e69115957bdca9	e4158eb1f3b0094144e79d28f5909536c89e6fdf5dc29716f6e69115957bdca9
packages/provider-adapters/vitest.pool048.mutation.config.ts	dedf754d0a70266b01c324f3a23c71ec04e33c4dc736d46622d10e2b99550dce	dedf754d0a70266b01c324f3a23c71ec04e33c4dc736d46622d10e2b99550dce
packages/testing/package.json	4d2f4bcc9f6ad9bacd94e27555c62129df5b7cfc9c742d3ea4eed3fbb7042dec	4d2f4bcc9f6ad9bacd94e27555c62129df5b7cfc9c742d3ea4eed3fbb7042dec
packages/testing/src/index.ts	a097919c94ad0cfe80e03481a76ee8786bb63e7074bd9cb265043ccf3809ff90	a097919c94ad0cfe80e03481a76ee8786bb63e7074bd9cb265043ccf3809ff90
packages/testing/src/postgres-container.ts	48a3a7f315cdaf37daf0352ead9fd24e0aa55f1230ba207fe53d9458abd0f122	48a3a7f315cdaf37daf0352ead9fd24e0aa55f1230ba207fe53d9458abd0f122
packages/testing/src/redis-container.ts	186a5817ed59d82807b695c9ef3700e8eca7963352357d21a01787dc37b9224e	186a5817ed59d82807b695c9ef3700e8eca7963352357d21a01787dc37b9224e
packages/testing/tsconfig.json	6549f95182c0e522f6fe423f472e09a011e8bea22dd5a0654b0ad7cc67f172cb	6549f95182c0e522f6fe423f472e09a011e8bea22dd5a0654b0ad7cc67f172cb
pnpm-lock.yaml	2a169b16c2ec2a7912ac4db68f2c4137b63a461f09835f1ed949509a90bc5412	2a169b16c2ec2a7912ac4db68f2c4137b63a461f09835f1ed949509a90bc5412
pnpm-workspace.yaml	16d3ae2e43b2eae1fa14c02941e308c146e81a837ec932f8d0696e93baa76213	16d3ae2e43b2eae1fa14c02941e308c146e81a837ec932f8d0696e93baa76213
tsconfig.base.json	642c04e4731554187160a26ee1de2c0ed971125e782cd19f9757bdca9a97c74d	642c04e4731554187160a26ee1de2c0ed971125e782cd19f9757bdca9a97c74d
